2025-02-23 10:39:14,716 - app.database.requests - ERROR - update_admin_and_get: 'NoneType' object has no attribute 'tg_name'
2025-02-23 10:39:14,717 - app.user - ERROR - cannot unpack non-iterable NoneType object
2025-02-25 07:27:49,405 - app.user - CRITICAL - РљСѓРёР°РіС‹
2025-02-25 07:30:00,137 - app.database.requests - ERROR - update_admin_and_get: 'NoneType' object has no attribute 'tg_name'
2025-02-25 07:30:00,138 - app.user - ERROR - cannot unpack non-iterable NoneType object
2025-02-25 14:38:31,552 - aiogram.dispatcher - ERROR - Failed to fetch updates - TelegramNetworkError: HTTP Client says - ServerDisconnectedError: Server disconnected
2025-02-25 14:51:37,215 - aiogram.dispatcher - ERROR - Failed to fetch updates - TelegramNetworkError: HTTP Client says - ServerDisconnectedError: Server disconnected
2025-02-25 14:51:58,520 - aiogram.dispatcher - ERROR - Failed to fetch updates - TelegramNetworkError: HTTP Client says - ServerDisconnectedError: Server disconnected
2025-02-25 15:48:30,873 - aiogram.dispatcher - ERROR - Failed to fetch updates - TelegramNetworkError: HTTP Client says - ServerDisconnectedError: Server disconnected
2025-02-26 09:59:59,490 - aiogram.dispatcher - ERROR - Failed to fetch updates - TelegramNetworkError: HTTP Client says - ServerDisconnectedError: Server disconnected
2025-02-26 14:25:10,885 - aiogram.dispatcher - ERROR - Failed to fetch updates - TelegramNetworkError: HTTP Client says - ServerDisconnectedError: Server disconnected
2025-02-26 14:34:45,330 - aiogram.dispatcher - ERROR - Failed to fetch updates - TelegramNetworkError: HTTP Client says - ServerDisconnectedError: Server disconnected
2025-02-26 16:11:29,205 - app.database.requests - ERROR - update_admin_and_get: 'NoneType' object has no attribute 'tg_name'
2025-02-26 16:11:29,205 - app.user - ERROR - cannot unpack non-iterable NoneType object
2025-02-26 21:07:15,204 - aiogram.dispatcher - ERROR - Failed to fetch updates - TelegramNetworkError: HTTP Client says - ServerDisconnectedError: Server disconnected
2025-02-27 07:01:16,664 - aiogram.dispatcher - ERROR - Failed to fetch updates - TelegramNetworkError: HTTP Client says - ServerDisconnectedError: Server disconnected
2025-02-27 07:01:27,851 - aiogram.dispatcher - ERROR - Failed to fetch updates - TelegramNetworkError: HTTP Client says - ServerDisconnectedError: Server disconnected
2025-02-28 02:00:00,024 - app.schedule - ERROR - At least one 'when' case is required for a CASE statement.
2025-02-28 09:33:44,287 - aiogram.dispatcher - ERROR - Failed to fetch updates - TelegramNetworkError: HTTP Client says - ServerDisconnectedError: Server disconnected
2025-02-28 09:33:55,468 - aiogram.dispatcher - ERROR - Failed to fetch updates - TelegramNetworkError: HTTP Client says - ServerDisconnectedError: Server disconnected
2025-02-28 11:28:58,306 - aiogram.dispatcher - ERROR - Failed to fetch updates - TelegramNetworkError: HTTP Client says - ServerDisconnectedError: Server disconnected
2025-03-01 02:00:00,028 - app.schedule - ERROR - At least one 'when' case is required for a CASE statement.
2025-03-02 02:00:00,025 - app.schedule - ERROR - At least one 'when' case is required for a CASE statement.
2025-03-03 02:00:00,019 - app.schedule - ERROR - At least one 'when' case is required for a CASE statement.
2025-03-03 12:11:46,762 - aiogram.dispatcher - ERROR - Failed to fetch updates - TelegramNetworkError: HTTP Client says - ServerDisconnectedError: Server disconnected
2025-03-04 02:00:00,017 - app.schedule - ERROR - At least one 'when' case is required for a CASE statement.
2025-03-04 09:43:02,633 - aiogram.dispatcher - ERROR - Failed to fetch updates - TelegramNetworkError: HTTP Client says - ServerDisconnectedError: Server disconnected
2025-03-04 09:43:23,929 - aiogram.dispatcher - ERROR - Failed to fetch updates - TelegramNetworkError: HTTP Client says - ServerDisconnectedError: Server disconnected
2025-03-04 13:20:42,882 - aiogram.dispatcher - ERROR - Failed to fetch updates - TelegramNetworkError: HTTP Client says - ServerDisconnectedError: Server disconnected
2025-03-04 13:41:31,663 - aiogram.dispatcher - ERROR - Failed to fetch updates - TelegramNetworkError: HTTP Client says - ServerDisconnectedError: Server disconnected
2025-03-05 02:00:00,017 - app.schedule - ERROR - At least one 'when' case is required for a CASE statement.
2025-03-05 07:35:56,811 - aiogram.dispatcher - ERROR - Failed to fetch updates - TelegramNetworkError: HTTP Client says - ServerDisconnectedError: Server disconnected
2025-03-05 07:36:07,996 - aiogram.dispatcher - ERROR - Failed to fetch updates - TelegramNetworkError: HTTP Client says - ServerDisconnectedError: Server disconnected
2025-03-06 02:00:00,027 - app.schedule - ERROR - At least one 'when' case is required for a CASE statement.
2025-03-07 02:00:00,023 - app.schedule - ERROR - At least one 'when' case is required for a CASE statement.
2025-03-08 02:00:00,022 - app.schedule - ERROR - At least one 'when' case is required for a CASE statement.
2025-03-08 18:43:55,659 - aiogram.dispatcher - ERROR - Failed to fetch updates - TelegramNetworkError: HTTP Client says - Request timeout error
2025-03-08 18:46:09,696 - aiogram.dispatcher - ERROR - Failed to fetch updates - TelegramNetworkError: HTTP Client says - Request timeout error
2025-03-08 18:47:21,699 - aiogram.dispatcher - ERROR - Failed to fetch updates - TelegramNetworkError: HTTP Client says - Request timeout error
2025-03-08 18:47:23,057 - aiogram.dispatcher - ERROR - Failed to fetch updates - TelegramNetworkError: HTTP Client says - ClientConnectorError: Cannot connect to host api.telegram.org:443 ssl:default [Temporary failure in name resolution]
2025-03-08 18:47:24,785 - aiogram.dispatcher - ERROR - Failed to fetch updates - TelegramNetworkError: HTTP Client says - ClientConnectorError: Cannot connect to host api.telegram.org:443 ssl:default [Temporary failure in name resolution]
2025-03-08 18:47:26,947 - aiogram.dispatcher - ERROR - Failed to fetch updates - TelegramNetworkError: HTTP Client says - ClientConnectorError: Cannot connect to host api.telegram.org:443 ssl:default [Temporary failure in name resolution]
2025-03-08 18:47:29,770 - aiogram.dispatcher - ERROR - Failed to fetch updates - TelegramNetworkError: HTTP Client says - ClientConnectorError: Cannot connect to host api.telegram.org:443 ssl:default [Temporary failure in name resolution]
2025-03-08 18:47:33,495 - aiogram.dispatcher - ERROR - Failed to fetch updates - TelegramNetworkError: HTTP Client says - ClientConnectorError: Cannot connect to host api.telegram.org:443 ssl:default [Temporary failure in name resolution]
2025-03-08 18:47:38,399 - aiogram.dispatcher - ERROR - Failed to fetch updates - TelegramNetworkError: HTTP Client says - ClientConnectorError: Cannot connect to host api.telegram.org:443 ssl:default [Network is unreachable]
2025-03-08 18:47:43,545 - aiogram.dispatcher - ERROR - Failed to fetch updates - TelegramNetworkError: HTTP Client says - ClientConnectorError: Cannot connect to host api.telegram.org:443 ssl:default [Network is unreachable]
2025-03-08 18:47:48,401 - aiogram.dispatcher - ERROR - Failed to fetch updates - TelegramNetworkError: HTTP Client says - ClientConnectorError: Cannot connect to host api.telegram.org:443 ssl:default [Network is unreachable]
2025-03-08 18:47:53,458 - aiogram.dispatcher - ERROR - Failed to fetch updates - TelegramNetworkError: HTTP Client says - ClientConnectorError: Cannot connect to host api.telegram.org:443 ssl:default [Network is unreachable]
2025-03-08 18:47:58,393 - aiogram.dispatcher - ERROR - Failed to fetch updates - TelegramNetworkError: HTTP Client says - ClientConnectorError: Cannot connect to host api.telegram.org:443 ssl:default [Network is unreachable]
2025-03-08 18:48:03,483 - aiogram.dispatcher - ERROR - Failed to fetch updates - TelegramNetworkError: HTTP Client says - ClientConnectorError: Cannot connect to host api.telegram.org:443 ssl:default [Network is unreachable]
2025-03-08 18:48:08,669 - aiogram.dispatcher - ERROR - Failed to fetch updates - TelegramNetworkError: HTTP Client says - ClientConnectorError: Cannot connect to host api.telegram.org:443 ssl:default [Network is unreachable]
2025-03-08 18:48:13,896 - aiogram.dispatcher - ERROR - Failed to fetch updates - TelegramNetworkError: HTTP Client says - ClientConnectorError: Cannot connect to host api.telegram.org:443 ssl:default [Network is unreachable]
2025-03-08 18:48:18,917 - aiogram.dispatcher - ERROR - Failed to fetch updates - TelegramNetworkError: HTTP Client says - ClientConnectorError: Cannot connect to host api.telegram.org:443 ssl:default [Network is unreachable]
2025-03-08 18:48:24,014 - aiogram.dispatcher - ERROR - Failed to fetch updates - TelegramNetworkError: HTTP Client says - ClientConnectorError: Cannot connect to host api.telegram.org:443 ssl:default [Network is unreachable]
2025-03-08 18:48:29,137 - aiogram.dispatcher - ERROR - Failed to fetch updates - TelegramNetworkError: HTTP Client says - ClientConnectorError: Cannot connect to host api.telegram.org:443 ssl:default [Network is unreachable]
2025-03-08 18:48:33,966 - aiogram.dispatcher - ERROR - Failed to fetch updates - TelegramNetworkError: HTTP Client says - ClientConnectorError: Cannot connect to host api.telegram.org:443 ssl:default [Network is unreachable]
2025-03-08 18:48:38,971 - aiogram.dispatcher - ERROR - Failed to fetch updates - TelegramNetworkError: HTTP Client says - ClientConnectorError: Cannot connect to host api.telegram.org:443 ssl:default [Network is unreachable]
2025-03-08 18:48:43,816 - aiogram.dispatcher - ERROR - Failed to fetch updates - TelegramNetworkError: HTTP Client says - ClientConnectorError: Cannot connect to host api.telegram.org:443 ssl:default [Network is unreachable]
2025-03-08 18:48:48,822 - aiogram.dispatcher - ERROR - Failed to fetch updates - TelegramNetworkError: HTTP Client says - ClientConnectorError: Cannot connect to host api.telegram.org:443 ssl:default [Network is unreachable]
2025-03-08 18:48:53,902 - aiogram.dispatcher - ERROR - Failed to fetch updates - TelegramNetworkError: HTTP Client says - ClientConnectorError: Cannot connect to host api.telegram.org:443 ssl:default [Network is unreachable]
2025-03-08 18:48:58,864 - aiogram.dispatcher - ERROR - Failed to fetch updates - TelegramNetworkError: HTTP Client says - ClientConnectorError: Cannot connect to host api.telegram.org:443 ssl:default [Network is unreachable]
2025-03-08 18:49:03,877 - aiogram.dispatcher - ERROR - Failed to fetch updates - TelegramNetworkError: HTTP Client says - ClientConnectorError: Cannot connect to host api.telegram.org:443 ssl:default [Network is unreachable]
2025-03-08 18:49:08,804 - aiogram.dispatcher - ERROR - Failed to fetch updates - TelegramNetworkError: HTTP Client says - ClientConnectorError: Cannot connect to host api.telegram.org:443 ssl:default [Network is unreachable]
2025-03-08 18:49:13,694 - aiogram.dispatcher - ERROR - Failed to fetch updates - TelegramNetworkError: HTTP Client says - ClientConnectorError: Cannot connect to host api.telegram.org:443 ssl:default [Network is unreachable]
2025-03-08 18:49:18,700 - aiogram.dispatcher - ERROR - Failed to fetch updates - TelegramNetworkError: HTTP Client says - ClientConnectorError: Cannot connect to host api.telegram.org:443 ssl:default [Network is unreachable]
2025-03-08 18:49:23,497 - aiogram.dispatcher - ERROR - Failed to fetch updates - TelegramNetworkError: HTTP Client says - ClientConnectorError: Cannot connect to host api.telegram.org:443 ssl:default [Network is unreachable]
2025-03-08 18:49:28,632 - aiogram.dispatcher - ERROR - Failed to fetch updates - TelegramNetworkError: HTTP Client says - ClientConnectorError: Cannot connect to host api.telegram.org:443 ssl:default [Network is unreachable]
2025-03-08 18:49:33,496 - aiogram.dispatcher - ERROR - Failed to fetch updates - TelegramNetworkError: HTTP Client says - ClientConnectorError: Cannot connect to host api.telegram.org:443 ssl:default [Network is unreachable]
2025-03-08 18:49:38,241 - aiogram.dispatcher - ERROR - Failed to fetch updates - TelegramNetworkError: HTTP Client says - ClientConnectorError: Cannot connect to host api.telegram.org:443 ssl:default [Network is unreachable]
2025-03-08 18:49:43,318 - aiogram.dispatcher - ERROR - Failed to fetch updates - TelegramNetworkError: HTTP Client says - ClientConnectorError: Cannot connect to host api.telegram.org:443 ssl:default [Network is unreachable]
2025-03-08 18:49:48,374 - aiogram.dispatcher - ERROR - Failed to fetch updates - TelegramNetworkError: HTTP Client says - ClientConnectorError: Cannot connect to host api.telegram.org:443 ssl:default [Network is unreachable]
2025-03-08 18:49:53,342 - aiogram.dispatcher - ERROR - Failed to fetch updates - TelegramNetworkError: HTTP Client says - ClientConnectorError: Cannot connect to host api.telegram.org:443 ssl:default [Network is unreachable]
2025-03-08 18:49:58,245 - aiogram.dispatcher - ERROR - Failed to fetch updates - TelegramNetworkError: HTTP Client says - ClientConnectorError: Cannot connect to host api.telegram.org:443 ssl:default [Network is unreachable]
2025-03-08 18:50:03,122 - aiogram.dispatcher - ERROR - Failed to fetch updates - TelegramNetworkError: HTTP Client says - ClientConnectorError: Cannot connect to host api.telegram.org:443 ssl:default [Network is unreachable]
2025-03-08 18:50:08,180 - aiogram.dispatcher - ERROR - Failed to fetch updates - TelegramNetworkError: HTTP Client says - ClientConnectorError: Cannot connect to host api.telegram.org:443 ssl:default [Network is unreachable]
2025-03-08 18:50:13,247 - aiogram.dispatcher - ERROR - Failed to fetch updates - TelegramNetworkError: HTTP Client says - ClientConnectorError: Cannot connect to host api.telegram.org:443 ssl:default [Network is unreachable]
2025-03-08 18:50:18,436 - aiogram.dispatcher - ERROR - Failed to fetch updates - TelegramNetworkError: HTTP Client says - ClientConnectorError: Cannot connect to host api.telegram.org:443 ssl:default [Network is unreachable]
2025-03-08 18:50:23,521 - aiogram.dispatcher - ERROR - Failed to fetch updates - TelegramNetworkError: HTTP Client says - ClientConnectorError: Cannot connect to host api.telegram.org:443 ssl:default [Network is unreachable]
2025-03-08 18:50:28,445 - aiogram.dispatcher - ERROR - Failed to fetch updates - TelegramNetworkError: HTTP Client says - ClientConnectorError: Cannot connect to host api.telegram.org:443 ssl:default [Network is unreachable]
2025-03-08 18:50:33,537 - aiogram.dispatcher - ERROR - Failed to fetch updates - TelegramNetworkError: HTTP Client says - ClientConnectorError: Cannot connect to host api.telegram.org:443 ssl:default [Network is unreachable]
2025-03-08 18:50:38,552 - aiogram.dispatcher - ERROR - Failed to fetch updates - TelegramNetworkError: HTTP Client says - ClientConnectorError: Cannot connect to host api.telegram.org:443 ssl:default [Network is unreachable]
2025-03-08 18:50:43,597 - aiogram.dispatcher - ERROR - Failed to fetch updates - TelegramNetworkError: HTTP Client says - ClientConnectorError: Cannot connect to host api.telegram.org:443 ssl:default [Network is unreachable]
2025-03-08 18:50:48,748 - aiogram.dispatcher - ERROR - Failed to fetch updates - TelegramNetworkError: HTTP Client says - ClientConnectorError: Cannot connect to host api.telegram.org:443 ssl:default [Network is unreachable]
2025-03-08 18:50:53,746 - aiogram.dispatcher - ERROR - Failed to fetch updates - TelegramNetworkError: HTTP Client says - ClientConnectorError: Cannot connect to host api.telegram.org:443 ssl:default [Network is unreachable]
2025-03-08 18:50:58,658 - aiogram.dispatcher - ERROR - Failed to fetch updates - TelegramNetworkError: HTTP Client says - ClientConnectorError: Cannot connect to host api.telegram.org:443 ssl:default [Network is unreachable]
2025-03-08 18:51:03,539 - aiogram.dispatcher - ERROR - Failed to fetch updates - TelegramNetworkError: HTTP Client says - ClientConnectorError: Cannot connect to host api.telegram.org:443 ssl:default [Network is unreachable]
2025-03-08 18:51:08,550 - aiogram.dispatcher - ERROR - Failed to fetch updates - TelegramNetworkError: HTTP Client says - ClientConnectorError: Cannot connect to host api.telegram.org:443 ssl:default [Network is unreachable]
2025-03-08 18:51:13,639 - aiogram.dispatcher - ERROR - Failed to fetch updates - TelegramNetworkError: HTTP Client says - ClientConnectorError: Cannot connect to host api.telegram.org:443 ssl:default [Network is unreachable]
2025-03-08 18:51:18,569 - aiogram.dispatcher - ERROR - Failed to fetch updates - TelegramNetworkError: HTTP Client says - ClientConnectorError: Cannot connect to host api.telegram.org:443 ssl:default [Network is unreachable]
2025-03-08 18:51:23,549 - aiogram.dispatcher - ERROR - Failed to fetch updates - TelegramNetworkError: HTTP Client says - ClientConnectorError: Cannot connect to host api.telegram.org:443 ssl:default [Network is unreachable]
2025-03-08 18:51:28,619 - aiogram.dispatcher - ERROR - Failed to fetch updates - TelegramNetworkError: HTTP Client says - ClientConnectorError: Cannot connect to host api.telegram.org:443 ssl:default [Network is unreachable]
2025-03-08 18:51:33,580 - aiogram.dispatcher - ERROR - Failed to fetch updates - TelegramNetworkError: HTTP Client says - ClientConnectorError: Cannot connect to host api.telegram.org:443 ssl:default [Network is unreachable]
2025-03-08 18:51:38,552 - aiogram.dispatcher - ERROR - Failed to fetch updates - TelegramNetworkError: HTTP Client says - ClientConnectorError: Cannot connect to host api.telegram.org:443 ssl:default [Network is unreachable]
2025-03-08 18:51:43,631 - aiogram.dispatcher - ERROR - Failed to fetch updates - TelegramNetworkError: HTTP Client says - ClientConnectorError: Cannot connect to host api.telegram.org:443 ssl:default [Network is unreachable]
2025-03-08 18:51:48,587 - aiogram.dispatcher - ERROR - Failed to fetch updates - TelegramNetworkError: HTTP Client says - ClientConnectorError: Cannot connect to host api.telegram.org:443 ssl:default [Network is unreachable]
2025-03-08 18:51:53,538 - aiogram.dispatcher - ERROR - Failed to fetch updates - TelegramNetworkError: HTTP Client says - ClientConnectorError: Cannot connect to host api.telegram.org:443 ssl:default [Network is unreachable]
2025-03-08 18:51:58,432 - aiogram.dispatcher - ERROR - Failed to fetch updates - TelegramNetworkError: HTTP Client says - ClientConnectorError: Cannot connect to host api.telegram.org:443 ssl:default [Network is unreachable]
2025-03-08 18:52:03,421 - aiogram.dispatcher - ERROR - Failed to fetch updates - TelegramNetworkError: HTTP Client says - ClientConnectorError: Cannot connect to host api.telegram.org:443 ssl:default [Network is unreachable]
2025-03-08 18:52:08,375 - aiogram.dispatcher - ERROR - Failed to fetch updates - TelegramNetworkError: HTTP Client says - ClientConnectorError: Cannot connect to host api.telegram.org:443 ssl:default [Network is unreachable]
2025-03-08 18:52:13,446 - aiogram.dispatcher - ERROR - Failed to fetch updates - TelegramNetworkError: HTTP Client says - ClientConnectorError: Cannot connect to host api.telegram.org:443 ssl:default [Network is unreachable]
2025-03-08 18:52:18,340 - aiogram.dispatcher - ERROR - Failed to fetch updates - TelegramNetworkError: HTTP Client says - ClientConnectorError: Cannot connect to host api.telegram.org:443 ssl:default [Network is unreachable]
2025-03-08 18:52:23,531 - aiogram.dispatcher - ERROR - Failed to fetch updates - TelegramNetworkError: HTTP Client says - ClientConnectorError: Cannot connect to host api.telegram.org:443 ssl:default [Network is unreachable]
2025-03-08 18:52:28,485 - aiogram.dispatcher - ERROR - Failed to fetch updates - TelegramNetworkError: HTTP Client says - ClientConnectorError: Cannot connect to host api.telegram.org:443 ssl:default [Network is unreachable]
2025-03-08 18:52:33,529 - aiogram.dispatcher - ERROR - Failed to fetch updates - TelegramNetworkError: HTTP Client says - ClientConnectorError: Cannot connect to host api.telegram.org:443 ssl:default [Network is unreachable]
2025-03-08 18:52:38,355 - aiogram.dispatcher - ERROR - Failed to fetch updates - TelegramNetworkError: HTTP Client says - ClientConnectorError: Cannot connect to host api.telegram.org:443 ssl:default [Network is unreachable]
2025-03-08 18:52:43,338 - aiogram.dispatcher - ERROR - Failed to fetch updates - TelegramNetworkError: HTTP Client says - ClientConnectorError: Cannot connect to host api.telegram.org:443 ssl:default [Network is unreachable]
2025-03-08 18:52:48,337 - aiogram.dispatcher - ERROR - Failed to fetch updates - TelegramNetworkError: HTTP Client says - ClientConnectorError: Cannot connect to host api.telegram.org:443 ssl:default [Network is unreachable]
2025-03-08 18:52:53,286 - aiogram.dispatcher - ERROR - Failed to fetch updates - TelegramNetworkError: HTTP Client says - ClientConnectorError: Cannot connect to host api.telegram.org:443 ssl:default [Network is unreachable]
2025-03-08 18:52:58,207 - aiogram.dispatcher - ERROR - Failed to fetch updates - TelegramNetworkError: HTTP Client says - ClientConnectorError: Cannot connect to host api.telegram.org:443 ssl:default [Network is unreachable]
2025-03-08 18:53:03,473 - aiogram.dispatcher - ERROR - Failed to fetch updates - TelegramNetworkError: HTTP Client says - ClientConnectorError: Cannot connect to host api.telegram.org:443 ssl:default [Network is unreachable]
2025-03-08 18:53:08,429 - aiogram.dispatcher - ERROR - Failed to fetch updates - TelegramNetworkError: HTTP Client says - ClientConnectorError: Cannot connect to host api.telegram.org:443 ssl:default [Network is unreachable]
2025-03-08 18:53:13,478 - aiogram.dispatcher - ERROR - Failed to fetch updates - TelegramNetworkError: HTTP Client says - ClientConnectorError: Cannot connect to host api.telegram.org:443 ssl:default [Network is unreachable]
2025-03-08 18:53:18,462 - aiogram.dispatcher - ERROR - Failed to fetch updates - TelegramNetworkError: HTTP Client says - ClientConnectorError: Cannot connect to host api.telegram.org:443 ssl:default [Network is unreachable]
2025-03-08 18:53:23,517 - aiogram.dispatcher - ERROR - Failed to fetch updates - TelegramNetworkError: HTTP Client says - ClientConnectorError: Cannot connect to host api.telegram.org:443 ssl:default [Network is unreachable]
2025-03-08 18:53:28,398 - aiogram.dispatcher - ERROR - Failed to fetch updates - TelegramNetworkError: HTTP Client says - ClientConnectorError: Cannot connect to host api.telegram.org:443 ssl:default [Network is unreachable]
2025-03-08 18:53:33,496 - aiogram.dispatcher - ERROR - Failed to fetch updates - TelegramNetworkError: HTTP Client says - ClientConnectorError: Cannot connect to host api.telegram.org:443 ssl:default [Network is unreachable]
2025-03-08 18:53:38,711 - aiogram.dispatcher - ERROR - Failed to fetch updates - TelegramNetworkError: HTTP Client says - ClientConnectorError: Cannot connect to host api.telegram.org:443 ssl:default [Network is unreachable]
2025-03-08 18:53:43,787 - aiogram.dispatcher - ERROR - Failed to fetch updates - TelegramNetworkError: HTTP Client says - ClientConnectorError: Cannot connect to host api.telegram.org:443 ssl:default [Network is unreachable]
2025-03-08 18:53:48,890 - aiogram.dispatcher - ERROR - Failed to fetch updates - TelegramNetworkError: HTTP Client says - ClientConnectorError: Cannot connect to host api.telegram.org:443 ssl:default [Network is unreachable]
2025-03-08 18:53:53,983 - aiogram.dispatcher - ERROR - Failed to fetch updates - TelegramNetworkError: HTTP Client says - ClientConnectorError: Cannot connect to host api.telegram.org:443 ssl:default [Network is unreachable]
2025-03-08 18:53:59,008 - aiogram.dispatcher - ERROR - Failed to fetch updates - TelegramNetworkError: HTTP Client says - ClientConnectorError: Cannot connect to host api.telegram.org:443 ssl:default [Network is unreachable]
2025-03-08 18:54:03,910 - aiogram.dispatcher - ERROR - Failed to fetch updates - TelegramNetworkError: HTTP Client says - ClientConnectorError: Cannot connect to host api.telegram.org:443 ssl:default [Network is unreachable]
2025-03-08 18:54:08,984 - aiogram.dispatcher - ERROR - Failed to fetch updates - TelegramNetworkError: HTTP Client says - ClientConnectorError: Cannot connect to host api.telegram.org:443 ssl:default [Network is unreachable]
2025-03-08 18:54:13,900 - aiogram.dispatcher - ERROR - Failed to fetch updates - TelegramNetworkError: HTTP Client says - ClientConnectorError: Cannot connect to host api.telegram.org:443 ssl:default [Network is unreachable]
2025-03-08 18:54:19,011 - aiogram.dispatcher - ERROR - Failed to fetch updates - TelegramNetworkError: HTTP Client says - ClientConnectorError: Cannot connect to host api.telegram.org:443 ssl:default [Network is unreachable]
2025-03-08 18:54:24,192 - aiogram.dispatcher - ERROR - Failed to fetch updates - TelegramNetworkError: HTTP Client says - ClientConnectorError: Cannot connect to host api.telegram.org:443 ssl:default [Network is unreachable]
2025-03-08 18:54:29,131 - aiogram.dispatcher - ERROR - Failed to fetch updates - TelegramNetworkError: HTTP Client says - ClientConnectorError: Cannot connect to host api.telegram.org:443 ssl:default [Network is unreachable]
2025-03-08 18:54:34,047 - aiogram.dispatcher - ERROR - Failed to fetch updates - TelegramNetworkError: HTTP Client says - ClientConnectorError: Cannot connect to host api.telegram.org:443 ssl:default [Network is unreachable]
2025-03-08 18:54:39,043 - aiogram.dispatcher - ERROR - Failed to fetch updates - TelegramNetworkError: HTTP Client says - ClientConnectorError: Cannot connect to host api.telegram.org:443 ssl:default [Network is unreachable]
2025-03-08 18:54:44,068 - aiogram.dispatcher - ERROR - Failed to fetch updates - TelegramNetworkError: HTTP Client says - ClientConnectorError: Cannot connect to host api.telegram.org:443 ssl:default [Network is unreachable]
2025-03-08 18:54:49,321 - aiogram.dispatcher - ERROR - Failed to fetch updates - TelegramNetworkError: HTTP Client says - ClientConnectorError: Cannot connect to host api.telegram.org:443 ssl:default [Network is unreachable]
2025-03-08 18:54:54,048 - aiogram.dispatcher - ERROR - Failed to fetch updates - TelegramNetworkError: HTTP Client says - ClientConnectorError: Cannot connect to host api.telegram.org:443 ssl:default [Network is unreachable]
2025-03-08 18:54:59,165 - aiogram.dispatcher - ERROR - Failed to fetch updates - TelegramNetworkError: HTTP Client says - ClientConnectorError: Cannot connect to host api.telegram.org:443 ssl:default [Network is unreachable]
2025-03-08 18:55:04,258 - aiogram.dispatcher - ERROR - Failed to fetch updates - TelegramNetworkError: HTTP Client says - ClientConnectorError: Cannot connect to host api.telegram.org:443 ssl:default [Network is unreachable]
2025-03-08 18:55:09,356 - aiogram.dispatcher - ERROR - Failed to fetch updates - TelegramNetworkError: HTTP Client says - ClientConnectorError: Cannot connect to host api.telegram.org:443 ssl:default [Network is unreachable]
2025-03-08 18:55:14,448 - aiogram.dispatcher - ERROR - Failed to fetch updates - TelegramNetworkError: HTTP Client says - ClientConnectorError: Cannot connect to host api.telegram.org:443 ssl:default [Network is unreachable]
2025-03-08 18:55:19,515 - aiogram.dispatcher - ERROR - Failed to fetch updates - TelegramNetworkError: HTTP Client says - ClientConnectorError: Cannot connect to host api.telegram.org:443 ssl:default [Network is unreachable]
2025-03-08 18:55:24,518 - aiogram.dispatcher - ERROR - Failed to fetch updates - TelegramNetworkError: HTTP Client says - ClientConnectorError: Cannot connect to host api.telegram.org:443 ssl:default [Network is unreachable]
2025-03-08 18:55:29,449 - aiogram.dispatcher - ERROR - Failed to fetch updates - TelegramNetworkError: HTTP Client says - ClientConnectorError: Cannot connect to host api.telegram.org:443 ssl:default [Network is unreachable]
2025-03-08 18:55:34,589 - aiogram.dispatcher - ERROR - Failed to fetch updates - TelegramNetworkError: HTTP Client says - ClientConnectorError: Cannot connect to host api.telegram.org:443 ssl:default [Network is unreachable]
2025-03-08 18:55:39,489 - aiogram.dispatcher - ERROR - Failed to fetch updates - TelegramNetworkError: HTTP Client says - ClientConnectorError: Cannot connect to host api.telegram.org:443 ssl:default [Network is unreachable]
2025-03-08 18:55:44,496 - aiogram.dispatcher - ERROR - Failed to fetch updates - TelegramNetworkError: HTTP Client says - ClientConnectorError: Cannot connect to host api.telegram.org:443 ssl:default [Network is unreachable]
2025-03-08 18:55:49,574 - aiogram.dispatcher - ERROR - Failed to fetch updates - TelegramNetworkError: HTTP Client says - ClientConnectorError: Cannot connect to host api.telegram.org:443 ssl:default [Network is unreachable]
2025-03-08 18:55:54,432 - aiogram.dispatcher - ERROR - Failed to fetch updates - TelegramNetworkError: HTTP Client says - ClientConnectorError: Cannot connect to host api.telegram.org:443 ssl:default [Network is unreachable]
2025-03-08 18:55:59,305 - aiogram.dispatcher - ERROR - Failed to fetch updates - TelegramNetworkError: HTTP Client says - ClientConnectorError: Cannot connect to host api.telegram.org:443 ssl:default [Network is unreachable]
2025-03-08 18:56:04,252 - aiogram.dispatcher - ERROR - Failed to fetch updates - TelegramNetworkError: HTTP Client says - ClientConnectorError: Cannot connect to host api.telegram.org:443 ssl:default [Network is unreachable]
2025-03-08 18:56:09,128 - aiogram.dispatcher - ERROR - Failed to fetch updates - TelegramNetworkError: HTTP Client says - ClientConnectorError: Cannot connect to host api.telegram.org:443 ssl:default [Network is unreachable]
2025-03-08 18:56:14,255 - aiogram.dispatcher - ERROR - Failed to fetch updates - TelegramNetworkError: HTTP Client says - ClientConnectorError: Cannot connect to host api.telegram.org:443 ssl:default [Network is unreachable]
2025-03-08 18:56:19,272 - aiogram.dispatcher - ERROR - Failed to fetch updates - TelegramNetworkError: HTTP Client says - ClientConnectorError: Cannot connect to host api.telegram.org:443 ssl:default [Network is unreachable]
2025-03-08 18:56:24,397 - aiogram.dispatcher - ERROR - Failed to fetch updates - TelegramNetworkError: HTTP Client says - ClientConnectorError: Cannot connect to host api.telegram.org:443 ssl:default [Network is unreachable]
2025-03-08 18:56:29,292 - aiogram.dispatcher - ERROR - Failed to fetch updates - TelegramNetworkError: HTTP Client says - ClientConnectorError: Cannot connect to host api.telegram.org:443 ssl:default [Network is unreachable]
2025-03-08 18:56:34,230 - aiogram.dispatcher - ERROR - Failed to fetch updates - TelegramNetworkError: HTTP Client says - ClientConnectorError: Cannot connect to host api.telegram.org:443 ssl:default [Network is unreachable]
2025-03-08 18:56:39,171 - aiogram.dispatcher - ERROR - Failed to fetch updates - TelegramNetworkError: HTTP Client says - ClientConnectorError: Cannot connect to host api.telegram.org:443 ssl:default [Network is unreachable]
2025-03-08 18:56:44,151 - aiogram.dispatcher - ERROR - Failed to fetch updates - TelegramNetworkError: HTTP Client says - ClientConnectorError: Cannot connect to host api.telegram.org:443 ssl:default [Network is unreachable]
2025-03-08 18:56:49,106 - aiogram.dispatcher - ERROR - Failed to fetch updates - TelegramNetworkError: HTTP Client says - ClientConnectorError: Cannot connect to host api.telegram.org:443 ssl:default [Network is unreachable]
2025-03-08 18:56:54,061 - aiogram.dispatcher - ERROR - Failed to fetch updates - TelegramNetworkError: HTTP Client says - ClientConnectorError: Cannot connect to host api.telegram.org:443 ssl:default [Network is unreachable]
2025-03-08 18:56:58,968 - aiogram.dispatcher - ERROR - Failed to fetch updates - TelegramNetworkError: HTTP Client says - ClientConnectorError: Cannot connect to host api.telegram.org:443 ssl:default [Network is unreachable]
2025-03-08 18:57:03,916 - aiogram.dispatcher - ERROR - Failed to fetch updates - TelegramNetworkError: HTTP Client says - ClientConnectorError: Cannot connect to host api.telegram.org:443 ssl:default [Network is unreachable]
2025-03-08 18:57:08,900 - aiogram.dispatcher - ERROR - Failed to fetch updates - TelegramNetworkError: HTTP Client says - ClientConnectorError: Cannot connect to host api.telegram.org:443 ssl:default [Network is unreachable]
2025-03-08 18:57:13,909 - aiogram.dispatcher - ERROR - Failed to fetch updates - TelegramNetworkError: HTTP Client says - ClientConnectorError: Cannot connect to host api.telegram.org:443 ssl:default [Network is unreachable]
2025-03-08 18:57:19,039 - aiogram.dispatcher - ERROR - Failed to fetch updates - TelegramNetworkError: HTTP Client says - ClientConnectorError: Cannot connect to host api.telegram.org:443 ssl:default [Network is unreachable]
2025-03-08 18:57:24,068 - aiogram.dispatcher - ERROR - Failed to fetch updates - TelegramNetworkError: HTTP Client says - ClientConnectorError: Cannot connect to host api.telegram.org:443 ssl:default [Network is unreachable]
2025-03-08 18:57:29,024 - aiogram.dispatcher - ERROR - Failed to fetch updates - TelegramNetworkError: HTTP Client says - ClientConnectorError: Cannot connect to host api.telegram.org:443 ssl:default [Network is unreachable]
2025-03-08 18:57:34,003 - aiogram.dispatcher - ERROR - Failed to fetch updates - TelegramNetworkError: HTTP Client says - ClientConnectorError: Cannot connect to host api.telegram.org:443 ssl:default [Network is unreachable]
2025-03-08 18:57:39,026 - aiogram.dispatcher - ERROR - Failed to fetch updates - TelegramNetworkError: HTTP Client says - ClientConnectorError: Cannot connect to host api.telegram.org:443 ssl:default [Network is unreachable]
2025-03-08 18:57:44,068 - aiogram.dispatcher - ERROR - Failed to fetch updates - TelegramNetworkError: HTTP Client says - ClientConnectorError: Cannot connect to host api.telegram.org:443 ssl:default [Network is unreachable]
2025-03-08 18:57:49,206 - aiogram.dispatcher - ERROR - Failed to fetch updates - TelegramNetworkError: HTTP Client says - ClientConnectorError: Cannot connect to host api.telegram.org:443 ssl:default [Network is unreachable]
2025-03-08 18:57:54,286 - aiogram.dispatcher - ERROR - Failed to fetch updates - TelegramNetworkError: HTTP Client says - ClientConnectorError: Cannot connect to host api.telegram.org:443 ssl:default [Network is unreachable]
2025-03-08 18:57:59,396 - aiogram.dispatcher - ERROR - Failed to fetch updates - TelegramNetworkError: HTTP Client says - ClientConnectorError: Cannot connect to host api.telegram.org:443 ssl:default [Network is unreachable]
2025-03-08 18:58:04,285 - aiogram.dispatcher - ERROR - Failed to fetch updates - TelegramNetworkError: HTTP Client says - ClientConnectorError: Cannot connect to host api.telegram.org:443 ssl:default [Network is unreachable]
2025-03-08 18:58:09,238 - aiogram.dispatcher - ERROR - Failed to fetch updates - TelegramNetworkError: HTTP Client says - ClientConnectorError: Cannot connect to host api.telegram.org:443 ssl:default [Network is unreachable]
2025-03-08 18:58:14,277 - aiogram.dispatcher - ERROR - Failed to fetch updates - TelegramNetworkError: HTTP Client says - ClientConnectorError: Cannot connect to host api.telegram.org:443 ssl:default [Network is unreachable]
2025-03-08 18:58:19,201 - aiogram.dispatcher - ERROR - Failed to fetch updates - TelegramNetworkError: HTTP Client says - ClientConnectorError: Cannot connect to host api.telegram.org:443 ssl:default [Network is unreachable]
2025-03-08 18:58:24,359 - aiogram.dispatcher - ERROR - Failed to fetch updates - TelegramNetworkError: HTTP Client says - ClientConnectorError: Cannot connect to host api.telegram.org:443 ssl:default [Network is unreachable]
2025-03-08 18:58:29,252 - aiogram.dispatcher - ERROR - Failed to fetch updates - TelegramNetworkError: HTTP Client says - ClientConnectorError: Cannot connect to host api.telegram.org:443 ssl:default [Network is unreachable]
2025-03-08 18:58:34,243 - aiogram.dispatcher - ERROR - Failed to fetch updates - TelegramNetworkError: HTTP Client says - ClientConnectorError: Cannot connect to host api.telegram.org:443 ssl:default [Network is unreachable]
2025-03-08 18:58:39,191 - aiogram.dispatcher - ERROR - Failed to fetch updates - TelegramNetworkError: HTTP Client says - ClientConnectorError: Cannot connect to host api.telegram.org:443 ssl:default [Network is unreachable]
2025-03-08 18:58:44,276 - aiogram.dispatcher - ERROR - Failed to fetch updates - TelegramNetworkError: HTTP Client says - ClientConnectorError: Cannot connect to host api.telegram.org:443 ssl:default [Network is unreachable]
2025-03-08 18:58:49,267 - aiogram.dispatcher - ERROR - Failed to fetch updates - TelegramNetworkError: HTTP Client says - ClientConnectorError: Cannot connect to host api.telegram.org:443 ssl:default [Network is unreachable]
2025-03-08 18:58:54,375 - aiogram.dispatcher - ERROR - Failed to fetch updates - TelegramNetworkError: HTTP Client says - ClientConnectorError: Cannot connect to host api.telegram.org:443 ssl:default [Network is unreachable]
2025-03-08 18:58:59,482 - aiogram.dispatcher - ERROR - Failed to fetch updates - TelegramNetworkError: HTTP Client says - ClientConnectorError: Cannot connect to host api.telegram.org:443 ssl:default [Network is unreachable]
2025-03-08 18:59:04,478 - aiogram.dispatcher - ERROR - Failed to fetch updates - TelegramNetworkError: HTTP Client says - ClientConnectorError: Cannot connect to host api.telegram.org:443 ssl:default [Network is unreachable]
2025-03-08 18:59:09,610 - aiogram.dispatcher - ERROR - Failed to fetch updates - TelegramNetworkError: HTTP Client says - ClientConnectorError: Cannot connect to host api.telegram.org:443 ssl:default [Network is unreachable]
2025-03-08 18:59:14,615 - aiogram.dispatcher - ERROR - Failed to fetch updates - TelegramNetworkError: HTTP Client says - ClientConnectorError: Cannot connect to host api.telegram.org:443 ssl:default [Network is unreachable]
2025-03-08 18:59:19,555 - aiogram.dispatcher - ERROR - Failed to fetch updates - TelegramNetworkError: HTTP Client says - ClientConnectorError: Cannot connect to host api.telegram.org:443 ssl:default [Network is unreachable]
2025-03-08 18:59:24,752 - aiogram.dispatcher - ERROR - Failed to fetch updates - TelegramNetworkError: HTTP Client says - ClientConnectorError: Cannot connect to host api.telegram.org:443 ssl:default [Network is unreachable]
2025-03-08 18:59:29,805 - aiogram.dispatcher - ERROR - Failed to fetch updates - TelegramNetworkError: HTTP Client says - ClientConnectorError: Cannot connect to host api.telegram.org:443 ssl:default [Network is unreachable]
2025-03-08 18:59:34,780 - aiogram.dispatcher - ERROR - Failed to fetch updates - TelegramNetworkError: HTTP Client says - ClientConnectorError: Cannot connect to host api.telegram.org:443 ssl:default [Network is unreachable]
2025-03-08 18:59:39,773 - aiogram.dispatcher - ERROR - Failed to fetch updates - TelegramNetworkError: HTTP Client says - ClientConnectorError: Cannot connect to host api.telegram.org:443 ssl:default [Network is unreachable]
2025-03-08 18:59:44,709 - aiogram.dispatcher - ERROR - Failed to fetch updates - TelegramNetworkError: HTTP Client says - ClientConnectorError: Cannot connect to host api.telegram.org:443 ssl:default [Network is unreachable]
2025-03-08 18:59:49,676 - aiogram.dispatcher - ERROR - Failed to fetch updates - TelegramNetworkError: HTTP Client says - ClientConnectorError: Cannot connect to host api.telegram.org:443 ssl:default [Network is unreachable]
2025-03-08 18:59:54,550 - aiogram.dispatcher - ERROR - Failed to fetch updates - TelegramNetworkError: HTTP Client says - ClientConnectorError: Cannot connect to host api.telegram.org:443 ssl:default [Network is unreachable]
2025-03-08 18:59:59,777 - aiogram.dispatcher - ERROR - Failed to fetch updates - TelegramNetworkError: HTTP Client says - ClientConnectorError: Cannot connect to host api.telegram.org:443 ssl:default [Network is unreachable]
2025-03-08 19:00:04,762 - aiogram.dispatcher - ERROR - Failed to fetch updates - TelegramNetworkError: HTTP Client says - ClientConnectorError: Cannot connect to host api.telegram.org:443 ssl:default [Network is unreachable]
2025-03-08 19:00:09,739 - aiogram.dispatcher - ERROR - Failed to fetch updates - TelegramNetworkError: HTTP Client says - ClientConnectorError: Cannot connect to host api.telegram.org:443 ssl:default [Network is unreachable]
2025-03-08 19:00:14,925 - aiogram.dispatcher - ERROR - Failed to fetch updates - TelegramNetworkError: HTTP Client says - ClientConnectorError: Cannot connect to host api.telegram.org:443 ssl:default [Network is unreachable]
2025-03-08 19:00:19,749 - aiogram.dispatcher - ERROR - Failed to fetch updates - TelegramNetworkError: HTTP Client says - ClientConnectorError: Cannot connect to host api.telegram.org:443 ssl:default [Network is unreachable]
2025-03-08 19:00:24,750 - aiogram.dispatcher - ERROR - Failed to fetch updates - TelegramNetworkError: HTTP Client says - ClientConnectorError: Cannot connect to host api.telegram.org:443 ssl:default [Network is unreachable]
2025-03-08 19:00:29,690 - aiogram.dispatcher - ERROR - Failed to fetch updates - TelegramNetworkError: HTTP Client says - ClientConnectorError: Cannot connect to host api.telegram.org:443 ssl:default [Network is unreachable]
2025-03-08 19:00:34,767 - aiogram.dispatcher - ERROR - Failed to fetch updates - TelegramNetworkError: HTTP Client says - ClientConnectorError: Cannot connect to host api.telegram.org:443 ssl:default [Network is unreachable]
2025-03-08 19:00:39,686 - aiogram.dispatcher - ERROR - Failed to fetch updates - TelegramNetworkError: HTTP Client says - ClientConnectorError: Cannot connect to host api.telegram.org:443 ssl:default [Network is unreachable]
2025-03-08 19:00:44,721 - aiogram.dispatcher - ERROR - Failed to fetch updates - TelegramNetworkError: HTTP Client says - ClientConnectorError: Cannot connect to host api.telegram.org:443 ssl:default [Network is unreachable]
2025-03-08 19:00:49,810 - aiogram.dispatcher - ERROR - Failed to fetch updates - TelegramNetworkError: HTTP Client says - ClientConnectorError: Cannot connect to host api.telegram.org:443 ssl:default [Network is unreachable]
2025-03-08 19:00:54,762 - aiogram.dispatcher - ERROR - Failed to fetch updates - TelegramNetworkError: HTTP Client says - ClientConnectorError: Cannot connect to host api.telegram.org:443 ssl:default [Network is unreachable]
2025-03-08 19:00:59,826 - aiogram.dispatcher - ERROR - Failed to fetch updates - TelegramNetworkError: HTTP Client says - ClientConnectorError: Cannot connect to host api.telegram.org:443 ssl:default [Network is unreachable]
2025-03-08 19:01:04,831 - aiogram.dispatcher - ERROR - Failed to fetch updates - TelegramNetworkError: HTTP Client says - ClientConnectorError: Cannot connect to host api.telegram.org:443 ssl:default [Network is unreachable]
2025-03-08 19:01:09,694 - aiogram.dispatcher - ERROR - Failed to fetch updates - TelegramNetworkError: HTTP Client says - ClientConnectorError: Cannot connect to host api.telegram.org:443 ssl:default [Network is unreachable]
2025-03-08 19:01:14,470 - aiogram.dispatcher - ERROR - Failed to fetch updates - TelegramNetworkError: HTTP Client says - ClientConnectorError: Cannot connect to host api.telegram.org:443 ssl:default [Network is unreachable]
2025-03-08 19:01:19,355 - aiogram.dispatcher - ERROR - Failed to fetch updates - TelegramNetworkError: HTTP Client says - ClientConnectorError: Cannot connect to host api.telegram.org:443 ssl:default [Network is unreachable]
2025-03-08 19:01:24,338 - aiogram.dispatcher - ERROR - Failed to fetch updates - TelegramNetworkError: HTTP Client says - ClientConnectorError: Cannot connect to host api.telegram.org:443 ssl:default [Network is unreachable]
2025-03-08 19:01:29,173 - aiogram.dispatcher - ERROR - Failed to fetch updates - TelegramNetworkError: HTTP Client says - ClientConnectorError: Cannot connect to host api.telegram.org:443 ssl:default [Network is unreachable]
2025-03-08 19:01:34,189 - aiogram.dispatcher - ERROR - Failed to fetch updates - TelegramNetworkError: HTTP Client says - ClientConnectorError: Cannot connect to host api.telegram.org:443 ssl:default [Network is unreachable]
2025-03-08 19:01:39,065 - aiogram.dispatcher - ERROR - Failed to fetch updates - TelegramNetworkError: HTTP Client says - ClientConnectorError: Cannot connect to host api.telegram.org:443 ssl:default [Network is unreachable]
2025-03-08 19:01:44,048 - aiogram.dispatcher - ERROR - Failed to fetch updates - TelegramNetworkError: HTTP Client says - ClientConnectorError: Cannot connect to host api.telegram.org:443 ssl:default [Network is unreachable]
2025-03-08 19:01:49,103 - aiogram.dispatcher - ERROR - Failed to fetch updates - TelegramNetworkError: HTTP Client says - ClientConnectorError: Cannot connect to host api.telegram.org:443 ssl:default [Network is unreachable]
2025-03-08 19:01:54,080 - aiogram.dispatcher - ERROR - Failed to fetch updates - TelegramNetworkError: HTTP Client says - ClientConnectorError: Cannot connect to host api.telegram.org:443 ssl:default [Network is unreachable]
2025-03-08 19:01:59,337 - aiogram.dispatcher - ERROR - Failed to fetch updates - TelegramNetworkError: HTTP Client says - ClientConnectorError: Cannot connect to host api.telegram.org:443 ssl:default [Network is unreachable]
2025-03-08 19:02:04,134 - aiogram.dispatcher - ERROR - Failed to fetch updates - TelegramNetworkError: HTTP Client says - ClientConnectorError: Cannot connect to host api.telegram.org:443 ssl:default [Network is unreachable]
2025-03-08 19:02:09,288 - aiogram.dispatcher - ERROR - Failed to fetch updates - TelegramNetworkError: HTTP Client says - ClientConnectorError: Cannot connect to host api.telegram.org:443 ssl:default [Network is unreachable]
2025-03-08 19:02:14,282 - aiogram.dispatcher - ERROR - Failed to fetch updates - TelegramNetworkError: HTTP Client says - ClientConnectorError: Cannot connect to host api.telegram.org:443 ssl:default [Network is unreachable]
2025-03-08 19:02:19,225 - aiogram.dispatcher - ERROR - Failed to fetch updates - TelegramNetworkError: HTTP Client says - ClientConnectorError: Cannot connect to host api.telegram.org:443 ssl:default [Network is unreachable]
2025-03-08 19:02:24,253 - aiogram.dispatcher - ERROR - Failed to fetch updates - TelegramNetworkError: HTTP Client says - ClientConnectorError: Cannot connect to host api.telegram.org:443 ssl:default [Network is unreachable]
2025-03-08 19:02:29,267 - aiogram.dispatcher - ERROR - Failed to fetch updates - TelegramNetworkError: HTTP Client says - ClientConnectorError: Cannot connect to host api.telegram.org:443 ssl:default [Network is unreachable]
2025-03-08 19:02:34,231 - aiogram.dispatcher - ERROR - Failed to fetch updates - TelegramNetworkError: HTTP Client says - ClientConnectorError: Cannot connect to host api.telegram.org:443 ssl:default [Network is unreachable]
2025-03-08 19:02:39,119 - aiogram.dispatcher - ERROR - Failed to fetch updates - TelegramNetworkError: HTTP Client says - ClientConnectorError: Cannot connect to host api.telegram.org:443 ssl:default [Network is unreachable]
2025-03-08 19:02:44,159 - aiogram.dispatcher - ERROR - Failed to fetch updates - TelegramNetworkError: HTTP Client says - ClientConnectorError: Cannot connect to host api.telegram.org:443 ssl:default [Network is unreachable]
2025-03-08 19:02:49,256 - aiogram.dispatcher - ERROR - Failed to fetch updates - TelegramNetworkError: HTTP Client says - ClientConnectorError: Cannot connect to host api.telegram.org:443 ssl:default [Network is unreachable]
2025-03-08 19:02:54,170 - aiogram.dispatcher - ERROR - Failed to fetch updates - TelegramNetworkError: HTTP Client says - ClientConnectorError: Cannot connect to host api.telegram.org:443 ssl:default [Network is unreachable]
2025-03-08 19:02:59,204 - aiogram.dispatcher - ERROR - Failed to fetch updates - TelegramNetworkError: HTTP Client says - ClientConnectorError: Cannot connect to host api.telegram.org:443 ssl:default [Network is unreachable]
2025-03-08 19:03:04,402 - aiogram.dispatcher - ERROR - Failed to fetch updates - TelegramNetworkError: HTTP Client says - ClientConnectorError: Cannot connect to host api.telegram.org:443 ssl:default [Network is unreachable]
2025-03-08 19:03:09,527 - aiogram.dispatcher - ERROR - Failed to fetch updates - TelegramNetworkError: HTTP Client says - ClientConnectorError: Cannot connect to host api.telegram.org:443 ssl:default [Network is unreachable]
2025-03-08 19:03:14,514 - aiogram.dispatcher - ERROR - Failed to fetch updates - TelegramNetworkError: HTTP Client says - ClientConnectorError: Cannot connect to host api.telegram.org:443 ssl:default [Network is unreachable]
2025-03-08 19:03:19,693 - aiogram.dispatcher - ERROR - Failed to fetch updates - TelegramNetworkError: HTTP Client says - ClientConnectorError: Cannot connect to host api.telegram.org:443 ssl:default [Network is unreachable]
2025-03-08 19:03:24,772 - aiogram.dispatcher - ERROR - Failed to fetch updates - TelegramNetworkError: HTTP Client says - ClientConnectorError: Cannot connect to host api.telegram.org:443 ssl:default [Network is unreachable]
2025-03-08 19:03:29,711 - aiogram.dispatcher - ERROR - Failed to fetch updates - TelegramNetworkError: HTTP Client says - ClientConnectorError: Cannot connect to host api.telegram.org:443 ssl:default [Network is unreachable]
2025-03-08 19:03:34,548 - aiogram.dispatcher - ERROR - Failed to fetch updates - TelegramNetworkError: HTTP Client says - ClientConnectorError: Cannot connect to host api.telegram.org:443 ssl:default [Network is unreachable]
2025-03-08 19:03:39,458 - aiogram.dispatcher - ERROR - Failed to fetch updates - TelegramNetworkError: HTTP Client says - ClientConnectorError: Cannot connect to host api.telegram.org:443 ssl:default [Network is unreachable]
2025-03-08 19:03:44,459 - aiogram.dispatcher - ERROR - Failed to fetch updates - TelegramNetworkError: HTTP Client says - ClientConnectorError: Cannot connect to host api.telegram.org:443 ssl:default [Network is unreachable]
2025-03-08 19:03:49,355 - aiogram.dispatcher - ERROR - Failed to fetch updates - TelegramNetworkError: HTTP Client says - ClientConnectorError: Cannot connect to host api.telegram.org:443 ssl:default [Network is unreachable]
2025-03-08 19:03:54,260 - aiogram.dispatcher - ERROR - Failed to fetch updates - TelegramNetworkError: HTTP Client says - ClientConnectorError: Cannot connect to host api.telegram.org:443 ssl:default [Network is unreachable]
2025-03-08 19:03:59,206 - aiogram.dispatcher - ERROR - Failed to fetch updates - TelegramNetworkError: HTTP Client says - ClientConnectorError: Cannot connect to host api.telegram.org:443 ssl:default [Network is unreachable]
2025-03-08 19:04:04,213 - aiogram.dispatcher - ERROR - Failed to fetch updates - TelegramNetworkError: HTTP Client says - ClientConnectorError: Cannot connect to host api.telegram.org:443 ssl:default [Network is unreachable]
2025-03-08 19:04:09,231 - aiogram.dispatcher - ERROR - Failed to fetch updates - TelegramNetworkError: HTTP Client says - ClientConnectorError: Cannot connect to host api.telegram.org:443 ssl:default [Network is unreachable]
2025-03-08 19:04:14,165 - aiogram.dispatcher - ERROR - Failed to fetch updates - TelegramNetworkError: HTTP Client says - ClientConnectorError: Cannot connect to host api.telegram.org:443 ssl:default [Network is unreachable]
2025-03-08 19:04:19,133 - aiogram.dispatcher - ERROR - Failed to fetch updates - TelegramNetworkError: HTTP Client says - ClientConnectorError: Cannot connect to host api.telegram.org:443 ssl:default [Network is unreachable]
2025-03-08 19:04:24,236 - aiogram.dispatcher - ERROR - Failed to fetch updates - TelegramNetworkError: HTTP Client says - ClientConnectorError: Cannot connect to host api.telegram.org:443 ssl:default [Network is unreachable]
2025-03-08 19:04:29,117 - aiogram.dispatcher - ERROR - Failed to fetch updates - TelegramNetworkError: HTTP Client says - ClientConnectorError: Cannot connect to host api.telegram.org:443 ssl:default [Network is unreachable]
2025-03-08 19:04:34,183 - aiogram.dispatcher - ERROR - Failed to fetch updates - TelegramNetworkError: HTTP Client says - ClientConnectorError: Cannot connect to host api.telegram.org:443 ssl:default [Network is unreachable]
2025-03-08 19:04:39,249 - aiogram.dispatcher - ERROR - Failed to fetch updates - TelegramNetworkError: HTTP Client says - ClientConnectorError: Cannot connect to host api.telegram.org:443 ssl:default [Network is unreachable]
2025-03-08 19:04:44,277 - aiogram.dispatcher - ERROR - Failed to fetch updates - TelegramNetworkError: HTTP Client says - ClientConnectorError: Cannot connect to host api.telegram.org:443 ssl:default [Network is unreachable]
2025-03-08 19:04:49,203 - aiogram.dispatcher - ERROR - Failed to fetch updates - TelegramNetworkError: HTTP Client says - ClientConnectorError: Cannot connect to host api.telegram.org:443 ssl:default [Network is unreachable]
2025-03-08 19:04:54,253 - aiogram.dispatcher - ERROR - Failed to fetch updates - TelegramNetworkError: HTTP Client says - ClientConnectorError: Cannot connect to host api.telegram.org:443 ssl:default [Network is unreachable]
2025-03-08 19:04:59,340 - aiogram.dispatcher - ERROR - Failed to fetch updates - TelegramNetworkError: HTTP Client says - ClientConnectorError: Cannot connect to host api.telegram.org:443 ssl:default [Network is unreachable]
2025-03-08 19:05:04,408 - aiogram.dispatcher - ERROR - Failed to fetch updates - TelegramNetworkError: HTTP Client says - ClientConnectorError: Cannot connect to host api.telegram.org:443 ssl:default [Network is unreachable]
2025-03-08 19:05:09,408 - aiogram.dispatcher - ERROR - Failed to fetch updates - TelegramNetworkError: HTTP Client says - ClientConnectorError: Cannot connect to host api.telegram.org:443 ssl:default [Network is unreachable]
2025-03-08 19:05:14,426 - aiogram.dispatcher - ERROR - Failed to fetch updates - TelegramNetworkError: HTTP Client says - ClientConnectorError: Cannot connect to host api.telegram.org:443 ssl:default [Network is unreachable]
2025-03-08 19:05:19,370 - aiogram.dispatcher - ERROR - Failed to fetch updates - TelegramNetworkError: HTTP Client says - ClientConnectorError: Cannot connect to host api.telegram.org:443 ssl:default [Network is unreachable]
2025-03-08 19:05:24,375 - aiogram.dispatcher - ERROR - Failed to fetch updates - TelegramNetworkError: HTTP Client says - ClientConnectorError: Cannot connect to host api.telegram.org:443 ssl:default [Network is unreachable]
2025-03-08 19:05:29,449 - aiogram.dispatcher - ERROR - Failed to fetch updates - TelegramNetworkError: HTTP Client says - ClientConnectorError: Cannot connect to host api.telegram.org:443 ssl:default [Network is unreachable]
2025-03-08 19:05:34,594 - aiogram.dispatcher - ERROR - Failed to fetch updates - TelegramNetworkError: HTTP Client says - ClientConnectorError: Cannot connect to host api.telegram.org:443 ssl:default [Network is unreachable]
2025-03-08 19:05:39,611 - aiogram.dispatcher - ERROR - Failed to fetch updates - TelegramNetworkError: HTTP Client says - ClientConnectorError: Cannot connect to host api.telegram.org:443 ssl:default [Network is unreachable]
2025-03-08 19:05:44,728 - aiogram.dispatcher - ERROR - Failed to fetch updates - TelegramNetworkError: HTTP Client says - ClientConnectorError: Cannot connect to host api.telegram.org:443 ssl:default [Network is unreachable]
2025-03-08 19:05:49,556 - aiogram.dispatcher - ERROR - Failed to fetch updates - TelegramNetworkError: HTTP Client says - ClientConnectorError: Cannot connect to host api.telegram.org:443 ssl:default [Network is unreachable]
2025-03-08 19:05:54,462 - aiogram.dispatcher - ERROR - Failed to fetch updates - TelegramNetworkError: HTTP Client says - ClientConnectorError: Cannot connect to host api.telegram.org:443 ssl:default [Network is unreachable]
2025-03-08 19:05:59,577 - aiogram.dispatcher - ERROR - Failed to fetch updates - TelegramNetworkError: HTTP Client says - ClientConnectorError: Cannot connect to host api.telegram.org:443 ssl:default [Network is unreachable]
2025-03-08 19:06:04,582 - aiogram.dispatcher - ERROR - Failed to fetch updates - TelegramNetworkError: HTTP Client says - ClientConnectorError: Cannot connect to host api.telegram.org:443 ssl:default [Network is unreachable]
2025-03-08 19:06:09,758 - aiogram.dispatcher - ERROR - Failed to fetch updates - TelegramNetworkError: HTTP Client says - ClientConnectorError: Cannot connect to host api.telegram.org:443 ssl:default [Network is unreachable]
2025-03-08 19:06:14,842 - aiogram.dispatcher - ERROR - Failed to fetch updates - TelegramNetworkError: HTTP Client says - ClientConnectorError: Cannot connect to host api.telegram.org:443 ssl:default [Network is unreachable]
2025-03-08 19:06:19,851 - aiogram.dispatcher - ERROR - Failed to fetch updates - TelegramNetworkError: HTTP Client says - ClientConnectorError: Cannot connect to host api.telegram.org:443 ssl:default [Network is unreachable]
2025-03-08 19:06:24,838 - aiogram.dispatcher - ERROR - Failed to fetch updates - TelegramNetworkError: HTTP Client says - ClientConnectorError: Cannot connect to host api.telegram.org:443 ssl:default [Network is unreachable]
2025-03-08 19:06:30,036 - aiogram.dispatcher - ERROR - Failed to fetch updates - TelegramNetworkError: HTTP Client says - ClientConnectorError: Cannot connect to host api.telegram.org:443 ssl:default [Network is unreachable]
2025-03-08 19:06:35,191 - aiogram.dispatcher - ERROR - Failed to fetch updates - TelegramNetworkError: HTTP Client says - ClientConnectorError: Cannot connect to host api.telegram.org:443 ssl:default [Network is unreachable]
2025-03-08 19:06:40,125 - aiogram.dispatcher - ERROR - Failed to fetch updates - TelegramNetworkError: HTTP Client says - ClientConnectorError: Cannot connect to host api.telegram.org:443 ssl:default [Network is unreachable]
2025-03-08 19:06:45,338 - aiogram.dispatcher - ERROR - Failed to fetch updates - TelegramNetworkError: HTTP Client says - ClientConnectorError: Cannot connect to host api.telegram.org:443 ssl:default [Network is unreachable]
2025-03-08 19:06:50,506 - aiogram.dispatcher - ERROR - Failed to fetch updates - TelegramNetworkError: HTTP Client says - ClientConnectorError: Cannot connect to host api.telegram.org:443 ssl:default [Network is unreachable]
2025-03-08 19:06:55,379 - aiogram.dispatcher - ERROR - Failed to fetch updates - TelegramNetworkError: HTTP Client says - ClientConnectorError: Cannot connect to host api.telegram.org:443 ssl:default [Network is unreachable]
2025-03-08 19:07:00,426 - aiogram.dispatcher - ERROR - Failed to fetch updates - TelegramNetworkError: HTTP Client says - ClientConnectorError: Cannot connect to host api.telegram.org:443 ssl:default [Network is unreachable]
2025-03-08 19:07:05,506 - aiogram.dispatcher - ERROR - Failed to fetch updates - TelegramNetworkError: HTTP Client says - ClientConnectorError: Cannot connect to host api.telegram.org:443 ssl:default [Network is unreachable]
2025-03-08 19:07:10,501 - aiogram.dispatcher - ERROR - Failed to fetch updates - TelegramNetworkError: HTTP Client says - ClientConnectorError: Cannot connect to host api.telegram.org:443 ssl:default [Network is unreachable]
2025-03-08 19:07:15,650 - aiogram.dispatcher - ERROR - Failed to fetch updates - TelegramNetworkError: HTTP Client says - ClientConnectorError: Cannot connect to host api.telegram.org:443 ssl:default [Network is unreachable]
2025-03-08 19:07:20,488 - aiogram.dispatcher - ERROR - Failed to fetch updates - TelegramNetworkError: HTTP Client says - ClientConnectorError: Cannot connect to host api.telegram.org:443 ssl:default [Network is unreachable]
2025-03-08 19:07:25,561 - aiogram.dispatcher - ERROR - Failed to fetch updates - TelegramNetworkError: HTTP Client says - ClientConnectorError: Cannot connect to host api.telegram.org:443 ssl:default [Network is unreachable]
2025-03-08 19:07:30,770 - aiogram.dispatcher - ERROR - Failed to fetch updates - TelegramNetworkError: HTTP Client says - ClientConnectorError: Cannot connect to host api.telegram.org:443 ssl:default [Network is unreachable]
2025-03-08 19:07:35,909 - aiogram.dispatcher - ERROR - Failed to fetch updates - TelegramNetworkError: HTTP Client says - ClientConnectorError: Cannot connect to host api.telegram.org:443 ssl:default [Network is unreachable]
2025-03-08 19:07:40,813 - aiogram.dispatcher - ERROR - Failed to fetch updates - TelegramNetworkError: HTTP Client says - ClientConnectorError: Cannot connect to host api.telegram.org:443 ssl:default [Network is unreachable]
2025-03-08 19:07:45,764 - aiogram.dispatcher - ERROR - Failed to fetch updates - TelegramNetworkError: HTTP Client says - ClientConnectorError: Cannot connect to host api.telegram.org:443 ssl:default [Network is unreachable]
2025-03-08 19:07:50,842 - aiogram.dispatcher - ERROR - Failed to fetch updates - TelegramNetworkError: HTTP Client says - ClientConnectorError: Cannot connect to host api.telegram.org:443 ssl:default [Network is unreachable]
2025-03-08 19:07:55,937 - aiogram.dispatcher - ERROR - Failed to fetch updates - TelegramNetworkError: HTTP Client says - ClientConnectorError: Cannot connect to host api.telegram.org:443 ssl:default [Network is unreachable]
2025-03-08 19:08:01,076 - aiogram.dispatcher - ERROR - Failed to fetch updates - TelegramNetworkError: HTTP Client says - ClientConnectorError: Cannot connect to host api.telegram.org:443 ssl:default [Network is unreachable]
2025-03-08 19:08:06,012 - aiogram.dispatcher - ERROR - Failed to fetch updates - TelegramNetworkError: HTTP Client says - ClientConnectorError: Cannot connect to host api.telegram.org:443 ssl:default [Network is unreachable]
2025-03-08 19:08:11,013 - aiogram.dispatcher - ERROR - Failed to fetch updates - TelegramNetworkError: HTTP Client says - ClientConnectorError: Cannot connect to host api.telegram.org:443 ssl:default [Network is unreachable]
2025-03-08 19:08:15,959 - aiogram.dispatcher - ERROR - Failed to fetch updates - TelegramNetworkError: HTTP Client says - ClientConnectorError: Cannot connect to host api.telegram.org:443 ssl:default [Network is unreachable]
2025-03-08 19:08:20,767 - aiogram.dispatcher - ERROR - Failed to fetch updates - TelegramNetworkError: HTTP Client says - ClientConnectorError: Cannot connect to host api.telegram.org:443 ssl:default [Network is unreachable]
2025-03-08 19:08:25,788 - aiogram.dispatcher - ERROR - Failed to fetch updates - TelegramNetworkError: HTTP Client says - ClientConnectorError: Cannot connect to host api.telegram.org:443 ssl:default [Network is unreachable]
2025-03-08 19:08:30,794 - aiogram.dispatcher - ERROR - Failed to fetch updates - TelegramNetworkError: HTTP Client says - ClientConnectorError: Cannot connect to host api.telegram.org:443 ssl:default [Network is unreachable]
2025-03-08 19:08:35,783 - aiogram.dispatcher - ERROR - Failed to fetch updates - TelegramNetworkError: HTTP Client says - ClientConnectorError: Cannot connect to host api.telegram.org:443 ssl:default [Network is unreachable]
2025-03-08 19:08:40,682 - aiogram.dispatcher - ERROR - Failed to fetch updates - TelegramNetworkError: HTTP Client says - ClientConnectorError: Cannot connect to host api.telegram.org:443 ssl:default [Network is unreachable]
2025-03-08 19:08:45,654 - aiogram.dispatcher - ERROR - Failed to fetch updates - TelegramNetworkError: HTTP Client says - ClientConnectorError: Cannot connect to host api.telegram.org:443 ssl:default [Network is unreachable]
2025-03-08 19:08:50,684 - aiogram.dispatcher - ERROR - Failed to fetch updates - TelegramNetworkError: HTTP Client says - ClientConnectorError: Cannot connect to host api.telegram.org:443 ssl:default [Network is unreachable]
2025-03-08 19:08:55,840 - aiogram.dispatcher - ERROR - Failed to fetch updates - TelegramNetworkError: HTTP Client says - ClientConnectorError: Cannot connect to host api.telegram.org:443 ssl:default [Network is unreachable]
2025-03-08 19:09:00,971 - aiogram.dispatcher - ERROR - Failed to fetch updates - TelegramNetworkError: HTTP Client says - ClientConnectorError: Cannot connect to host api.telegram.org:443 ssl:default [Network is unreachable]
2025-03-08 19:09:05,923 - aiogram.dispatcher - ERROR - Failed to fetch updates - TelegramNetworkError: HTTP Client says - ClientConnectorError: Cannot connect to host api.telegram.org:443 ssl:default [Network is unreachable]
2025-03-08 19:09:10,815 - aiogram.dispatcher - ERROR - Failed to fetch updates - TelegramNetworkError: HTTP Client says - ClientConnectorError: Cannot connect to host api.telegram.org:443 ssl:default [Network is unreachable]
2025-03-08 19:09:15,806 - aiogram.dispatcher - ERROR - Failed to fetch updates - TelegramNetworkError: HTTP Client says - ClientConnectorError: Cannot connect to host api.telegram.org:443 ssl:default [Network is unreachable]
2025-03-08 19:09:20,742 - aiogram.dispatcher - ERROR - Failed to fetch updates - TelegramNetworkError: HTTP Client says - ClientConnectorError: Cannot connect to host api.telegram.org:443 ssl:default [Network is unreachable]
2025-03-08 19:09:25,795 - aiogram.dispatcher - ERROR - Failed to fetch updates - TelegramNetworkError: HTTP Client says - ClientConnectorError: Cannot connect to host api.telegram.org:443 ssl:default [Network is unreachable]
2025-03-08 19:09:30,641 - aiogram.dispatcher - ERROR - Failed to fetch updates - TelegramNetworkError: HTTP Client says - ClientConnectorError: Cannot connect to host api.telegram.org:443 ssl:default [Network is unreachable]
2025-03-08 19:09:35,676 - aiogram.dispatcher - ERROR - Failed to fetch updates - TelegramNetworkError: HTTP Client says - ClientConnectorError: Cannot connect to host api.telegram.org:443 ssl:default [Network is unreachable]
2025-03-08 19:09:40,701 - aiogram.dispatcher - ERROR - Failed to fetch updates - TelegramNetworkError: HTTP Client says - ClientConnectorError: Cannot connect to host api.telegram.org:443 ssl:default [Network is unreachable]
2025-03-08 19:09:45,796 - aiogram.dispatcher - ERROR - Failed to fetch updates - TelegramNetworkError: HTTP Client says - ClientConnectorError: Cannot connect to host api.telegram.org:443 ssl:default [Network is unreachable]
2025-03-08 19:09:50,759 - aiogram.dispatcher - ERROR - Failed to fetch updates - TelegramNetworkError: HTTP Client says - ClientConnectorError: Cannot connect to host api.telegram.org:443 ssl:default [Network is unreachable]
2025-03-08 19:09:55,650 - aiogram.dispatcher - ERROR - Failed to fetch updates - TelegramNetworkError: HTTP Client says - ClientConnectorError: Cannot connect to host api.telegram.org:443 ssl:default [Network is unreachable]
2025-03-08 19:10:00,676 - aiogram.dispatcher - ERROR - Failed to fetch updates - TelegramNetworkError: HTTP Client says - ClientConnectorError: Cannot connect to host api.telegram.org:443 ssl:default [Network is unreachable]
2025-03-08 19:10:05,612 - aiogram.dispatcher - ERROR - Failed to fetch updates - TelegramNetworkError: HTTP Client says - ClientConnectorError: Cannot connect to host api.telegram.org:443 ssl:default [Network is unreachable]
2025-03-08 19:10:10,826 - aiogram.dispatcher - ERROR - Failed to fetch updates - TelegramNetworkError: HTTP Client says - ClientConnectorError: Cannot connect to host api.telegram.org:443 ssl:default [Network is unreachable]
2025-03-08 19:10:15,864 - aiogram.dispatcher - ERROR - Failed to fetch updates - TelegramNetworkError: HTTP Client says - ClientConnectorError: Cannot connect to host api.telegram.org:443 ssl:default [Network is unreachable]
2025-03-08 19:10:20,842 - aiogram.dispatcher - ERROR - Failed to fetch updates - TelegramNetworkError: HTTP Client says - ClientConnectorError: Cannot connect to host api.telegram.org:443 ssl:default [Network is unreachable]
2025-03-08 19:10:25,766 - aiogram.dispatcher - ERROR - Failed to fetch updates - TelegramNetworkError: HTTP Client says - ClientConnectorError: Cannot connect to host api.telegram.org:443 ssl:default [Network is unreachable]
2025-03-08 19:10:30,723 - aiogram.dispatcher - ERROR - Failed to fetch updates - TelegramNetworkError: HTTP Client says - ClientConnectorError: Cannot connect to host api.telegram.org:443 ssl:default [Network is unreachable]
2025-03-08 19:10:35,637 - aiogram.dispatcher - ERROR - Failed to fetch updates - TelegramNetworkError: HTTP Client says - ClientConnectorError: Cannot connect to host api.telegram.org:443 ssl:default [Network is unreachable]
2025-03-08 19:10:40,593 - aiogram.dispatcher - ERROR - Failed to fetch updates - TelegramNetworkError: HTTP Client says - ClientConnectorError: Cannot connect to host api.telegram.org:443 ssl:default [Network is unreachable]
2025-03-08 19:10:45,806 - aiogram.dispatcher - ERROR - Failed to fetch updates - TelegramNetworkError: HTTP Client says - ClientConnectorError: Cannot connect to host api.telegram.org:443 ssl:default [Network is unreachable]
2025-03-08 19:10:50,963 - aiogram.dispatcher - ERROR - Failed to fetch updates - TelegramNetworkError: HTTP Client says - ClientConnectorError: Cannot connect to host api.telegram.org:443 ssl:default [Network is unreachable]
2025-03-08 19:10:55,978 - aiogram.dispatcher - ERROR - Failed to fetch updates - TelegramNetworkError: HTTP Client says - ClientConnectorError: Cannot connect to host api.telegram.org:443 ssl:default [Network is unreachable]
2025-03-08 19:11:01,104 - aiogram.dispatcher - ERROR - Failed to fetch updates - TelegramNetworkError: HTTP Client says - ClientConnectorError: Cannot connect to host api.telegram.org:443 ssl:default [Network is unreachable]
2025-03-08 19:11:06,257 - aiogram.dispatcher - ERROR - Failed to fetch updates - TelegramNetworkError: HTTP Client says - ClientConnectorError: Cannot connect to host api.telegram.org:443 ssl:default [Network is unreachable]
2025-03-08 19:11:11,402 - aiogram.dispatcher - ERROR - Failed to fetch updates - TelegramNetworkError: HTTP Client says - ClientConnectorError: Cannot connect to host api.telegram.org:443 ssl:default [Network is unreachable]
2025-03-08 19:11:16,401 - aiogram.dispatcher - ERROR - Failed to fetch updates - TelegramNetworkError: HTTP Client says - ClientConnectorError: Cannot connect to host api.telegram.org:443 ssl:default [Network is unreachable]
2025-03-08 19:11:21,305 - aiogram.dispatcher - ERROR - Failed to fetch updates - TelegramNetworkError: HTTP Client says - ClientConnectorError: Cannot connect to host api.telegram.org:443 ssl:default [Network is unreachable]
2025-03-08 19:11:26,417 - aiogram.dispatcher - ERROR - Failed to fetch updates - TelegramNetworkError: HTTP Client says - ClientConnectorError: Cannot connect to host api.telegram.org:443 ssl:default [Network is unreachable]
2025-03-08 19:11:31,486 - aiogram.dispatcher - ERROR - Failed to fetch updates - TelegramNetworkError: HTTP Client says - ClientConnectorError: Cannot connect to host api.telegram.org:443 ssl:default [Network is unreachable]
2025-03-08 19:11:36,253 - aiogram.dispatcher - ERROR - Failed to fetch updates - TelegramNetworkError: HTTP Client says - ClientConnectorError: Cannot connect to host api.telegram.org:443 ssl:default [Network is unreachable]
2025-03-08 19:11:41,261 - aiogram.dispatcher - ERROR - Failed to fetch updates - TelegramNetworkError: HTTP Client says - ClientConnectorError: Cannot connect to host api.telegram.org:443 ssl:default [Network is unreachable]
2025-03-08 19:11:46,222 - aiogram.dispatcher - ERROR - Failed to fetch updates - TelegramNetworkError: HTTP Client says - ClientConnectorError: Cannot connect to host api.telegram.org:443 ssl:default [Network is unreachable]
2025-03-08 19:11:51,303 - aiogram.dispatcher - ERROR - Failed to fetch updates - TelegramNetworkError: HTTP Client says - ClientConnectorError: Cannot connect to host api.telegram.org:443 ssl:default [Network is unreachable]
2025-03-08 19:11:56,214 - aiogram.dispatcher - ERROR - Failed to fetch updates - TelegramNetworkError: HTTP Client says - ClientConnectorError: Cannot connect to host api.telegram.org:443 ssl:default [Network is unreachable]
2025-03-08 19:12:01,235 - aiogram.dispatcher - ERROR - Failed to fetch updates - TelegramNetworkError: HTTP Client says - ClientConnectorError: Cannot connect to host api.telegram.org:443 ssl:default [Network is unreachable]
2025-03-08 19:12:06,227 - aiogram.dispatcher - ERROR - Failed to fetch updates - TelegramNetworkError: HTTP Client says - ClientConnectorError: Cannot connect to host api.telegram.org:443 ssl:default [Network is unreachable]
2025-03-08 19:12:11,026 - aiogram.dispatcher - ERROR - Failed to fetch updates - TelegramNetworkError: HTTP Client says - ClientConnectorError: Cannot connect to host api.telegram.org:443 ssl:default [Network is unreachable]
2025-03-08 19:12:15,903 - aiogram.dispatcher - ERROR - Failed to fetch updates - TelegramNetworkError: HTTP Client says - ClientConnectorError: Cannot connect to host api.telegram.org:443 ssl:default [Network is unreachable]
2025-03-08 19:12:20,805 - aiogram.dispatcher - ERROR - Failed to fetch updates - TelegramNetworkError: HTTP Client says - ClientConnectorError: Cannot connect to host api.telegram.org:443 ssl:default [Network is unreachable]
2025-03-08 19:12:25,758 - aiogram.dispatcher - ERROR - Failed to fetch updates - TelegramNetworkError: HTTP Client says - ClientConnectorError: Cannot connect to host api.telegram.org:443 ssl:default [Network is unreachable]
2025-03-08 19:12:30,805 - aiogram.dispatcher - ERROR - Failed to fetch updates - TelegramNetworkError: HTTP Client says - ClientConnectorError: Cannot connect to host api.telegram.org:443 ssl:default [Network is unreachable]
2025-03-08 19:12:35,883 - aiogram.dispatcher - ERROR - Failed to fetch updates - TelegramNetworkError: HTTP Client says - ClientConnectorError: Cannot connect to host api.telegram.org:443 ssl:default [Network is unreachable]
2025-03-08 19:12:40,933 - aiogram.dispatcher - ERROR - Failed to fetch updates - TelegramNetworkError: HTTP Client says - ClientConnectorError: Cannot connect to host api.telegram.org:443 ssl:default [Network is unreachable]
2025-03-08 19:12:45,863 - aiogram.dispatcher - ERROR - Failed to fetch updates - TelegramNetworkError: HTTP Client says - ClientConnectorError: Cannot connect to host api.telegram.org:443 ssl:default [Network is unreachable]
2025-03-08 19:12:50,695 - aiogram.dispatcher - ERROR - Failed to fetch updates - TelegramNetworkError: HTTP Client says - ClientConnectorError: Cannot connect to host api.telegram.org:443 ssl:default [Network is unreachable]
2025-03-08 19:12:55,747 - aiogram.dispatcher - ERROR - Failed to fetch updates - TelegramNetworkError: HTTP Client says - ClientConnectorError: Cannot connect to host api.telegram.org:443 ssl:default [Network is unreachable]
2025-03-08 19:13:00,836 - aiogram.dispatcher - ERROR - Failed to fetch updates - TelegramNetworkError: HTTP Client says - ClientConnectorError: Cannot connect to host api.telegram.org:443 ssl:default [Network is unreachable]
2025-03-08 19:13:05,861 - aiogram.dispatcher - ERROR - Failed to fetch updates - TelegramNetworkError: HTTP Client says - ClientConnectorError: Cannot connect to host api.telegram.org:443 ssl:default [Network is unreachable]
2025-03-08 19:13:10,817 - aiogram.dispatcher - ERROR - Failed to fetch updates - TelegramNetworkError: HTTP Client says - ClientConnectorError: Cannot connect to host api.telegram.org:443 ssl:default [Network is unreachable]
2025-03-08 19:13:15,779 - aiogram.dispatcher - ERROR - Failed to fetch updates - TelegramNetworkError: HTTP Client says - ClientConnectorError: Cannot connect to host api.telegram.org:443 ssl:default [Network is unreachable]
2025-03-08 19:13:20,696 - aiogram.dispatcher - ERROR - Failed to fetch updates - TelegramNetworkError: HTTP Client says - ClientConnectorError: Cannot connect to host api.telegram.org:443 ssl:default [Network is unreachable]
2025-03-08 19:13:25,851 - aiogram.dispatcher - ERROR - Failed to fetch updates - TelegramNetworkError: HTTP Client says - ClientConnectorError: Cannot connect to host api.telegram.org:443 ssl:default [Network is unreachable]
2025-03-08 19:13:30,741 - aiogram.dispatcher - ERROR - Failed to fetch updates - TelegramNetworkError: HTTP Client says - ClientConnectorError: Cannot connect to host api.telegram.org:443 ssl:default [Network is unreachable]
2025-03-08 19:13:35,774 - aiogram.dispatcher - ERROR - Failed to fetch updates - TelegramNetworkError: HTTP Client says - ClientConnectorError: Cannot connect to host api.telegram.org:443 ssl:default [Network is unreachable]
2025-03-08 19:13:40,757 - aiogram.dispatcher - ERROR - Failed to fetch updates - TelegramNetworkError: HTTP Client says - ClientConnectorError: Cannot connect to host api.telegram.org:443 ssl:default [Network is unreachable]
2025-03-08 19:13:45,949 - aiogram.dispatcher - ERROR - Failed to fetch updates - TelegramNetworkError: HTTP Client says - ClientConnectorError: Cannot connect to host api.telegram.org:443 ssl:default [Network is unreachable]
2025-03-08 19:13:50,856 - aiogram.dispatcher - ERROR - Failed to fetch updates - TelegramNetworkError: HTTP Client says - ClientConnectorError: Cannot connect to host api.telegram.org:443 ssl:default [Network is unreachable]
2025-03-08 19:13:55,698 - aiogram.dispatcher - ERROR - Failed to fetch updates - TelegramNetworkError: HTTP Client says - ClientConnectorError: Cannot connect to host api.telegram.org:443 ssl:default [Network is unreachable]
2025-03-08 19:14:00,538 - aiogram.dispatcher - ERROR - Failed to fetch updates - TelegramNetworkError: HTTP Client says - ClientConnectorError: Cannot connect to host api.telegram.org:443 ssl:default [Network is unreachable]
2025-03-08 19:14:05,759 - aiogram.dispatcher - ERROR - Failed to fetch updates - TelegramNetworkError: HTTP Client says - ClientConnectorError: Cannot connect to host api.telegram.org:443 ssl:default [Network is unreachable]
2025-03-08 19:14:10,862 - aiogram.dispatcher - ERROR - Failed to fetch updates - TelegramNetworkError: HTTP Client says - ClientConnectorError: Cannot connect to host api.telegram.org:443 ssl:default [Network is unreachable]
2025-03-08 19:14:16,044 - aiogram.dispatcher - ERROR - Failed to fetch updates - TelegramNetworkError: HTTP Client says - ClientConnectorError: Cannot connect to host api.telegram.org:443 ssl:default [Network is unreachable]
2025-03-08 19:14:21,027 - aiogram.dispatcher - ERROR - Failed to fetch updates - TelegramNetworkError: HTTP Client says - ClientConnectorError: Cannot connect to host api.telegram.org:443 ssl:default [Network is unreachable]
2025-03-08 19:14:26,036 - aiogram.dispatcher - ERROR - Failed to fetch updates - TelegramNetworkError: HTTP Client says - ClientConnectorError: Cannot connect to host api.telegram.org:443 ssl:default [Network is unreachable]
2025-03-08 19:14:30,838 - aiogram.dispatcher - ERROR - Failed to fetch updates - TelegramNetworkError: HTTP Client says - ClientConnectorError: Cannot connect to host api.telegram.org:443 ssl:default [Network is unreachable]
2025-03-08 19:14:35,862 - aiogram.dispatcher - ERROR - Failed to fetch updates - TelegramNetworkError: HTTP Client says - ClientConnectorError: Cannot connect to host api.telegram.org:443 ssl:default [Network is unreachable]
2025-03-08 19:14:41,038 - aiogram.dispatcher - ERROR - Failed to fetch updates - TelegramNetworkError: HTTP Client says - ClientConnectorError: Cannot connect to host api.telegram.org:443 ssl:default [Network is unreachable]
2025-03-08 19:14:46,164 - aiogram.dispatcher - ERROR - Failed to fetch updates - TelegramNetworkError: HTTP Client says - ClientConnectorError: Cannot connect to host api.telegram.org:443 ssl:default [Network is unreachable]
2025-03-08 19:14:51,048 - aiogram.dispatcher - ERROR - Failed to fetch updates - TelegramNetworkError: HTTP Client says - ClientConnectorError: Cannot connect to host api.telegram.org:443 ssl:default [Network is unreachable]
2025-03-08 19:14:56,026 - aiogram.dispatcher - ERROR - Failed to fetch updates - TelegramNetworkError: HTTP Client says - ClientConnectorError: Cannot connect to host api.telegram.org:443 ssl:default [Network is unreachable]
2025-03-08 19:15:01,034 - aiogram.dispatcher - ERROR - Failed to fetch updates - TelegramNetworkError: HTTP Client says - ClientConnectorError: Cannot connect to host api.telegram.org:443 ssl:default [Network is unreachable]
2025-03-08 19:15:06,014 - aiogram.dispatcher - ERROR - Failed to fetch updates - TelegramNetworkError: HTTP Client says - ClientConnectorError: Cannot connect to host api.telegram.org:443 ssl:default [Network is unreachable]
2025-03-08 19:15:11,197 - aiogram.dispatcher - ERROR - Failed to fetch updates - TelegramNetworkError: HTTP Client says - ClientConnectorError: Cannot connect to host api.telegram.org:443 ssl:default [Network is unreachable]
2025-03-08 19:15:16,352 - aiogram.dispatcher - ERROR - Failed to fetch updates - TelegramNetworkError: HTTP Client says - ClientConnectorError: Cannot connect to host api.telegram.org:443 ssl:default [Network is unreachable]
2025-03-08 19:15:21,447 - aiogram.dispatcher - ERROR - Failed to fetch updates - TelegramNetworkError: HTTP Client says - ClientConnectorError: Cannot connect to host api.telegram.org:443 ssl:default [Network is unreachable]
2025-03-08 19:15:26,324 - aiogram.dispatcher - ERROR - Failed to fetch updates - TelegramNetworkError: HTTP Client says - ClientConnectorError: Cannot connect to host api.telegram.org:443 ssl:default [Network is unreachable]
2025-03-08 19:15:31,338 - aiogram.dispatcher - ERROR - Failed to fetch updates - TelegramNetworkError: HTTP Client says - ClientConnectorError: Cannot connect to host api.telegram.org:443 ssl:default [Network is unreachable]
2025-03-08 19:15:36,305 - aiogram.dispatcher - ERROR - Failed to fetch updates - TelegramNetworkError: HTTP Client says - ClientConnectorError: Cannot connect to host api.telegram.org:443 ssl:default [Network is unreachable]
2025-03-08 19:15:41,264 - aiogram.dispatcher - ERROR - Failed to fetch updates - TelegramNetworkError: HTTP Client says - ClientConnectorError: Cannot connect to host api.telegram.org:443 ssl:default [Network is unreachable]
2025-03-08 19:15:46,207 - aiogram.dispatcher - ERROR - Failed to fetch updates - TelegramNetworkError: HTTP Client says - ClientConnectorError: Cannot connect to host api.telegram.org:443 ssl:default [Network is unreachable]
2025-03-08 19:15:51,098 - aiogram.dispatcher - ERROR - Failed to fetch updates - TelegramNetworkError: HTTP Client says - ClientConnectorError: Cannot connect to host api.telegram.org:443 ssl:default [Network is unreachable]
2025-03-08 19:15:56,158 - aiogram.dispatcher - ERROR - Failed to fetch updates - TelegramNetworkError: HTTP Client says - ClientConnectorError: Cannot connect to host api.telegram.org:443 ssl:default [Network is unreachable]
2025-03-08 19:16:01,244 - aiogram.dispatcher - ERROR - Failed to fetch updates - TelegramNetworkError: HTTP Client says - ClientConnectorError: Cannot connect to host api.telegram.org:443 ssl:default [Network is unreachable]
2025-03-08 19:16:06,167 - aiogram.dispatcher - ERROR - Failed to fetch updates - TelegramNetworkError: HTTP Client says - ClientConnectorError: Cannot connect to host api.telegram.org:443 ssl:default [Network is unreachable]
2025-03-08 19:16:11,117 - aiogram.dispatcher - ERROR - Failed to fetch updates - TelegramNetworkError: HTTP Client says - ClientConnectorError: Cannot connect to host api.telegram.org:443 ssl:default [Network is unreachable]
2025-03-08 19:16:16,150 - aiogram.dispatcher - ERROR - Failed to fetch updates - TelegramNetworkError: HTTP Client says - ClientConnectorError: Cannot connect to host api.telegram.org:443 ssl:default [Network is unreachable]
2025-03-08 19:16:21,265 - aiogram.dispatcher - ERROR - Failed to fetch updates - TelegramNetworkError: HTTP Client says - ClientConnectorError: Cannot connect to host api.telegram.org:443 ssl:default [Network is unreachable]
2025-03-08 19:16:26,381 - aiogram.dispatcher - ERROR - Failed to fetch updates - TelegramNetworkError: HTTP Client says - ClientConnectorError: Cannot connect to host api.telegram.org:443 ssl:default [Network is unreachable]
2025-03-08 19:16:31,403 - aiogram.dispatcher - ERROR - Failed to fetch updates - TelegramNetworkError: HTTP Client says - ClientConnectorError: Cannot connect to host api.telegram.org:443 ssl:default [Network is unreachable]
2025-03-08 19:16:36,215 - aiogram.dispatcher - ERROR - Failed to fetch updates - TelegramNetworkError: HTTP Client says - ClientConnectorError: Cannot connect to host api.telegram.org:443 ssl:default [Network is unreachable]
2025-03-08 19:16:41,220 - aiogram.dispatcher - ERROR - Failed to fetch updates - TelegramNetworkError: HTTP Client says - ClientConnectorError: Cannot connect to host api.telegram.org:443 ssl:default [Network is unreachable]
2025-03-08 19:16:46,179 - aiogram.dispatcher - ERROR - Failed to fetch updates - TelegramNetworkError: HTTP Client says - ClientConnectorError: Cannot connect to host api.telegram.org:443 ssl:default [Network is unreachable]
2025-03-08 19:16:51,323 - aiogram.dispatcher - ERROR - Failed to fetch updates - TelegramNetworkError: HTTP Client says - ClientConnectorError: Cannot connect to host api.telegram.org:443 ssl:default [Network is unreachable]
2025-03-08 19:16:56,301 - aiogram.dispatcher - ERROR - Failed to fetch updates - TelegramNetworkError: HTTP Client says - ClientConnectorError: Cannot connect to host api.telegram.org:443 ssl:default [Network is unreachable]
2025-03-08 19:17:01,213 - aiogram.dispatcher - ERROR - Failed to fetch updates - TelegramNetworkError: HTTP Client says - ClientConnectorError: Cannot connect to host api.telegram.org:443 ssl:default [Network is unreachable]
2025-03-08 19:17:06,242 - aiogram.dispatcher - ERROR - Failed to fetch updates - TelegramNetworkError: HTTP Client says - ClientConnectorError: Cannot connect to host api.telegram.org:443 ssl:default [Network is unreachable]
2025-03-08 19:17:11,449 - aiogram.dispatcher - ERROR - Failed to fetch updates - TelegramNetworkError: HTTP Client says - ClientConnectorError: Cannot connect to host api.telegram.org:443 ssl:default [Network is unreachable]
2025-03-08 19:17:16,526 - aiogram.dispatcher - ERROR - Failed to fetch updates - TelegramNetworkError: HTTP Client says - ClientConnectorError: Cannot connect to host api.telegram.org:443 ssl:default [Network is unreachable]
2025-03-08 19:17:21,517 - aiogram.dispatcher - ERROR - Failed to fetch updates - TelegramNetworkError: HTTP Client says - ClientConnectorError: Cannot connect to host api.telegram.org:443 ssl:default [Network is unreachable]
2025-03-08 19:17:26,529 - aiogram.dispatcher - ERROR - Failed to fetch updates - TelegramNetworkError: HTTP Client says - ClientConnectorError: Cannot connect to host api.telegram.org:443 ssl:default [Network is unreachable]
2025-03-08 19:17:31,526 - aiogram.dispatcher - ERROR - Failed to fetch updates - TelegramNetworkError: HTTP Client says - ClientConnectorError: Cannot connect to host api.telegram.org:443 ssl:default [Network is unreachable]
2025-03-08 19:17:36,484 - aiogram.dispatcher - ERROR - Failed to fetch updates - TelegramNetworkError: HTTP Client says - ClientConnectorError: Cannot connect to host api.telegram.org:443 ssl:default [Network is unreachable]
2025-03-08 19:17:41,659 - aiogram.dispatcher - ERROR - Failed to fetch updates - TelegramNetworkError: HTTP Client says - ClientConnectorError: Cannot connect to host api.telegram.org:443 ssl:default [Network is unreachable]
2025-03-08 19:17:46,653 - aiogram.dispatcher - ERROR - Failed to fetch updates - TelegramNetworkError: HTTP Client says - ClientConnectorError: Cannot connect to host api.telegram.org:443 ssl:default [Network is unreachable]
2025-03-08 19:17:51,659 - aiogram.dispatcher - ERROR - Failed to fetch updates - TelegramNetworkError: HTTP Client says - ClientConnectorError: Cannot connect to host api.telegram.org:443 ssl:default [Network is unreachable]
2025-03-08 19:17:56,674 - aiogram.dispatcher - ERROR - Failed to fetch updates - TelegramNetworkError: HTTP Client says - ClientConnectorError: Cannot connect to host api.telegram.org:443 ssl:default [Network is unreachable]
2025-03-08 19:18:01,797 - aiogram.dispatcher - ERROR - Failed to fetch updates - TelegramNetworkError: HTTP Client says - ClientConnectorError: Cannot connect to host api.telegram.org:443 ssl:default [Network is unreachable]
2025-03-08 19:18:06,892 - aiogram.dispatcher - ERROR - Failed to fetch updates - TelegramNetworkError: HTTP Client says - ClientConnectorError: Cannot connect to host api.telegram.org:443 ssl:default [Network is unreachable]
2025-03-08 19:18:12,128 - aiogram.dispatcher - ERROR - Failed to fetch updates - TelegramNetworkError: HTTP Client says - ClientConnectorError: Cannot connect to host api.telegram.org:443 ssl:default [Network is unreachable]
2025-03-08 19:18:17,198 - aiogram.dispatcher - ERROR - Failed to fetch updates - TelegramNetworkError: HTTP Client says - ClientConnectorError: Cannot connect to host api.telegram.org:443 ssl:default [Network is unreachable]
2025-03-08 19:18:22,218 - aiogram.dispatcher - ERROR - Failed to fetch updates - TelegramNetworkError: HTTP Client says - ClientConnectorError: Cannot connect to host api.telegram.org:443 ssl:default [Network is unreachable]
2025-03-08 19:18:27,288 - aiogram.dispatcher - ERROR - Failed to fetch updates - TelegramNetworkError: HTTP Client says - ClientConnectorError: Cannot connect to host api.telegram.org:443 ssl:default [Network is unreachable]
2025-03-08 19:18:32,389 - aiogram.dispatcher - ERROR - Failed to fetch updates - TelegramNetworkError: HTTP Client says - ClientConnectorError: Cannot connect to host api.telegram.org:443 ssl:default [Network is unreachable]
2025-03-08 19:18:37,374 - aiogram.dispatcher - ERROR - Failed to fetch updates - TelegramNetworkError: HTTP Client says - ClientConnectorError: Cannot connect to host api.telegram.org:443 ssl:default [Network is unreachable]
2025-03-08 19:18:42,341 - aiogram.dispatcher - ERROR - Failed to fetch updates - TelegramNetworkError: HTTP Client says - ClientConnectorError: Cannot connect to host api.telegram.org:443 ssl:default [Network is unreachable]
2025-03-08 19:18:47,364 - aiogram.dispatcher - ERROR - Failed to fetch updates - TelegramNetworkError: HTTP Client says - ClientConnectorError: Cannot connect to host api.telegram.org:443 ssl:default [Network is unreachable]
2025-03-08 19:18:52,307 - aiogram.dispatcher - ERROR - Failed to fetch updates - TelegramNetworkError: HTTP Client says - ClientConnectorError: Cannot connect to host api.telegram.org:443 ssl:default [Network is unreachable]
2025-03-08 19:18:57,376 - aiogram.dispatcher - ERROR - Failed to fetch updates - TelegramNetworkError: HTTP Client says - ClientConnectorError: Cannot connect to host api.telegram.org:443 ssl:default [Network is unreachable]
2025-03-08 19:19:02,382 - aiogram.dispatcher - ERROR - Failed to fetch updates - TelegramNetworkError: HTTP Client says - ClientConnectorError: Cannot connect to host api.telegram.org:443 ssl:default [Network is unreachable]
2025-03-08 19:19:07,277 - aiogram.dispatcher - ERROR - Failed to fetch updates - TelegramNetworkError: HTTP Client says - ClientConnectorError: Cannot connect to host api.telegram.org:443 ssl:default [Network is unreachable]
2025-03-08 19:19:12,444 - aiogram.dispatcher - ERROR - Failed to fetch updates - TelegramNetworkError: HTTP Client says - ClientConnectorError: Cannot connect to host api.telegram.org:443 ssl:default [Network is unreachable]
2025-03-08 19:19:17,475 - aiogram.dispatcher - ERROR - Failed to fetch updates - TelegramNetworkError: HTTP Client says - ClientConnectorError: Cannot connect to host api.telegram.org:443 ssl:default [Network is unreachable]
2025-03-08 19:19:22,458 - aiogram.dispatcher - ERROR - Failed to fetch updates - TelegramNetworkError: HTTP Client says - ClientConnectorError: Cannot connect to host api.telegram.org:443 ssl:default [Network is unreachable]
2025-03-08 19:19:27,300 - aiogram.dispatcher - ERROR - Failed to fetch updates - TelegramNetworkError: HTTP Client says - ClientConnectorError: Cannot connect to host api.telegram.org:443 ssl:default [Network is unreachable]
2025-03-08 19:19:32,121 - aiogram.dispatcher - ERROR - Failed to fetch updates - TelegramNetworkError: HTTP Client says - ClientConnectorError: Cannot connect to host api.telegram.org:443 ssl:default [Network is unreachable]
2025-03-08 19:19:37,177 - aiogram.dispatcher - ERROR - Failed to fetch updates - TelegramNetworkError: HTTP Client says - ClientConnectorError: Cannot connect to host api.telegram.org:443 ssl:default [Network is unreachable]
2025-03-08 19:19:42,370 - aiogram.dispatcher - ERROR - Failed to fetch updates - TelegramNetworkError: HTTP Client says - ClientConnectorError: Cannot connect to host api.telegram.org:443 ssl:default [Network is unreachable]
2025-03-08 19:19:47,457 - aiogram.dispatcher - ERROR - Failed to fetch updates - TelegramNetworkError: HTTP Client says - ClientConnectorError: Cannot connect to host api.telegram.org:443 ssl:default [Network is unreachable]
2025-03-08 19:19:52,505 - aiogram.dispatcher - ERROR - Failed to fetch updates - TelegramNetworkError: HTTP Client says - ClientConnectorError: Cannot connect to host api.telegram.org:443 ssl:default [Network is unreachable]
2025-03-08 19:19:57,582 - aiogram.dispatcher - ERROR - Failed to fetch updates - TelegramNetworkError: HTTP Client says - ClientConnectorError: Cannot connect to host api.telegram.org:443 ssl:default [Network is unreachable]
2025-03-08 19:20:02,535 - aiogram.dispatcher - ERROR - Failed to fetch updates - TelegramNetworkError: HTTP Client says - ClientConnectorError: Cannot connect to host api.telegram.org:443 ssl:default [Network is unreachable]
2025-03-08 19:20:07,697 - aiogram.dispatcher - ERROR - Failed to fetch updates - TelegramNetworkError: HTTP Client says - ClientConnectorError: Cannot connect to host api.telegram.org:443 ssl:default [Network is unreachable]
2025-03-08 19:20:12,519 - aiogram.dispatcher - ERROR - Failed to fetch updates - TelegramNetworkError: HTTP Client says - ClientConnectorError: Cannot connect to host api.telegram.org:443 ssl:default [Network is unreachable]
2025-03-08 19:20:17,642 - aiogram.dispatcher - ERROR - Failed to fetch updates - TelegramNetworkError: HTTP Client says - ClientConnectorError: Cannot connect to host api.telegram.org:443 ssl:default [Network is unreachable]
2025-03-08 19:20:22,526 - aiogram.dispatcher - ERROR - Failed to fetch updates - TelegramNetworkError: HTTP Client says - ClientConnectorError: Cannot connect to host api.telegram.org:443 ssl:default [Network is unreachable]
2025-03-08 19:20:27,662 - aiogram.dispatcher - ERROR - Failed to fetch updates - TelegramNetworkError: HTTP Client says - ClientConnectorError: Cannot connect to host api.telegram.org:443 ssl:default [Network is unreachable]
2025-03-08 19:20:32,550 - aiogram.dispatcher - ERROR - Failed to fetch updates - TelegramNetworkError: HTTP Client says - ClientConnectorError: Cannot connect to host api.telegram.org:443 ssl:default [Network is unreachable]
2025-03-08 19:20:37,713 - aiogram.dispatcher - ERROR - Failed to fetch updates - TelegramNetworkError: HTTP Client says - ClientConnectorError: Cannot connect to host api.telegram.org:443 ssl:default [Network is unreachable]
2025-03-08 19:20:42,524 - aiogram.dispatcher - ERROR - Failed to fetch updates - TelegramNetworkError: HTTP Client says - ClientConnectorError: Cannot connect to host api.telegram.org:443 ssl:default [Network is unreachable]
2025-03-08 19:20:47,526 - aiogram.dispatcher - ERROR - Failed to fetch updates - TelegramNetworkError: HTTP Client says - ClientConnectorError: Cannot connect to host api.telegram.org:443 ssl:default [Network is unreachable]
2025-03-08 19:20:52,547 - aiogram.dispatcher - ERROR - Failed to fetch updates - TelegramNetworkError: HTTP Client says - ClientConnectorError: Cannot connect to host api.telegram.org:443 ssl:default [Network is unreachable]
2025-03-08 19:20:57,409 - aiogram.dispatcher - ERROR - Failed to fetch updates - TelegramNetworkError: HTTP Client says - ClientConnectorError: Cannot connect to host api.telegram.org:443 ssl:default [Network is unreachable]
2025-03-08 19:21:02,319 - aiogram.dispatcher - ERROR - Failed to fetch updates - TelegramNetworkError: HTTP Client says - ClientConnectorError: Cannot connect to host api.telegram.org:443 ssl:default [Network is unreachable]
2025-03-08 19:21:07,252 - aiogram.dispatcher - ERROR - Failed to fetch updates - TelegramNetworkError: HTTP Client says - ClientConnectorError: Cannot connect to host api.telegram.org:443 ssl:default [Network is unreachable]
2025-03-08 19:21:12,227 - aiogram.dispatcher - ERROR - Failed to fetch updates - TelegramNetworkError: HTTP Client says - ClientConnectorError: Cannot connect to host api.telegram.org:443 ssl:default [Network is unreachable]
2025-03-08 19:21:17,046 - aiogram.dispatcher - ERROR - Failed to fetch updates - TelegramNetworkError: HTTP Client says - ClientConnectorError: Cannot connect to host api.telegram.org:443 ssl:default [Network is unreachable]
2025-03-08 19:21:22,089 - aiogram.dispatcher - ERROR - Failed to fetch updates - TelegramNetworkError: HTTP Client says - ClientConnectorError: Cannot connect to host api.telegram.org:443 ssl:default [Network is unreachable]
2025-03-08 19:21:27,177 - aiogram.dispatcher - ERROR - Failed to fetch updates - TelegramNetworkError: HTTP Client says - ClientConnectorError: Cannot connect to host api.telegram.org:443 ssl:default [Network is unreachable]
2025-03-08 19:21:31,929 - aiogram.dispatcher - ERROR - Failed to fetch updates - TelegramNetworkError: HTTP Client says - ClientConnectorError: Cannot connect to host api.telegram.org:443 ssl:default [Network is unreachable]
2025-03-08 19:21:36,969 - aiogram.dispatcher - ERROR - Failed to fetch updates - TelegramNetworkError: HTTP Client says - ClientConnectorError: Cannot connect to host api.telegram.org:443 ssl:default [Network is unreachable]
2025-03-08 19:21:41,934 - aiogram.dispatcher - ERROR - Failed to fetch updates - TelegramNetworkError: HTTP Client says - ClientConnectorError: Cannot connect to host api.telegram.org:443 ssl:default [Network is unreachable]
2025-03-08 19:21:46,931 - aiogram.dispatcher - ERROR - Failed to fetch updates - TelegramNetworkError: HTTP Client says - ClientConnectorError: Cannot connect to host api.telegram.org:443 ssl:default [Network is unreachable]
2025-03-08 19:21:52,025 - aiogram.dispatcher - ERROR - Failed to fetch updates - TelegramNetworkError: HTTP Client says - ClientConnectorError: Cannot connect to host api.telegram.org:443 ssl:default [Network is unreachable]
2025-03-08 19:21:57,110 - aiogram.dispatcher - ERROR - Failed to fetch updates - TelegramNetworkError: HTTP Client says - ClientConnectorError: Cannot connect to host api.telegram.org:443 ssl:default [Network is unreachable]
2025-03-08 19:22:02,069 - aiogram.dispatcher - ERROR - Failed to fetch updates - TelegramNetworkError: HTTP Client says - ClientConnectorError: Cannot connect to host api.telegram.org:443 ssl:default [Network is unreachable]
2025-03-08 19:22:06,950 - aiogram.dispatcher - ERROR - Failed to fetch updates - TelegramNetworkError: HTTP Client says - ClientConnectorError: Cannot connect to host api.telegram.org:443 ssl:default [Network is unreachable]
2025-03-08 19:22:11,919 - aiogram.dispatcher - ERROR - Failed to fetch updates - TelegramNetworkError: HTTP Client says - ClientConnectorError: Cannot connect to host api.telegram.org:443 ssl:default [Network is unreachable]
2025-03-08 19:22:16,855 - aiogram.dispatcher - ERROR - Failed to fetch updates - TelegramNetworkError: HTTP Client says - ClientConnectorError: Cannot connect to host api.telegram.org:443 ssl:default [Network is unreachable]
2025-03-08 19:22:21,902 - aiogram.dispatcher - ERROR - Failed to fetch updates - TelegramNetworkError: HTTP Client says - ClientConnectorError: Cannot connect to host api.telegram.org:443 ssl:default [Network is unreachable]
2025-03-08 19:22:27,051 - aiogram.dispatcher - ERROR - Failed to fetch updates - TelegramNetworkError: HTTP Client says - ClientConnectorError: Cannot connect to host api.telegram.org:443 ssl:default [Network is unreachable]
2025-03-08 19:22:32,121 - aiogram.dispatcher - ERROR - Failed to fetch updates - TelegramNetworkError: HTTP Client says - ClientConnectorError: Cannot connect to host api.telegram.org:443 ssl:default [Network is unreachable]
2025-03-08 19:22:36,959 - aiogram.dispatcher - ERROR - Failed to fetch updates - TelegramNetworkError: HTTP Client says - ClientConnectorError: Cannot connect to host api.telegram.org:443 ssl:default [Network is unreachable]
2025-03-08 19:22:41,874 - aiogram.dispatcher - ERROR - Failed to fetch updates - TelegramNetworkError: HTTP Client says - ClientConnectorError: Cannot connect to host api.telegram.org:443 ssl:default [Network is unreachable]
2025-03-08 19:22:47,005 - aiogram.dispatcher - ERROR - Failed to fetch updates - TelegramNetworkError: HTTP Client says - ClientConnectorError: Cannot connect to host api.telegram.org:443 ssl:default [Network is unreachable]
2025-03-08 19:22:52,075 - aiogram.dispatcher - ERROR - Failed to fetch updates - TelegramNetworkError: HTTP Client says - ClientConnectorError: Cannot connect to host api.telegram.org:443 ssl:default [Network is unreachable]
2025-03-08 19:22:56,961 - aiogram.dispatcher - ERROR - Failed to fetch updates - TelegramNetworkError: HTTP Client says - ClientConnectorError: Cannot connect to host api.telegram.org:443 ssl:default [Network is unreachable]
2025-03-08 19:23:02,123 - aiogram.dispatcher - ERROR - Failed to fetch updates - TelegramNetworkError: HTTP Client says - ClientConnectorError: Cannot connect to host api.telegram.org:443 ssl:default [Network is unreachable]
2025-03-08 19:23:07,099 - aiogram.dispatcher - ERROR - Failed to fetch updates - TelegramNetworkError: HTTP Client says - ClientConnectorError: Cannot connect to host api.telegram.org:443 ssl:default [Network is unreachable]
2025-03-08 19:23:12,180 - aiogram.dispatcher - ERROR - Failed to fetch updates - TelegramNetworkError: HTTP Client says - ClientConnectorError: Cannot connect to host api.telegram.org:443 ssl:default [Network is unreachable]
2025-03-08 19:23:17,132 - aiogram.dispatcher - ERROR - Failed to fetch updates - TelegramNetworkError: HTTP Client says - ClientConnectorError: Cannot connect to host api.telegram.org:443 ssl:default [Network is unreachable]
2025-03-08 19:23:22,194 - aiogram.dispatcher - ERROR - Failed to fetch updates - TelegramNetworkError: HTTP Client says - ClientConnectorError: Cannot connect to host api.telegram.org:443 ssl:default [Network is unreachable]
2025-03-08 19:23:27,139 - aiogram.dispatcher - ERROR - Failed to fetch updates - TelegramNetworkError: HTTP Client says - ClientConnectorError: Cannot connect to host api.telegram.org:443 ssl:default [Network is unreachable]
2025-03-08 19:23:32,009 - aiogram.dispatcher - ERROR - Failed to fetch updates - TelegramNetworkError: HTTP Client says - ClientConnectorError: Cannot connect to host api.telegram.org:443 ssl:default [Network is unreachable]
2025-03-08 19:23:37,000 - aiogram.dispatcher - ERROR - Failed to fetch updates - TelegramNetworkError: HTTP Client says - ClientConnectorError: Cannot connect to host api.telegram.org:443 ssl:default [Network is unreachable]
2025-03-08 19:23:42,006 - aiogram.dispatcher - ERROR - Failed to fetch updates - TelegramNetworkError: HTTP Client says - ClientConnectorError: Cannot connect to host api.telegram.org:443 ssl:default [Network is unreachable]
2025-03-08 19:23:47,110 - aiogram.dispatcher - ERROR - Failed to fetch updates - TelegramNetworkError: HTTP Client says - ClientConnectorError: Cannot connect to host api.telegram.org:443 ssl:default [Network is unreachable]
2025-03-08 19:23:52,065 - aiogram.dispatcher - ERROR - Failed to fetch updates - TelegramNetworkError: HTTP Client says - ClientConnectorError: Cannot connect to host api.telegram.org:443 ssl:default [Network is unreachable]
2025-03-08 19:23:56,936 - aiogram.dispatcher - ERROR - Failed to fetch updates - TelegramNetworkError: HTTP Client says - ClientConnectorError: Cannot connect to host api.telegram.org:443 ssl:default [Network is unreachable]
2025-03-08 19:24:02,094 - aiogram.dispatcher - ERROR - Failed to fetch updates - TelegramNetworkError: HTTP Client says - ClientConnectorError: Cannot connect to host api.telegram.org:443 ssl:default [Network is unreachable]
2025-03-08 19:24:07,027 - aiogram.dispatcher - ERROR - Failed to fetch updates - TelegramNetworkError: HTTP Client says - ClientConnectorError: Cannot connect to host api.telegram.org:443 ssl:default [Network is unreachable]
2025-03-08 19:24:12,062 - aiogram.dispatcher - ERROR - Failed to fetch updates - TelegramNetworkError: HTTP Client says - ClientConnectorError: Cannot connect to host api.telegram.org:443 ssl:default [Network is unreachable]
2025-03-08 19:24:17,030 - aiogram.dispatcher - ERROR - Failed to fetch updates - TelegramNetworkError: HTTP Client says - ClientConnectorError: Cannot connect to host api.telegram.org:443 ssl:default [Network is unreachable]
2025-03-08 19:24:22,029 - aiogram.dispatcher - ERROR - Failed to fetch updates - TelegramNetworkError: HTTP Client says - ClientConnectorError: Cannot connect to host api.telegram.org:443 ssl:default [Network is unreachable]
2025-03-08 19:24:27,017 - aiogram.dispatcher - ERROR - Failed to fetch updates - TelegramNetworkError: HTTP Client says - ClientConnectorError: Cannot connect to host api.telegram.org:443 ssl:default [Network is unreachable]
2025-03-08 19:24:32,169 - aiogram.dispatcher - ERROR - Failed to fetch updates - TelegramNetworkError: HTTP Client says - ClientConnectorError: Cannot connect to host api.telegram.org:443 ssl:default [Network is unreachable]
2025-03-08 19:24:37,110 - aiogram.dispatcher - ERROR - Failed to fetch updates - TelegramNetworkError: HTTP Client says - ClientConnectorError: Cannot connect to host api.telegram.org:443 ssl:default [Network is unreachable]
2025-03-08 19:24:42,149 - aiogram.dispatcher - ERROR - Failed to fetch updates - TelegramNetworkError: HTTP Client says - ClientConnectorError: Cannot connect to host api.telegram.org:443 ssl:default [Network is unreachable]
2025-03-08 19:24:47,197 - aiogram.dispatcher - ERROR - Failed to fetch updates - TelegramNetworkError: HTTP Client says - ClientConnectorError: Cannot connect to host api.telegram.org:443 ssl:default [Network is unreachable]
2025-03-08 19:24:52,101 - aiogram.dispatcher - ERROR - Failed to fetch updates - TelegramNetworkError: HTTP Client says - ClientConnectorError: Cannot connect to host api.telegram.org:443 ssl:default [Network is unreachable]
2025-03-08 19:24:57,014 - aiogram.dispatcher - ERROR - Failed to fetch updates - TelegramNetworkError: HTTP Client says - ClientConnectorError: Cannot connect to host api.telegram.org:443 ssl:default [Network is unreachable]
2025-03-08 19:25:02,073 - aiogram.dispatcher - ERROR - Failed to fetch updates - TelegramNetworkError: HTTP Client says - ClientConnectorError: Cannot connect to host api.telegram.org:443 ssl:default [Network is unreachable]
2025-03-08 19:25:07,166 - aiogram.dispatcher - ERROR - Failed to fetch updates - TelegramNetworkError: HTTP Client says - ClientConnectorError: Cannot connect to host api.telegram.org:443 ssl:default [Network is unreachable]
2025-03-08 19:25:12,098 - aiogram.dispatcher - ERROR - Failed to fetch updates - TelegramNetworkError: HTTP Client says - ClientConnectorError: Cannot connect to host api.telegram.org:443 ssl:default [Network is unreachable]
2025-03-08 19:25:17,181 - aiogram.dispatcher - ERROR - Failed to fetch updates - TelegramNetworkError: HTTP Client says - ClientConnectorError: Cannot connect to host api.telegram.org:443 ssl:default [Network is unreachable]
2025-03-08 19:25:22,223 - aiogram.dispatcher - ERROR - Failed to fetch updates - TelegramNetworkError: HTTP Client says - ClientConnectorError: Cannot connect to host api.telegram.org:443 ssl:default [Network is unreachable]
2025-03-08 19:25:27,164 - aiogram.dispatcher - ERROR - Failed to fetch updates - TelegramNetworkError: HTTP Client says - ClientConnectorError: Cannot connect to host api.telegram.org:443 ssl:default [Network is unreachable]
2025-03-08 19:25:32,086 - aiogram.dispatcher - ERROR - Failed to fetch updates - TelegramNetworkError: HTTP Client says - ClientConnectorError: Cannot connect to host api.telegram.org:443 ssl:default [Network is unreachable]
2025-03-08 19:25:37,125 - aiogram.dispatcher - ERROR - Failed to fetch updates - TelegramNetworkError: HTTP Client says - ClientConnectorError: Cannot connect to host api.telegram.org:443 ssl:default [Network is unreachable]
2025-03-08 19:25:42,217 - aiogram.dispatcher - ERROR - Failed to fetch updates - TelegramNetworkError: HTTP Client says - ClientConnectorError: Cannot connect to host api.telegram.org:443 ssl:default [Network is unreachable]
2025-03-08 19:25:47,132 - aiogram.dispatcher - ERROR - Failed to fetch updates - TelegramNetworkError: HTTP Client says - ClientConnectorError: Cannot connect to host api.telegram.org:443 ssl:default [Network is unreachable]
2025-03-08 19:25:52,125 - aiogram.dispatcher - ERROR - Failed to fetch updates - TelegramNetworkError: HTTP Client says - ClientConnectorError: Cannot connect to host api.telegram.org:443 ssl:default [Network is unreachable]
2025-03-08 19:25:57,199 - aiogram.dispatcher - ERROR - Failed to fetch updates - TelegramNetworkError: HTTP Client says - ClientConnectorError: Cannot connect to host api.telegram.org:443 ssl:default [Network is unreachable]
2025-03-08 19:26:02,239 - aiogram.dispatcher - ERROR - Failed to fetch updates - TelegramNetworkError: HTTP Client says - ClientConnectorError: Cannot connect to host api.telegram.org:443 ssl:default [Network is unreachable]
2025-03-08 19:26:07,297 - aiogram.dispatcher - ERROR - Failed to fetch updates - TelegramNetworkError: HTTP Client says - ClientConnectorError: Cannot connect to host api.telegram.org:443 ssl:default [Network is unreachable]
2025-03-08 19:26:12,344 - aiogram.dispatcher - ERROR - Failed to fetch updates - TelegramNetworkError: HTTP Client says - ClientConnectorError: Cannot connect to host api.telegram.org:443 ssl:default [Network is unreachable]
2025-03-08 19:26:17,191 - aiogram.dispatcher - ERROR - Failed to fetch updates - TelegramNetworkError: HTTP Client says - ClientConnectorError: Cannot connect to host api.telegram.org:443 ssl:default [Network is unreachable]
2025-03-08 19:26:22,133 - aiogram.dispatcher - ERROR - Failed to fetch updates - TelegramNetworkError: HTTP Client says - ClientConnectorError: Cannot connect to host api.telegram.org:443 ssl:default [Network is unreachable]
2025-03-08 19:26:27,240 - aiogram.dispatcher - ERROR - Failed to fetch updates - TelegramNetworkError: HTTP Client says - ClientConnectorError: Cannot connect to host api.telegram.org:443 ssl:default [Network is unreachable]
2025-03-08 19:26:32,261 - aiogram.dispatcher - ERROR - Failed to fetch updates - TelegramNetworkError: HTTP Client says - ClientConnectorError: Cannot connect to host api.telegram.org:443 ssl:default [Network is unreachable]
2025-03-08 19:26:37,214 - aiogram.dispatcher - ERROR - Failed to fetch updates - TelegramNetworkError: HTTP Client says - ClientConnectorError: Cannot connect to host api.telegram.org:443 ssl:default [Network is unreachable]
2025-03-08 19:26:42,189 - aiogram.dispatcher - ERROR - Failed to fetch updates - TelegramNetworkError: HTTP Client says - ClientConnectorError: Cannot connect to host api.telegram.org:443 ssl:default [Network is unreachable]
2025-03-08 19:26:47,295 - aiogram.dispatcher - ERROR - Failed to fetch updates - TelegramNetworkError: HTTP Client says - ClientConnectorError: Cannot connect to host api.telegram.org:443 ssl:default [Network is unreachable]
2025-03-08 19:26:52,249 - aiogram.dispatcher - ERROR - Failed to fetch updates - TelegramNetworkError: HTTP Client says - ClientConnectorError: Cannot connect to host api.telegram.org:443 ssl:default [Network is unreachable]
2025-03-08 19:26:57,323 - aiogram.dispatcher - ERROR - Failed to fetch updates - TelegramNetworkError: HTTP Client says - ClientConnectorError: Cannot connect to host api.telegram.org:443 ssl:default [Network is unreachable]
2025-03-08 19:27:02,465 - aiogram.dispatcher - ERROR - Failed to fetch updates - TelegramNetworkError: HTTP Client says - ClientConnectorError: Cannot connect to host api.telegram.org:443 ssl:default [Network is unreachable]
2025-03-08 19:27:07,495 - aiogram.dispatcher - ERROR - Failed to fetch updates - TelegramNetworkError: HTTP Client says - ClientConnectorError: Cannot connect to host api.telegram.org:443 ssl:default [Network is unreachable]
2025-03-08 19:27:12,605 - aiogram.dispatcher - ERROR - Failed to fetch updates - TelegramNetworkError: HTTP Client says - ClientConnectorError: Cannot connect to host api.telegram.org:443 ssl:default [Network is unreachable]
2025-03-08 19:27:17,497 - aiogram.dispatcher - ERROR - Failed to fetch updates - TelegramNetworkError: HTTP Client says - ClientConnectorError: Cannot connect to host api.telegram.org:443 ssl:default [Network is unreachable]
2025-03-08 19:27:22,491 - aiogram.dispatcher - ERROR - Failed to fetch updates - TelegramNetworkError: HTTP Client says - ClientConnectorError: Cannot connect to host api.telegram.org:443 ssl:default [Network is unreachable]
2025-03-08 19:27:27,578 - aiogram.dispatcher - ERROR - Failed to fetch updates - TelegramNetworkError: HTTP Client says - ClientConnectorError: Cannot connect to host api.telegram.org:443 ssl:default [Network is unreachable]
2025-03-08 19:27:32,829 - aiogram.dispatcher - ERROR - Failed to fetch updates - TelegramNetworkError: HTTP Client says - ClientConnectorError: Cannot connect to host api.telegram.org:443 ssl:default [Network is unreachable]
2025-03-08 19:27:37,957 - aiogram.dispatcher - ERROR - Failed to fetch updates - TelegramNetworkError: HTTP Client says - ClientConnectorError: Cannot connect to host api.telegram.org:443 ssl:default [Network is unreachable]
2025-03-08 19:27:42,971 - aiogram.dispatcher - ERROR - Failed to fetch updates - TelegramNetworkError: HTTP Client says - ClientConnectorError: Cannot connect to host api.telegram.org:443 ssl:default [Network is unreachable]
2025-03-08 19:27:47,915 - aiogram.dispatcher - ERROR - Failed to fetch updates - TelegramNetworkError: HTTP Client says - ClientConnectorError: Cannot connect to host api.telegram.org:443 ssl:default [Network is unreachable]
2025-03-08 19:27:52,942 - aiogram.dispatcher - ERROR - Failed to fetch updates - TelegramNetworkError: HTTP Client says - ClientConnectorError: Cannot connect to host api.telegram.org:443 ssl:default [Network is unreachable]
2025-03-08 19:27:57,873 - aiogram.dispatcher - ERROR - Failed to fetch updates - TelegramNetworkError: HTTP Client says - ClientConnectorError: Cannot connect to host api.telegram.org:443 ssl:default [Network is unreachable]
2025-03-08 19:28:03,044 - aiogram.dispatcher - ERROR - Failed to fetch updates - TelegramNetworkError: HTTP Client says - ClientConnectorError: Cannot connect to host api.telegram.org:443 ssl:default [Network is unreachable]
2025-03-08 19:28:08,093 - aiogram.dispatcher - ERROR - Failed to fetch updates - TelegramNetworkError: HTTP Client says - ClientConnectorError: Cannot connect to host api.telegram.org:443 ssl:default [Network is unreachable]
2025-03-08 19:28:13,066 - aiogram.dispatcher - ERROR - Failed to fetch updates - TelegramNetworkError: HTTP Client says - ClientConnectorError: Cannot connect to host api.telegram.org:443 ssl:default [Network is unreachable]
2025-03-08 19:28:18,130 - aiogram.dispatcher - ERROR - Failed to fetch updates - TelegramNetworkError: HTTP Client says - ClientConnectorError: Cannot connect to host api.telegram.org:443 ssl:default [Network is unreachable]
2025-03-08 19:28:23,105 - aiogram.dispatcher - ERROR - Failed to fetch updates - TelegramNetworkError: HTTP Client says - ClientConnectorError: Cannot connect to host api.telegram.org:443 ssl:default [Network is unreachable]
2025-03-08 19:28:28,056 - aiogram.dispatcher - ERROR - Failed to fetch updates - TelegramNetworkError: HTTP Client says - ClientConnectorError: Cannot connect to host api.telegram.org:443 ssl:default [Network is unreachable]
2025-03-08 19:28:33,006 - aiogram.dispatcher - ERROR - Failed to fetch updates - TelegramNetworkError: HTTP Client says - ClientConnectorError: Cannot connect to host api.telegram.org:443 ssl:default [Network is unreachable]
2025-03-08 19:28:37,877 - aiogram.dispatcher - ERROR - Failed to fetch updates - TelegramNetworkError: HTTP Client says - ClientConnectorError: Cannot connect to host api.telegram.org:443 ssl:default [Network is unreachable]
2025-03-08 19:28:42,873 - aiogram.dispatcher - ERROR - Failed to fetch updates - TelegramNetworkError: HTTP Client says - ClientConnectorError: Cannot connect to host api.telegram.org:443 ssl:default [Network is unreachable]
2025-03-08 19:28:48,088 - aiogram.dispatcher - ERROR - Failed to fetch updates - TelegramNetworkError: HTTP Client says - ClientConnectorError: Cannot connect to host api.telegram.org:443 ssl:default [Network is unreachable]
2025-03-08 19:28:53,083 - aiogram.dispatcher - ERROR - Failed to fetch updates - TelegramNetworkError: HTTP Client says - ClientConnectorError: Cannot connect to host api.telegram.org:443 ssl:default [Network is unreachable]
2025-03-08 19:28:57,955 - aiogram.dispatcher - ERROR - Failed to fetch updates - TelegramNetworkError: HTTP Client says - ClientConnectorError: Cannot connect to host api.telegram.org:443 ssl:default [Network is unreachable]
2025-03-08 19:29:03,069 - aiogram.dispatcher - ERROR - Failed to fetch updates - TelegramNetworkError: HTTP Client says - ClientConnectorError: Cannot connect to host api.telegram.org:443 ssl:default [Network is unreachable]
2025-03-08 19:29:08,227 - aiogram.dispatcher - ERROR - Failed to fetch updates - TelegramNetworkError: HTTP Client says - ClientConnectorError: Cannot connect to host api.telegram.org:443 ssl:default [Network is unreachable]
2025-03-08 19:29:13,172 - aiogram.dispatcher - ERROR - Failed to fetch updates - TelegramNetworkError: HTTP Client says - ClientConnectorError: Cannot connect to host api.telegram.org:443 ssl:default [Network is unreachable]
2025-03-08 19:29:18,153 - aiogram.dispatcher - ERROR - Failed to fetch updates - TelegramNetworkError: HTTP Client says - ClientConnectorError: Cannot connect to host api.telegram.org:443 ssl:default [Network is unreachable]
2025-03-08 19:29:23,064 - aiogram.dispatcher - ERROR - Failed to fetch updates - TelegramNetworkError: HTTP Client says - ClientConnectorError: Cannot connect to host api.telegram.org:443 ssl:default [Network is unreachable]
2025-03-08 19:29:28,006 - aiogram.dispatcher - ERROR - Failed to fetch updates - TelegramNetworkError: HTTP Client says - ClientConnectorError: Cannot connect to host api.telegram.org:443 ssl:default [Network is unreachable]
2025-03-08 19:29:33,069 - aiogram.dispatcher - ERROR - Failed to fetch updates - TelegramNetworkError: HTTP Client says - ClientConnectorError: Cannot connect to host api.telegram.org:443 ssl:default [Network is unreachable]
2025-03-08 19:29:38,134 - aiogram.dispatcher - ERROR - Failed to fetch updates - TelegramNetworkError: HTTP Client says - ClientConnectorError: Cannot connect to host api.telegram.org:443 ssl:default [Network is unreachable]
2025-03-08 19:29:43,233 - aiogram.dispatcher - ERROR - Failed to fetch updates - TelegramNetworkError: HTTP Client says - ClientConnectorError: Cannot connect to host api.telegram.org:443 ssl:default [Network is unreachable]
2025-03-08 19:29:48,226 - aiogram.dispatcher - ERROR - Failed to fetch updates - TelegramNetworkError: HTTP Client says - ClientConnectorError: Cannot connect to host api.telegram.org:443 ssl:default [Network is unreachable]
2025-03-08 19:29:53,221 - aiogram.dispatcher - ERROR - Failed to fetch updates - TelegramNetworkError: HTTP Client says - ClientConnectorError: Cannot connect to host api.telegram.org:443 ssl:default [Network is unreachable]
2025-03-08 19:29:58,396 - aiogram.dispatcher - ERROR - Failed to fetch updates - TelegramNetworkError: HTTP Client says - ClientConnectorError: Cannot connect to host api.telegram.org:443 ssl:default [Network is unreachable]
2025-03-08 19:30:03,261 - aiogram.dispatcher - ERROR - Failed to fetch updates - TelegramNetworkError: HTTP Client says - ClientConnectorError: Cannot connect to host api.telegram.org:443 ssl:default [Network is unreachable]
2025-03-08 19:30:08,156 - aiogram.dispatcher - ERROR - Failed to fetch updates - TelegramNetworkError: HTTP Client says - ClientConnectorError: Cannot connect to host api.telegram.org:443 ssl:default [Network is unreachable]
2025-03-08 19:30:13,177 - aiogram.dispatcher - ERROR - Failed to fetch updates - TelegramNetworkError: HTTP Client says - ClientConnectorError: Cannot connect to host api.telegram.org:443 ssl:default [Network is unreachable]
2025-03-08 19:30:18,082 - aiogram.dispatcher - ERROR - Failed to fetch updates - TelegramNetworkError: HTTP Client says - ClientConnectorError: Cannot connect to host api.telegram.org:443 ssl:default [Network is unreachable]
2025-03-08 19:30:23,066 - aiogram.dispatcher - ERROR - Failed to fetch updates - TelegramNetworkError: HTTP Client says - ClientConnectorError: Cannot connect to host api.telegram.org:443 ssl:default [Network is unreachable]
2025-03-08 19:30:27,925 - aiogram.dispatcher - ERROR - Failed to fetch updates - TelegramNetworkError: HTTP Client says - ClientConnectorError: Cannot connect to host api.telegram.org:443 ssl:default [Network is unreachable]
2025-03-08 19:30:32,781 - aiogram.dispatcher - ERROR - Failed to fetch updates - TelegramNetworkError: HTTP Client says - ClientConnectorError: Cannot connect to host api.telegram.org:443 ssl:default [Network is unreachable]
2025-03-08 19:30:37,892 - aiogram.dispatcher - ERROR - Failed to fetch updates - TelegramNetworkError: HTTP Client says - ClientConnectorError: Cannot connect to host api.telegram.org:443 ssl:default [Network is unreachable]
2025-03-08 19:30:42,911 - aiogram.dispatcher - ERROR - Failed to fetch updates - TelegramNetworkError: HTTP Client says - ClientConnectorError: Cannot connect to host api.telegram.org:443 ssl:default [Network is unreachable]
2025-03-08 19:30:47,899 - aiogram.dispatcher - ERROR - Failed to fetch updates - TelegramNetworkError: HTTP Client says - ClientConnectorError: Cannot connect to host api.telegram.org:443 ssl:default [Network is unreachable]
2025-03-08 19:30:52,812 - aiogram.dispatcher - ERROR - Failed to fetch updates - TelegramNetworkError: HTTP Client says - ClientConnectorError: Cannot connect to host api.telegram.org:443 ssl:default [Network is unreachable]
2025-03-08 19:30:57,849 - aiogram.dispatcher - ERROR - Failed to fetch updates - TelegramNetworkError: HTTP Client says - ClientConnectorError: Cannot connect to host api.telegram.org:443 ssl:default [Network is unreachable]
2025-03-08 19:31:03,011 - aiogram.dispatcher - ERROR - Failed to fetch updates - TelegramNetworkError: HTTP Client says - ClientConnectorError: Cannot connect to host api.telegram.org:443 ssl:default [Network is unreachable]
2025-03-08 19:31:08,092 - aiogram.dispatcher - ERROR - Failed to fetch updates - TelegramNetworkError: HTTP Client says - ClientConnectorError: Cannot connect to host api.telegram.org:443 ssl:default [Network is unreachable]
2025-03-08 19:31:13,034 - aiogram.dispatcher - ERROR - Failed to fetch updates - TelegramNetworkError: HTTP Client says - ClientConnectorError: Cannot connect to host api.telegram.org:443 ssl:default [Network is unreachable]
2025-03-08 19:31:18,049 - aiogram.dispatcher - ERROR - Failed to fetch updates - TelegramNetworkError: HTTP Client says - ClientConnectorError: Cannot connect to host api.telegram.org:443 ssl:default [Network is unreachable]
2025-03-08 19:31:23,234 - aiogram.dispatcher - ERROR - Failed to fetch updates - TelegramNetworkError: HTTP Client says - ClientConnectorError: Cannot connect to host api.telegram.org:443 ssl:default [Network is unreachable]
2025-03-08 19:31:28,212 - aiogram.dispatcher - ERROR - Failed to fetch updates - TelegramNetworkError: HTTP Client says - ClientConnectorError: Cannot connect to host api.telegram.org:443 ssl:default [Network is unreachable]
2025-03-08 19:31:33,249 - aiogram.dispatcher - ERROR - Failed to fetch updates - TelegramNetworkError: HTTP Client says - ClientConnectorError: Cannot connect to host api.telegram.org:443 ssl:default [Network is unreachable]
2025-03-08 19:31:38,369 - aiogram.dispatcher - ERROR - Failed to fetch updates - TelegramNetworkError: HTTP Client says - ClientConnectorError: Cannot connect to host api.telegram.org:443 ssl:default [Network is unreachable]
2025-03-08 19:31:43,331 - aiogram.dispatcher - ERROR - Failed to fetch updates - TelegramNetworkError: HTTP Client says - ClientConnectorError: Cannot connect to host api.telegram.org:443 ssl:default [Network is unreachable]
2025-03-08 19:31:48,365 - aiogram.dispatcher - ERROR - Failed to fetch updates - TelegramNetworkError: HTTP Client says - ClientConnectorError: Cannot connect to host api.telegram.org:443 ssl:default [Network is unreachable]
2025-03-08 19:31:53,318 - aiogram.dispatcher - ERROR - Failed to fetch updates - TelegramNetworkError: HTTP Client says - ClientConnectorError: Cannot connect to host api.telegram.org:443 ssl:default [Network is unreachable]
2025-03-08 19:31:58,381 - aiogram.dispatcher - ERROR - Failed to fetch updates - TelegramNetworkError: HTTP Client says - ClientConnectorError: Cannot connect to host api.telegram.org:443 ssl:default [Network is unreachable]
2025-03-08 19:32:03,602 - aiogram.dispatcher - ERROR - Failed to fetch updates - TelegramNetworkError: HTTP Client says - ClientConnectorError: Cannot connect to host api.telegram.org:443 ssl:default [Network is unreachable]
2025-03-08 19:32:08,568 - aiogram.dispatcher - ERROR - Failed to fetch updates - TelegramNetworkError: HTTP Client says - ClientConnectorError: Cannot connect to host api.telegram.org:443 ssl:default [Network is unreachable]
2025-03-08 19:32:13,639 - aiogram.dispatcher - ERROR - Failed to fetch updates - TelegramNetworkError: HTTP Client says - ClientConnectorError: Cannot connect to host api.telegram.org:443 ssl:default [Network is unreachable]
2025-03-08 19:32:18,706 - aiogram.dispatcher - ERROR - Failed to fetch updates - TelegramNetworkError: HTTP Client says - ClientConnectorError: Cannot connect to host api.telegram.org:443 ssl:default [Network is unreachable]
2025-03-08 19:32:23,761 - aiogram.dispatcher - ERROR - Failed to fetch updates - TelegramNetworkError: HTTP Client says - ClientConnectorError: Cannot connect to host api.telegram.org:443 ssl:default [Network is unreachable]
2025-03-08 19:32:28,723 - aiogram.dispatcher - ERROR - Failed to fetch updates - TelegramNetworkError: HTTP Client says - ClientConnectorError: Cannot connect to host api.telegram.org:443 ssl:default [Network is unreachable]
2025-03-08 19:32:33,695 - aiogram.dispatcher - ERROR - Failed to fetch updates - TelegramNetworkError: HTTP Client says - ClientConnectorError: Cannot connect to host api.telegram.org:443 ssl:default [Network is unreachable]
2025-03-08 19:32:38,640 - aiogram.dispatcher - ERROR - Failed to fetch updates - TelegramNetworkError: HTTP Client says - ClientConnectorError: Cannot connect to host api.telegram.org:443 ssl:default [Network is unreachable]
2025-03-08 19:32:43,764 - aiogram.dispatcher - ERROR - Failed to fetch updates - TelegramNetworkError: HTTP Client says - ClientConnectorError: Cannot connect to host api.telegram.org:443 ssl:default [Network is unreachable]
2025-03-08 19:32:48,667 - aiogram.dispatcher - ERROR - Failed to fetch updates - TelegramNetworkError: HTTP Client says - ClientConnectorError: Cannot connect to host api.telegram.org:443 ssl:default [Network is unreachable]
2025-03-08 19:32:53,559 - aiogram.dispatcher - ERROR - Failed to fetch updates - TelegramNetworkError: HTTP Client says - ClientConnectorError: Cannot connect to host api.telegram.org:443 ssl:default [Network is unreachable]
2025-03-08 19:32:58,534 - aiogram.dispatcher - ERROR - Failed to fetch updates - TelegramNetworkError: HTTP Client says - ClientConnectorError: Cannot connect to host api.telegram.org:443 ssl:default [Network is unreachable]
2025-03-08 19:33:03,739 - aiogram.dispatcher - ERROR - Failed to fetch updates - TelegramNetworkError: HTTP Client says - ClientConnectorError: Cannot connect to host api.telegram.org:443 ssl:default [Network is unreachable]
2025-03-08 19:33:08,773 - aiogram.dispatcher - ERROR - Failed to fetch updates - TelegramNetworkError: HTTP Client says - ClientConnectorError: Cannot connect to host api.telegram.org:443 ssl:default [Network is unreachable]
2025-03-08 19:33:13,776 - aiogram.dispatcher - ERROR - Failed to fetch updates - TelegramNetworkError: HTTP Client says - ClientConnectorError: Cannot connect to host api.telegram.org:443 ssl:default [Network is unreachable]
2025-03-08 19:33:18,691 - aiogram.dispatcher - ERROR - Failed to fetch updates - TelegramNetworkError: HTTP Client says - ClientConnectorError: Cannot connect to host api.telegram.org:443 ssl:default [Network is unreachable]
2025-03-08 19:33:23,681 - aiogram.dispatcher - ERROR - Failed to fetch updates - TelegramNetworkError: HTTP Client says - ClientConnectorError: Cannot connect to host api.telegram.org:443 ssl:default [Network is unreachable]
2025-03-08 19:33:28,680 - aiogram.dispatcher - ERROR - Failed to fetch updates - TelegramNetworkError: HTTP Client says - ClientConnectorError: Cannot connect to host api.telegram.org:443 ssl:default [Network is unreachable]
2025-03-08 19:33:33,866 - aiogram.dispatcher - ERROR - Failed to fetch updates - TelegramNetworkError: HTTP Client says - ClientConnectorError: Cannot connect to host api.telegram.org:443 ssl:default [Network is unreachable]
2025-03-08 19:33:38,927 - aiogram.dispatcher - ERROR - Failed to fetch updates - TelegramNetworkError: HTTP Client says - ClientConnectorError: Cannot connect to host api.telegram.org:443 ssl:default [Network is unreachable]
2025-03-08 19:33:43,952 - aiogram.dispatcher - ERROR - Failed to fetch updates - TelegramNetworkError: HTTP Client says - ClientConnectorError: Cannot connect to host api.telegram.org:443 ssl:default [Network is unreachable]
2025-03-08 19:33:49,009 - aiogram.dispatcher - ERROR - Failed to fetch updates - TelegramNetworkError: HTTP Client says - ClientConnectorError: Cannot connect to host api.telegram.org:443 ssl:default [Network is unreachable]
2025-03-08 19:33:53,970 - aiogram.dispatcher - ERROR - Failed to fetch updates - TelegramNetworkError: HTTP Client says - ClientConnectorError: Cannot connect to host api.telegram.org:443 ssl:default [Network is unreachable]
2025-03-08 19:33:58,892 - aiogram.dispatcher - ERROR - Failed to fetch updates - TelegramNetworkError: HTTP Client says - ClientConnectorError: Cannot connect to host api.telegram.org:443 ssl:default [Network is unreachable]
2025-03-08 19:34:03,937 - aiogram.dispatcher - ERROR - Failed to fetch updates - TelegramNetworkError: HTTP Client says - ClientConnectorError: Cannot connect to host api.telegram.org:443 ssl:default [Network is unreachable]
2025-03-08 19:34:08,932 - aiogram.dispatcher - ERROR - Failed to fetch updates - TelegramNetworkError: HTTP Client says - ClientConnectorError: Cannot connect to host api.telegram.org:443 ssl:default [Network is unreachable]
2025-03-08 19:34:14,017 - aiogram.dispatcher - ERROR - Failed to fetch updates - TelegramNetworkError: HTTP Client says - ClientConnectorError: Cannot connect to host api.telegram.org:443 ssl:default [Network is unreachable]
2025-03-08 19:34:19,120 - aiogram.dispatcher - ERROR - Failed to fetch updates - TelegramNetworkError: HTTP Client says - ClientConnectorError: Cannot connect to host api.telegram.org:443 ssl:default [Network is unreachable]
2025-03-08 19:34:24,237 - aiogram.dispatcher - ERROR - Failed to fetch updates - TelegramNetworkError: HTTP Client says - ClientConnectorError: Cannot connect to host api.telegram.org:443 ssl:default [Network is unreachable]
2025-03-08 19:34:29,324 - aiogram.dispatcher - ERROR - Failed to fetch updates - TelegramNetworkError: HTTP Client says - ClientConnectorError: Cannot connect to host api.telegram.org:443 ssl:default [Network is unreachable]
2025-03-08 19:34:34,205 - aiogram.dispatcher - ERROR - Failed to fetch updates - TelegramNetworkError: HTTP Client says - ClientConnectorError: Cannot connect to host api.telegram.org:443 ssl:default [Network is unreachable]
2025-03-08 19:34:39,179 - aiogram.dispatcher - ERROR - Failed to fetch updates - TelegramNetworkError: HTTP Client says - ClientConnectorError: Cannot connect to host api.telegram.org:443 ssl:default [Network is unreachable]
2025-03-08 19:34:44,232 - aiogram.dispatcher - ERROR - Failed to fetch updates - TelegramNetworkError: HTTP Client says - ClientConnectorError: Cannot connect to host api.telegram.org:443 ssl:default [Network is unreachable]
2025-03-08 19:34:49,139 - aiogram.dispatcher - ERROR - Failed to fetch updates - TelegramNetworkError: HTTP Client says - ClientConnectorError: Cannot connect to host api.telegram.org:443 ssl:default [Network is unreachable]
2025-03-08 19:34:54,214 - aiogram.dispatcher - ERROR - Failed to fetch updates - TelegramNetworkError: HTTP Client says - ClientConnectorError: Cannot connect to host api.telegram.org:443 ssl:default [Network is unreachable]
2025-03-08 19:34:59,199 - aiogram.dispatcher - ERROR - Failed to fetch updates - TelegramNetworkError: HTTP Client says - ClientConnectorError: Cannot connect to host api.telegram.org:443 ssl:default [Network is unreachable]
2025-03-08 19:35:04,136 - aiogram.dispatcher - ERROR - Failed to fetch updates - TelegramNetworkError: HTTP Client says - ClientConnectorError: Cannot connect to host api.telegram.org:443 ssl:default [Network is unreachable]
2025-03-08 19:35:09,260 - aiogram.dispatcher - ERROR - Failed to fetch updates - TelegramNetworkError: HTTP Client says - ClientConnectorError: Cannot connect to host api.telegram.org:443 ssl:default [Network is unreachable]
2025-03-08 19:35:14,175 - aiogram.dispatcher - ERROR - Failed to fetch updates - TelegramNetworkError: HTTP Client says - ClientConnectorError: Cannot connect to host api.telegram.org:443 ssl:default [Network is unreachable]
2025-03-08 19:35:19,172 - aiogram.dispatcher - ERROR - Failed to fetch updates - TelegramNetworkError: HTTP Client says - ClientConnectorError: Cannot connect to host api.telegram.org:443 ssl:default [Network is unreachable]
2025-03-08 19:35:24,166 - aiogram.dispatcher - ERROR - Failed to fetch updates - TelegramNetworkError: HTTP Client says - ClientConnectorError: Cannot connect to host api.telegram.org:443 ssl:default [Network is unreachable]
2025-03-08 19:35:29,242 - aiogram.dispatcher - ERROR - Failed to fetch updates - TelegramNetworkError: HTTP Client says - ClientConnectorError: Cannot connect to host api.telegram.org:443 ssl:default [Network is unreachable]
2025-03-08 19:35:34,222 - aiogram.dispatcher - ERROR - Failed to fetch updates - TelegramNetworkError: HTTP Client says - ClientConnectorError: Cannot connect to host api.telegram.org:443 ssl:default [Network is unreachable]
2025-03-08 19:35:39,187 - aiogram.dispatcher - ERROR - Failed to fetch updates - TelegramNetworkError: HTTP Client says - ClientConnectorError: Cannot connect to host api.telegram.org:443 ssl:default [Network is unreachable]
2025-03-08 19:35:44,238 - aiogram.dispatcher - ERROR - Failed to fetch updates - TelegramNetworkError: HTTP Client says - ClientConnectorError: Cannot connect to host api.telegram.org:443 ssl:default [Network is unreachable]
2025-03-08 19:35:49,296 - aiogram.dispatcher - ERROR - Failed to fetch updates - TelegramNetworkError: HTTP Client says - ClientConnectorError: Cannot connect to host api.telegram.org:443 ssl:default [Network is unreachable]
2025-03-08 19:35:54,342 - aiogram.dispatcher - ERROR - Failed to fetch updates - TelegramNetworkError: HTTP Client says - ClientConnectorError: Cannot connect to host api.telegram.org:443 ssl:default [Network is unreachable]
2025-03-08 19:35:59,326 - aiogram.dispatcher - ERROR - Failed to fetch updates - TelegramNetworkError: HTTP Client says - ClientConnectorError: Cannot connect to host api.telegram.org:443 ssl:default [Network is unreachable]
2025-03-08 19:36:04,273 - aiogram.dispatcher - ERROR - Failed to fetch updates - TelegramNetworkError: HTTP Client says - ClientConnectorError: Cannot connect to host api.telegram.org:443 ssl:default [Network is unreachable]
2025-03-08 19:36:09,330 - aiogram.dispatcher - ERROR - Failed to fetch updates - TelegramNetworkError: HTTP Client says - ClientConnectorError: Cannot connect to host api.telegram.org:443 ssl:default [Network is unreachable]
2025-03-08 19:36:14,301 - aiogram.dispatcher - ERROR - Failed to fetch updates - TelegramNetworkError: HTTP Client says - ClientConnectorError: Cannot connect to host api.telegram.org:443 ssl:default [Network is unreachable]
2025-03-08 19:36:19,216 - aiogram.dispatcher - ERROR - Failed to fetch updates - TelegramNetworkError: HTTP Client says - ClientConnectorError: Cannot connect to host api.telegram.org:443 ssl:default [Network is unreachable]
2025-03-08 19:36:24,252 - aiogram.dispatcher - ERROR - Failed to fetch updates - TelegramNetworkError: HTTP Client says - ClientConnectorError: Cannot connect to host api.telegram.org:443 ssl:default [Network is unreachable]
2025-03-08 19:36:29,094 - aiogram.dispatcher - ERROR - Failed to fetch updates - TelegramNetworkError: HTTP Client says - ClientConnectorError: Cannot connect to host api.telegram.org:443 ssl:default [Network is unreachable]
2025-03-08 19:36:34,186 - aiogram.dispatcher - ERROR - Failed to fetch updates - TelegramNetworkError: HTTP Client says - ClientConnectorError: Cannot connect to host api.telegram.org:443 ssl:default [Network is unreachable]
2025-03-08 19:36:39,379 - aiogram.dispatcher - ERROR - Failed to fetch updates - TelegramNetworkError: HTTP Client says - ClientConnectorError: Cannot connect to host api.telegram.org:443 ssl:default [Network is unreachable]
2025-03-08 19:36:44,456 - aiogram.dispatcher - ERROR - Failed to fetch updates - TelegramNetworkError: HTTP Client says - ClientConnectorError: Cannot connect to host api.telegram.org:443 ssl:default [Network is unreachable]
2025-03-08 19:36:49,619 - aiogram.dispatcher - ERROR - Failed to fetch updates - TelegramNetworkError: HTTP Client says - ClientConnectorError: Cannot connect to host api.telegram.org:443 ssl:default [Network is unreachable]
2025-03-08 19:36:54,721 - aiogram.dispatcher - ERROR - Failed to fetch updates - TelegramNetworkError: HTTP Client says - ClientConnectorError: Cannot connect to host api.telegram.org:443 ssl:default [Network is unreachable]
2025-03-08 19:36:59,952 - aiogram.dispatcher - ERROR - Failed to fetch updates - TelegramNetworkError: HTTP Client says - ClientConnectorError: Cannot connect to host api.telegram.org:443 ssl:default [Network is unreachable]
2025-03-08 19:37:04,892 - aiogram.dispatcher - ERROR - Failed to fetch updates - TelegramNetworkError: HTTP Client says - ClientConnectorError: Cannot connect to host api.telegram.org:443 ssl:default [Network is unreachable]
2025-03-08 19:37:09,996 - aiogram.dispatcher - ERROR - Failed to fetch updates - TelegramNetworkError: HTTP Client says - ClientConnectorError: Cannot connect to host api.telegram.org:443 ssl:default [Network is unreachable]
2025-03-08 19:37:14,949 - aiogram.dispatcher - ERROR - Failed to fetch updates - TelegramNetworkError: HTTP Client says - ClientConnectorError: Cannot connect to host api.telegram.org:443 ssl:default [Network is unreachable]
2025-03-08 19:37:19,943 - aiogram.dispatcher - ERROR - Failed to fetch updates - TelegramNetworkError: HTTP Client says - ClientConnectorError: Cannot connect to host api.telegram.org:443 ssl:default [Network is unreachable]
2025-03-08 19:37:24,891 - aiogram.dispatcher - ERROR - Failed to fetch updates - TelegramNetworkError: HTTP Client says - ClientConnectorError: Cannot connect to host api.telegram.org:443 ssl:default [Network is unreachable]
2025-03-08 19:37:29,773 - aiogram.dispatcher - ERROR - Failed to fetch updates - TelegramNetworkError: HTTP Client says - ClientConnectorError: Cannot connect to host api.telegram.org:443 ssl:default [Network is unreachable]
2025-03-08 19:37:34,738 - aiogram.dispatcher - ERROR - Failed to fetch updates - TelegramNetworkError: HTTP Client says - ClientConnectorError: Cannot connect to host api.telegram.org:443 ssl:default [Network is unreachable]
2025-03-08 19:37:39,685 - aiogram.dispatcher - ERROR - Failed to fetch updates - TelegramNetworkError: HTTP Client says - ClientConnectorError: Cannot connect to host api.telegram.org:443 ssl:default [Network is unreachable]
2025-03-08 19:37:44,767 - aiogram.dispatcher - ERROR - Failed to fetch updates - TelegramNetworkError: HTTP Client says - ClientConnectorError: Cannot connect to host api.telegram.org:443 ssl:default [Network is unreachable]
2025-03-08 19:37:49,728 - aiogram.dispatcher - ERROR - Failed to fetch updates - TelegramNetworkError: HTTP Client says - ClientConnectorError: Cannot connect to host api.telegram.org:443 ssl:default [Network is unreachable]
2025-03-08 19:37:54,733 - aiogram.dispatcher - ERROR - Failed to fetch updates - TelegramNetworkError: HTTP Client says - ClientConnectorError: Cannot connect to host api.telegram.org:443 ssl:default [Network is unreachable]
2025-03-08 19:37:59,834 - aiogram.dispatcher - ERROR - Failed to fetch updates - TelegramNetworkError: HTTP Client says - ClientConnectorError: Cannot connect to host api.telegram.org:443 ssl:default [Network is unreachable]
2025-03-08 19:38:05,008 - aiogram.dispatcher - ERROR - Failed to fetch updates - TelegramNetworkError: HTTP Client says - ClientConnectorError: Cannot connect to host api.telegram.org:443 ssl:default [Network is unreachable]
2025-03-08 19:38:10,003 - aiogram.dispatcher - ERROR - Failed to fetch updates - TelegramNetworkError: HTTP Client says - ClientConnectorError: Cannot connect to host api.telegram.org:443 ssl:default [Network is unreachable]
2025-03-08 19:38:14,866 - aiogram.dispatcher - ERROR - Failed to fetch updates - TelegramNetworkError: HTTP Client says - ClientConnectorError: Cannot connect to host api.telegram.org:443 ssl:default [Network is unreachable]
2025-03-08 19:38:19,699 - aiogram.dispatcher - ERROR - Failed to fetch updates - TelegramNetworkError: HTTP Client says - ClientConnectorError: Cannot connect to host api.telegram.org:443 ssl:default [Network is unreachable]
2025-03-08 19:38:24,643 - aiogram.dispatcher - ERROR - Failed to fetch updates - TelegramNetworkError: HTTP Client says - ClientConnectorError: Cannot connect to host api.telegram.org:443 ssl:default [Network is unreachable]
2025-03-08 19:38:29,603 - aiogram.dispatcher - ERROR - Failed to fetch updates - TelegramNetworkError: HTTP Client says - ClientConnectorError: Cannot connect to host api.telegram.org:443 ssl:default [Network is unreachable]
2025-03-08 19:38:34,767 - aiogram.dispatcher - ERROR - Failed to fetch updates - TelegramNetworkError: HTTP Client says - ClientConnectorError: Cannot connect to host api.telegram.org:443 ssl:default [Network is unreachable]
2025-03-08 19:38:39,649 - aiogram.dispatcher - ERROR - Failed to fetch updates - TelegramNetworkError: HTTP Client says - ClientConnectorError: Cannot connect to host api.telegram.org:443 ssl:default [Network is unreachable]
2025-03-08 19:38:44,596 - aiogram.dispatcher - ERROR - Failed to fetch updates - TelegramNetworkError: HTTP Client says - ClientConnectorError: Cannot connect to host api.telegram.org:443 ssl:default [Network is unreachable]
2025-03-08 19:38:49,555 - aiogram.dispatcher - ERROR - Failed to fetch updates - TelegramNetworkError: HTTP Client says - ClientConnectorError: Cannot connect to host api.telegram.org:443 ssl:default [Network is unreachable]
2025-03-08 19:38:54,569 - aiogram.dispatcher - ERROR - Failed to fetch updates - TelegramNetworkError: HTTP Client says - ClientConnectorError: Cannot connect to host api.telegram.org:443 ssl:default [Network is unreachable]
2025-03-08 19:38:59,773 - aiogram.dispatcher - ERROR - Failed to fetch updates - TelegramNetworkError: HTTP Client says - ClientConnectorError: Cannot connect to host api.telegram.org:443 ssl:default [Network is unreachable]
2025-03-08 19:39:04,892 - aiogram.dispatcher - ERROR - Failed to fetch updates - TelegramNetworkError: HTTP Client says - ClientConnectorError: Cannot connect to host api.telegram.org:443 ssl:default [Network is unreachable]
2025-03-08 19:39:09,966 - aiogram.dispatcher - ERROR - Failed to fetch updates - TelegramNetworkError: HTTP Client says - ClientConnectorError: Cannot connect to host api.telegram.org:443 ssl:default [Network is unreachable]
2025-03-08 19:39:14,917 - aiogram.dispatcher - ERROR - Failed to fetch updates - TelegramNetworkError: HTTP Client says - ClientConnectorError: Cannot connect to host api.telegram.org:443 ssl:default [Network is unreachable]
2025-03-08 19:39:20,076 - aiogram.dispatcher - ERROR - Failed to fetch updates - TelegramNetworkError: HTTP Client says - ClientConnectorError: Cannot connect to host api.telegram.org:443 ssl:default [Network is unreachable]
2025-03-08 19:39:25,059 - aiogram.dispatcher - ERROR - Failed to fetch updates - TelegramNetworkError: HTTP Client says - ClientConnectorError: Cannot connect to host api.telegram.org:443 ssl:default [Network is unreachable]
2025-03-08 19:39:30,005 - aiogram.dispatcher - ERROR - Failed to fetch updates - TelegramNetworkError: HTTP Client says - ClientConnectorError: Cannot connect to host api.telegram.org:443 ssl:default [Network is unreachable]
2025-03-08 19:39:35,016 - aiogram.dispatcher - ERROR - Failed to fetch updates - TelegramNetworkError: HTTP Client says - ClientConnectorError: Cannot connect to host api.telegram.org:443 ssl:default [Network is unreachable]
2025-03-08 19:39:39,941 - aiogram.dispatcher - ERROR - Failed to fetch updates - TelegramNetworkError: HTTP Client says - ClientConnectorError: Cannot connect to host api.telegram.org:443 ssl:default [Network is unreachable]
2025-03-08 19:39:44,949 - aiogram.dispatcher - ERROR - Failed to fetch updates - TelegramNetworkError: HTTP Client says - ClientConnectorError: Cannot connect to host api.telegram.org:443 ssl:default [Network is unreachable]
2025-03-08 19:39:50,121 - aiogram.dispatcher - ERROR - Failed to fetch updates - TelegramNetworkError: HTTP Client says - ClientConnectorError: Cannot connect to host api.telegram.org:443 ssl:default [Network is unreachable]
2025-03-08 19:39:55,081 - aiogram.dispatcher - ERROR - Failed to fetch updates - TelegramNetworkError: HTTP Client says - ClientConnectorError: Cannot connect to host api.telegram.org:443 ssl:default [Network is unreachable]
2025-03-08 19:40:00,085 - aiogram.dispatcher - ERROR - Failed to fetch updates - TelegramNetworkError: HTTP Client says - ClientConnectorError: Cannot connect to host api.telegram.org:443 ssl:default [Network is unreachable]
2025-03-08 19:40:05,185 - aiogram.dispatcher - ERROR - Failed to fetch updates - TelegramNetworkError: HTTP Client says - ClientConnectorError: Cannot connect to host api.telegram.org:443 ssl:default [Network is unreachable]
2025-03-08 19:40:10,049 - aiogram.dispatcher - ERROR - Failed to fetch updates - TelegramNetworkError: HTTP Client says - ClientConnectorError: Cannot connect to host api.telegram.org:443 ssl:default [Network is unreachable]
2025-03-08 19:40:15,117 - aiogram.dispatcher - ERROR - Failed to fetch updates - TelegramNetworkError: HTTP Client says - ClientConnectorError: Cannot connect to host api.telegram.org:443 ssl:default [Network is unreachable]
2025-03-08 19:40:20,180 - aiogram.dispatcher - ERROR - Failed to fetch updates - TelegramNetworkError: HTTP Client says - ClientConnectorError: Cannot connect to host api.telegram.org:443 ssl:default [Network is unreachable]
2025-03-08 19:40:25,156 - aiogram.dispatcher - ERROR - Failed to fetch updates - TelegramNetworkError: HTTP Client says - ClientConnectorError: Cannot connect to host api.telegram.org:443 ssl:default [Network is unreachable]
2025-03-08 19:40:30,211 - aiogram.dispatcher - ERROR - Failed to fetch updates - TelegramNetworkError: HTTP Client says - ClientConnectorError: Cannot connect to host api.telegram.org:443 ssl:default [Network is unreachable]
2025-03-08 19:40:34,953 - aiogram.dispatcher - ERROR - Failed to fetch updates - TelegramNetworkError: HTTP Client says - ClientConnectorError: Cannot connect to host api.telegram.org:443 ssl:default [Network is unreachable]
2025-03-08 19:40:39,886 - aiogram.dispatcher - ERROR - Failed to fetch updates - TelegramNetworkError: HTTP Client says - ClientConnectorError: Cannot connect to host api.telegram.org:443 ssl:default [Network is unreachable]
2025-03-08 19:40:44,799 - aiogram.dispatcher - ERROR - Failed to fetch updates - TelegramNetworkError: HTTP Client says - ClientConnectorError: Cannot connect to host api.telegram.org:443 ssl:default [Network is unreachable]
2025-03-08 19:40:49,780 - aiogram.dispatcher - ERROR - Failed to fetch updates - TelegramNetworkError: HTTP Client says - ClientConnectorError: Cannot connect to host api.telegram.org:443 ssl:default [Network is unreachable]
2025-03-08 19:40:54,716 - aiogram.dispatcher - ERROR - Failed to fetch updates - TelegramNetworkError: HTTP Client says - ClientConnectorError: Cannot connect to host api.telegram.org:443 ssl:default [Network is unreachable]
2025-03-08 19:40:59,722 - aiogram.dispatcher - ERROR - Failed to fetch updates - TelegramNetworkError: HTTP Client says - ClientConnectorError: Cannot connect to host api.telegram.org:443 ssl:default [Network is unreachable]
2025-03-08 19:41:04,732 - aiogram.dispatcher - ERROR - Failed to fetch updates - TelegramNetworkError: HTTP Client says - ClientConnectorError: Cannot connect to host api.telegram.org:443 ssl:default [Network is unreachable]
2025-03-08 19:41:09,724 - aiogram.dispatcher - ERROR - Failed to fetch updates - TelegramNetworkError: HTTP Client says - ClientConnectorError: Cannot connect to host api.telegram.org:443 ssl:default [Network is unreachable]
2025-03-08 19:41:14,621 - aiogram.dispatcher - ERROR - Failed to fetch updates - TelegramNetworkError: HTTP Client says - ClientConnectorError: Cannot connect to host api.telegram.org:443 ssl:default [Network is unreachable]
2025-03-08 19:41:19,694 - aiogram.dispatcher - ERROR - Failed to fetch updates - TelegramNetworkError: HTTP Client says - ClientConnectorError: Cannot connect to host api.telegram.org:443 ssl:default [Network is unreachable]
2025-03-08 19:41:24,696 - aiogram.dispatcher - ERROR - Failed to fetch updates - TelegramNetworkError: HTTP Client says - ClientConnectorError: Cannot connect to host api.telegram.org:443 ssl:default [Network is unreachable]
2025-03-08 19:41:29,634 - aiogram.dispatcher - ERROR - Failed to fetch updates - TelegramNetworkError: HTTP Client says - ClientConnectorError: Cannot connect to host api.telegram.org:443 ssl:default [Network is unreachable]
2025-03-08 19:41:34,624 - aiogram.dispatcher - ERROR - Failed to fetch updates - TelegramNetworkError: HTTP Client says - ClientConnectorError: Cannot connect to host api.telegram.org:443 ssl:default [Network is unreachable]
2025-03-08 19:41:39,609 - aiogram.dispatcher - ERROR - Failed to fetch updates - TelegramNetworkError: HTTP Client says - ClientConnectorError: Cannot connect to host api.telegram.org:443 ssl:default [Network is unreachable]
2025-03-08 19:41:44,514 - aiogram.dispatcher - ERROR - Failed to fetch updates - TelegramNetworkError: HTTP Client says - ClientConnectorError: Cannot connect to host api.telegram.org:443 ssl:default [Network is unreachable]
2025-03-08 19:41:49,514 - aiogram.dispatcher - ERROR - Failed to fetch updates - TelegramNetworkError: HTTP Client says - ClientConnectorError: Cannot connect to host api.telegram.org:443 ssl:default [Network is unreachable]
2025-03-08 19:41:54,586 - aiogram.dispatcher - ERROR - Failed to fetch updates - TelegramNetworkError: HTTP Client says - ClientConnectorError: Cannot connect to host api.telegram.org:443 ssl:default [Network is unreachable]
2025-03-08 19:41:59,701 - aiogram.dispatcher - ERROR - Failed to fetch updates - TelegramNetworkError: HTTP Client says - ClientConnectorError: Cannot connect to host api.telegram.org:443 ssl:default [Network is unreachable]
2025-03-08 19:42:04,714 - aiogram.dispatcher - ERROR - Failed to fetch updates - TelegramNetworkError: HTTP Client says - ClientConnectorError: Cannot connect to host api.telegram.org:443 ssl:default [Network is unreachable]
2025-03-08 19:42:09,872 - aiogram.dispatcher - ERROR - Failed to fetch updates - TelegramNetworkError: HTTP Client says - ClientConnectorError: Cannot connect to host api.telegram.org:443 ssl:default [Network is unreachable]
2025-03-08 19:42:14,983 - aiogram.dispatcher - ERROR - Failed to fetch updates - TelegramNetworkError: HTTP Client says - ClientConnectorError: Cannot connect to host api.telegram.org:443 ssl:default [Network is unreachable]
2025-03-08 19:42:19,978 - aiogram.dispatcher - ERROR - Failed to fetch updates - TelegramNetworkError: HTTP Client says - ClientConnectorError: Cannot connect to host api.telegram.org:443 ssl:default [Network is unreachable]
2025-03-08 19:42:24,792 - aiogram.dispatcher - ERROR - Failed to fetch updates - TelegramNetworkError: HTTP Client says - ClientConnectorError: Cannot connect to host api.telegram.org:443 ssl:default [Network is unreachable]
2025-03-08 19:42:29,968 - aiogram.dispatcher - ERROR - Failed to fetch updates - TelegramNetworkError: HTTP Client says - ClientConnectorError: Cannot connect to host api.telegram.org:443 ssl:default [Network is unreachable]
2025-03-08 19:42:35,109 - aiogram.dispatcher - ERROR - Failed to fetch updates - TelegramNetworkError: HTTP Client says - ClientConnectorError: Cannot connect to host api.telegram.org:443 ssl:default [Network is unreachable]
2025-03-08 19:42:40,036 - aiogram.dispatcher - ERROR - Failed to fetch updates - TelegramNetworkError: HTTP Client says - ClientConnectorError: Cannot connect to host api.telegram.org:443 ssl:default [Network is unreachable]
2025-03-08 19:42:45,099 - aiogram.dispatcher - ERROR - Failed to fetch updates - TelegramNetworkError: HTTP Client says - ClientConnectorError: Cannot connect to host api.telegram.org:443 ssl:default [Network is unreachable]
2025-03-08 19:42:50,092 - aiogram.dispatcher - ERROR - Failed to fetch updates - TelegramNetworkError: HTTP Client says - ClientConnectorError: Cannot connect to host api.telegram.org:443 ssl:default [Network is unreachable]
2025-03-08 19:42:54,879 - aiogram.dispatcher - ERROR - Failed to fetch updates - TelegramNetworkError: HTTP Client says - ClientConnectorError: Cannot connect to host api.telegram.org:443 ssl:default [Network is unreachable]
2025-03-08 19:42:59,878 - aiogram.dispatcher - ERROR - Failed to fetch updates - TelegramNetworkError: HTTP Client says - ClientConnectorError: Cannot connect to host api.telegram.org:443 ssl:default [Network is unreachable]
2025-03-08 19:43:04,919 - aiogram.dispatcher - ERROR - Failed to fetch updates - TelegramNetworkError: HTTP Client says - ClientConnectorError: Cannot connect to host api.telegram.org:443 ssl:default [Network is unreachable]
2025-03-08 19:43:09,879 - aiogram.dispatcher - ERROR - Failed to fetch updates - TelegramNetworkError: HTTP Client says - ClientConnectorError: Cannot connect to host api.telegram.org:443 ssl:default [Network is unreachable]
2025-03-08 19:43:14,781 - aiogram.dispatcher - ERROR - Failed to fetch updates - TelegramNetworkError: HTTP Client says - ClientConnectorError: Cannot connect to host api.telegram.org:443 ssl:default [Network is unreachable]
2025-03-08 19:43:19,829 - aiogram.dispatcher - ERROR - Failed to fetch updates - TelegramNetworkError: HTTP Client says - ClientConnectorError: Cannot connect to host api.telegram.org:443 ssl:default [Network is unreachable]
2025-03-08 19:43:24,697 - aiogram.dispatcher - ERROR - Failed to fetch updates - TelegramNetworkError: HTTP Client says - ClientConnectorError: Cannot connect to host api.telegram.org:443 ssl:default [Network is unreachable]
2025-03-08 19:43:29,501 - aiogram.dispatcher - ERROR - Failed to fetch updates - TelegramNetworkError: HTTP Client says - ClientConnectorError: Cannot connect to host api.telegram.org:443 ssl:default [Network is unreachable]
2025-03-08 19:43:34,461 - aiogram.dispatcher - ERROR - Failed to fetch updates - TelegramNetworkError: HTTP Client says - ClientConnectorError: Cannot connect to host api.telegram.org:443 ssl:default [Network is unreachable]
2025-03-08 19:43:39,354 - aiogram.dispatcher - ERROR - Failed to fetch updates - TelegramNetworkError: HTTP Client says - ClientConnectorError: Cannot connect to host api.telegram.org:443 ssl:default [Network is unreachable]
2025-03-08 19:43:44,229 - aiogram.dispatcher - ERROR - Failed to fetch updates - TelegramNetworkError: HTTP Client says - ClientConnectorError: Cannot connect to host api.telegram.org:443 ssl:default [Network is unreachable]
2025-03-08 19:43:49,069 - aiogram.dispatcher - ERROR - Failed to fetch updates - TelegramNetworkError: HTTP Client says - ClientConnectorError: Cannot connect to host api.telegram.org:443 ssl:default [Network is unreachable]
2025-03-08 19:43:54,102 - aiogram.dispatcher - ERROR - Failed to fetch updates - TelegramNetworkError: HTTP Client says - ClientConnectorError: Cannot connect to host api.telegram.org:443 ssl:default [Network is unreachable]
2025-03-08 19:43:58,986 - aiogram.dispatcher - ERROR - Failed to fetch updates - TelegramNetworkError: HTTP Client says - ClientConnectorError: Cannot connect to host api.telegram.org:443 ssl:default [Network is unreachable]
2025-03-08 19:44:03,856 - aiogram.dispatcher - ERROR - Failed to fetch updates - TelegramNetworkError: HTTP Client says - ClientConnectorError: Cannot connect to host api.telegram.org:443 ssl:default [Network is unreachable]
2025-03-08 19:44:08,733 - aiogram.dispatcher - ERROR - Failed to fetch updates - TelegramNetworkError: HTTP Client says - ClientConnectorError: Cannot connect to host api.telegram.org:443 ssl:default [Network is unreachable]
2025-03-08 19:44:13,741 - aiogram.dispatcher - ERROR - Failed to fetch updates - TelegramNetworkError: HTTP Client says - ClientConnectorError: Cannot connect to host api.telegram.org:443 ssl:default [Network is unreachable]
2025-03-08 19:44:18,802 - aiogram.dispatcher - ERROR - Failed to fetch updates - TelegramNetworkError: HTTP Client says - ClientConnectorError: Cannot connect to host api.telegram.org:443 ssl:default [Network is unreachable]
2025-03-08 19:44:23,794 - aiogram.dispatcher - ERROR - Failed to fetch updates - TelegramNetworkError: HTTP Client says - ClientConnectorError: Cannot connect to host api.telegram.org:443 ssl:default [Network is unreachable]
2025-03-08 19:44:28,765 - aiogram.dispatcher - ERROR - Failed to fetch updates - TelegramNetworkError: HTTP Client says - ClientConnectorError: Cannot connect to host api.telegram.org:443 ssl:default [Network is unreachable]
2025-03-08 19:44:33,704 - aiogram.dispatcher - ERROR - Failed to fetch updates - TelegramNetworkError: HTTP Client says - ClientConnectorError: Cannot connect to host api.telegram.org:443 ssl:default [Network is unreachable]
2025-03-08 19:44:38,753 - aiogram.dispatcher - ERROR - Failed to fetch updates - TelegramNetworkError: HTTP Client says - ClientConnectorError: Cannot connect to host api.telegram.org:443 ssl:default [Network is unreachable]
2025-03-08 19:44:43,714 - aiogram.dispatcher - ERROR - Failed to fetch updates - TelegramNetworkError: HTTP Client says - ClientConnectorError: Cannot connect to host api.telegram.org:443 ssl:default [Network is unreachable]
2025-03-08 19:44:48,718 - aiogram.dispatcher - ERROR - Failed to fetch updates - TelegramNetworkError: HTTP Client says - ClientConnectorError: Cannot connect to host api.telegram.org:443 ssl:default [Network is unreachable]
2025-03-08 19:44:53,713 - aiogram.dispatcher - ERROR - Failed to fetch updates - TelegramNetworkError: HTTP Client says - ClientConnectorError: Cannot connect to host api.telegram.org:443 ssl:default [Network is unreachable]
2025-03-08 19:44:58,869 - aiogram.dispatcher - ERROR - Failed to fetch updates - TelegramNetworkError: HTTP Client says - ClientConnectorError: Cannot connect to host api.telegram.org:443 ssl:default [Network is unreachable]
2025-03-08 19:45:03,991 - aiogram.dispatcher - ERROR - Failed to fetch updates - TelegramNetworkError: HTTP Client says - ClientConnectorError: Cannot connect to host api.telegram.org:443 ssl:default [Network is unreachable]
2025-03-08 19:45:09,044 - aiogram.dispatcher - ERROR - Failed to fetch updates - TelegramNetworkError: HTTP Client says - ClientConnectorError: Cannot connect to host api.telegram.org:443 ssl:default [Network is unreachable]
2025-03-08 19:45:13,975 - aiogram.dispatcher - ERROR - Failed to fetch updates - TelegramNetworkError: HTTP Client says - ClientConnectorError: Cannot connect to host api.telegram.org:443 ssl:default [Network is unreachable]
2025-03-08 19:45:18,847 - aiogram.dispatcher - ERROR - Failed to fetch updates - TelegramNetworkError: HTTP Client says - ClientConnectorError: Cannot connect to host api.telegram.org:443 ssl:default [Network is unreachable]
2025-03-08 19:45:23,928 - aiogram.dispatcher - ERROR - Failed to fetch updates - TelegramNetworkError: HTTP Client says - ClientConnectorError: Cannot connect to host api.telegram.org:443 ssl:default [Network is unreachable]
2025-03-08 19:45:28,825 - aiogram.dispatcher - ERROR - Failed to fetch updates - TelegramNetworkError: HTTP Client says - ClientConnectorError: Cannot connect to host api.telegram.org:443 ssl:default [Network is unreachable]
2025-03-08 19:45:34,050 - aiogram.dispatcher - ERROR - Failed to fetch updates - TelegramNetworkError: HTTP Client says - ClientConnectorError: Cannot connect to host api.telegram.org:443 ssl:default [Network is unreachable]
2025-03-08 19:45:39,006 - aiogram.dispatcher - ERROR - Failed to fetch updates - TelegramNetworkError: HTTP Client says - ClientConnectorError: Cannot connect to host api.telegram.org:443 ssl:default [Network is unreachable]
2025-03-08 19:45:43,880 - aiogram.dispatcher - ERROR - Failed to fetch updates - TelegramNetworkError: HTTP Client says - ClientConnectorError: Cannot connect to host api.telegram.org:443 ssl:default [Network is unreachable]
2025-03-08 19:45:49,002 - aiogram.dispatcher - ERROR - Failed to fetch updates - TelegramNetworkError: HTTP Client says - ClientConnectorError: Cannot connect to host api.telegram.org:443 ssl:default [Network is unreachable]
2025-03-08 19:45:53,982 - aiogram.dispatcher - ERROR - Failed to fetch updates - TelegramNetworkError: HTTP Client says - ClientConnectorError: Cannot connect to host api.telegram.org:443 ssl:default [Network is unreachable]
2025-03-08 19:45:59,077 - aiogram.dispatcher - ERROR - Failed to fetch updates - TelegramNetworkError: HTTP Client says - ClientConnectorError: Cannot connect to host api.telegram.org:443 ssl:default [Network is unreachable]
2025-03-08 19:46:04,044 - aiogram.dispatcher - ERROR - Failed to fetch updates - TelegramNetworkError: HTTP Client says - ClientConnectorError: Cannot connect to host api.telegram.org:443 ssl:default [Network is unreachable]
2025-03-08 19:46:09,052 - aiogram.dispatcher - ERROR - Failed to fetch updates - TelegramNetworkError: HTTP Client says - ClientConnectorError: Cannot connect to host api.telegram.org:443 ssl:default [Network is unreachable]
2025-03-08 19:46:13,915 - aiogram.dispatcher - ERROR - Failed to fetch updates - TelegramNetworkError: HTTP Client says - ClientConnectorError: Cannot connect to host api.telegram.org:443 ssl:default [Network is unreachable]
2025-03-08 19:46:19,064 - aiogram.dispatcher - ERROR - Failed to fetch updates - TelegramNetworkError: HTTP Client says - ClientConnectorError: Cannot connect to host api.telegram.org:443 ssl:default [Network is unreachable]
2025-03-08 19:46:24,109 - aiogram.dispatcher - ERROR - Failed to fetch updates - TelegramNetworkError: HTTP Client says - ClientConnectorError: Cannot connect to host api.telegram.org:443 ssl:default [Network is unreachable]
2025-03-08 19:46:29,121 - aiogram.dispatcher - ERROR - Failed to fetch updates - TelegramNetworkError: HTTP Client says - ClientConnectorError: Cannot connect to host api.telegram.org:443 ssl:default [Network is unreachable]
2025-03-08 19:46:34,166 - aiogram.dispatcher - ERROR - Failed to fetch updates - TelegramNetworkError: HTTP Client says - ClientConnectorError: Cannot connect to host api.telegram.org:443 ssl:default [Network is unreachable]
2025-03-08 19:46:39,205 - aiogram.dispatcher - ERROR - Failed to fetch updates - TelegramNetworkError: HTTP Client says - ClientConnectorError: Cannot connect to host api.telegram.org:443 ssl:default [Network is unreachable]
2025-03-08 19:46:44,210 - aiogram.dispatcher - ERROR - Failed to fetch updates - TelegramNetworkError: HTTP Client says - ClientConnectorError: Cannot connect to host api.telegram.org:443 ssl:default [Network is unreachable]
2025-03-08 19:46:49,363 - aiogram.dispatcher - ERROR - Failed to fetch updates - TelegramNetworkError: HTTP Client says - ClientConnectorError: Cannot connect to host api.telegram.org:443 ssl:default [Network is unreachable]
2025-03-08 19:46:54,295 - aiogram.dispatcher - ERROR - Failed to fetch updates - TelegramNetworkError: HTTP Client says - ClientConnectorError: Cannot connect to host api.telegram.org:443 ssl:default [Network is unreachable]
2025-03-08 19:46:59,343 - aiogram.dispatcher - ERROR - Failed to fetch updates - TelegramNetworkError: HTTP Client says - ClientConnectorError: Cannot connect to host api.telegram.org:443 ssl:default [Network is unreachable]
2025-03-08 19:47:04,221 - aiogram.dispatcher - ERROR - Failed to fetch updates - TelegramNetworkError: HTTP Client says - ClientConnectorError: Cannot connect to host api.telegram.org:443 ssl:default [Network is unreachable]
2025-03-08 19:47:09,241 - aiogram.dispatcher - ERROR - Failed to fetch updates - TelegramNetworkError: HTTP Client says - ClientConnectorError: Cannot connect to host api.telegram.org:443 ssl:default [Network is unreachable]
2025-03-08 19:47:14,379 - aiogram.dispatcher - ERROR - Failed to fetch updates - TelegramNetworkError: HTTP Client says - ClientConnectorError: Cannot connect to host api.telegram.org:443 ssl:default [Network is unreachable]
2025-03-08 19:47:19,456 - aiogram.dispatcher - ERROR - Failed to fetch updates - TelegramNetworkError: HTTP Client says - ClientConnectorError: Cannot connect to host api.telegram.org:443 ssl:default [Network is unreachable]
2025-03-08 19:47:24,533 - aiogram.dispatcher - ERROR - Failed to fetch updates - TelegramNetworkError: HTTP Client says - ClientConnectorError: Cannot connect to host api.telegram.org:443 ssl:default [Network is unreachable]
2025-03-08 19:47:29,619 - aiogram.dispatcher - ERROR - Failed to fetch updates - TelegramNetworkError: HTTP Client says - ClientConnectorError: Cannot connect to host api.telegram.org:443 ssl:default [Network is unreachable]
2025-03-08 19:47:34,733 - aiogram.dispatcher - ERROR - Failed to fetch updates - TelegramNetworkError: HTTP Client says - ClientConnectorError: Cannot connect to host api.telegram.org:443 ssl:default [Network is unreachable]
2025-03-09 01:10:44,583 - aiogram.dispatcher - ERROR - Failed to fetch updates - TelegramServerError: Telegram server says - Bad Gateway
2025-03-09 02:00:00,015 - app.schedule - ERROR - At least one 'when' case is required for a CASE statement.
2025-03-10 02:00:00,018 - app.schedule - ERROR - At least one 'when' case is required for a CASE statement.
2025-03-10 07:50:30,181 - aiogram.dispatcher - ERROR - Failed to fetch updates - TelegramNetworkError: HTTP Client says - ServerDisconnectedError: Server disconnected
2025-03-10 07:50:41,361 - aiogram.dispatcher - ERROR - Failed to fetch updates - TelegramNetworkError: HTTP Client says - ServerDisconnectedError: Server disconnected
2025-03-10 07:53:23,579 - aiogram.dispatcher - ERROR - Failed to fetch updates - TelegramNetworkError: HTTP Client says - ServerDisconnectedError: Server disconnected
2025-03-11 02:00:00,017 - app.schedule - ERROR - At least one 'when' case is required for a CASE statement.
2025-03-12 02:00:00,013 - app.schedule - ERROR - At least one 'when' case is required for a CASE statement.
2025-03-12 12:52:41,890 - app.user - ERROR - Error_on admin_list: 'NoneType' object has no attribute 'admin_permissions'
user_cache = {1933865493: <User: 1>, 1059633825: <User: 2>, 493685137: <User: 3>, -1000000000610869: <User: 4>, 69848055: <User: 5>, 5180606512: <User: 6>, 6175355339: <User: 7>, 475585971: <User: 8>, 7303374235: <User: 9>, 1235195869: <User: 10>, 1442727138: <User: 11>, 105: <User: 12>, -900025200105: <User: 13>, -560000999999114106: <User: 14>, 1151313342: <User: 15>, 1526038266: <User: 16>, 5217616253: <User: 17>, 543480697: <User: 18>, 299724869: <User: 19>, -591212545012135: <User: 20>, 658083382: <User: 21>, 503790567: <User: 22>, 975151023: None}
2025-03-12 12:52:46,534 - app.user - ERROR - Error_on admin_list: 'NoneType' object has no attribute 'admin_permissions'
user_cache = {1933865493: <User: 1>, 1059633825: <User: 2>, 493685137: <User: 3>, -1000000000610869: <User: 4>, 69848055: <User: 5>, 5180606512: <User: 6>, 6175355339: <User: 7>, 475585971: <User: 8>, 7303374235: <User: 9>, 1235195869: <User: 10>, 1442727138: <User: 11>, 105: <User: 12>, -900025200105: <User: 13>, -560000999999114106: <User: 14>, 1151313342: <User: 15>, 1526038266: <User: 16>, 5217616253: <User: 17>, 543480697: <User: 18>, 299724869: <User: 19>, -591212545012135: <User: 20>, 658083382: <User: 21>, 503790567: <User: 22>, 975151023: None}
2025-03-12 12:52:50,249 - app.user - ERROR - Error_on admin_list: 'NoneType' object has no attribute 'admin_permissions'
user_cache = {1933865493: <User: 1>, 1059633825: <User: 2>, 493685137: <User: 3>, -1000000000610869: <User: 4>, 69848055: <User: 5>, 5180606512: <User: 6>, 6175355339: <User: 7>, 475585971: <User: 8>, 7303374235: <User: 9>, 1235195869: <User: 10>, 1442727138: <User: 11>, 105: <User: 12>, -900025200105: <User: 13>, -560000999999114106: <User: 14>, 1151313342: <User: 15>, 1526038266: <User: 16>, 5217616253: <User: 17>, 543480697: <User: 18>, 299724869: <User: 19>, -591212545012135: <User: 20>, 658083382: <User: 21>, 503790567: <User: 22>, 975151023: None}
2025-03-12 21:03:19,697 - aiogram.dispatcher - ERROR - Failed to fetch updates - TelegramNetworkError: HTTP Client says - Request timeout error
2025-03-13 02:00:00,026 - app.schedule - ERROR - At least one 'when' case is required for a CASE statement.
2025-03-14 02:00:00,018 - app.schedule - ERROR - At least one 'when' case is required for a CASE statement.
2025-03-15 02:00:00,015 - app.schedule - ERROR - At least one 'when' case is required for a CASE statement.
2025-03-16 02:00:00,021 - app.schedule - ERROR - At least one 'when' case is required for a CASE statement.
2025-03-17 02:00:00,025 - app.schedule - ERROR - At least one 'when' case is required for a CASE statement.
2025-03-18 02:00:00,015 - app.schedule - ERROR - At least one 'when' case is required for a CASE statement.
2025-03-19 02:00:00,020 - app.schedule - ERROR - At least one 'when' case is required for a CASE statement.
2025-03-20 02:00:00,017 - app.schedule - ERROR - At least one 'when' case is required for a CASE statement.
2025-03-21 02:00:00,026 - app.schedule - ERROR - At least one 'when' case is required for a CASE statement.
2025-03-22 02:00:00,014 - app.schedule - ERROR - At least one 'when' case is required for a CASE statement.
2025-03-23 02:00:00,022 - app.schedule - ERROR - At least one 'when' case is required for a CASE statement.
2025-03-24 02:00:00,016 - app.schedule - ERROR - At least one 'when' case is required for a CASE statement.
2025-03-25 02:00:00,015 - app.schedule - ERROR - At least one 'when' case is required for a CASE statement.
2025-03-26 02:00:00,019 - app.schedule - ERROR - At least one 'when' case is required for a CASE statement.
2025-03-26 05:10:42,789 - aiogram.dispatcher - ERROR - Failed to fetch updates - TelegramNetworkError: HTTP Client says - ServerDisconnectedError: Server disconnected
2025-03-27 02:00:00,016 - app.schedule - ERROR - At least one 'when' case is required for a CASE statement.
2025-03-28 02:00:00,017 - app.schedule - ERROR - At least one 'when' case is required for a CASE statement.
2025-03-29 01:10:46,678 - aiogram.dispatcher - ERROR - Failed to fetch updates - TelegramRetryAfter: Telegram server says - Flood control exceeded on method 'GetUpdates'. Retry in 5 seconds.
Original description: Too Many Requests: retry after 5
(background on this error at: https://core.telegram.org/bots/faq#my-bot-is-hitting-limits-how-do-i-avoid-this)
2025-03-29 01:10:47,748 - aiogram.dispatcher - ERROR - Failed to fetch updates - TelegramRetryAfter: Telegram server says - Flood control exceeded on method 'GetUpdates'. Retry in 5 seconds.
Original description: Too Many Requests: retry after 5
(background on this error at: https://core.telegram.org/bots/faq#my-bot-is-hitting-limits-how-do-i-avoid-this)
2025-03-29 01:10:49,076 - aiogram.dispatcher - ERROR - Failed to fetch updates - TelegramRetryAfter: Telegram server says - Flood control exceeded on method 'GetUpdates'. Retry in 5 seconds.
Original description: Too Many Requests: retry after 5
(background on this error at: https://core.telegram.org/bots/faq#my-bot-is-hitting-limits-how-do-i-avoid-this)
2025-03-29 01:10:53,407 - aiogram.dispatcher - ERROR - Failed to fetch updates - TelegramServerError: Telegram server says - Bad Gateway
2025-03-29 01:10:55,783 - aiogram.dispatcher - ERROR - Failed to fetch updates - TelegramServerError: Telegram server says - Bad Gateway
2025-03-29 02:00:00,020 - app.schedule - ERROR - At least one 'when' case is required for a CASE statement.
2025-03-30 02:00:00,016 - app.schedule - ERROR - At least one 'when' case is required for a CASE statement.
2025-03-31 02:00:00,030 - app.schedule - ERROR - At least one 'when' case is required for a CASE statement.
2025-03-31 14:19:10,732 - aiogram.dispatcher - ERROR - Failed to fetch updates - TelegramNetworkError: HTTP Client says - ServerDisconnectedError: Server disconnected
2025-03-31 19:58:38,358 - aiogram.dispatcher - ERROR - Failed to fetch updates - TelegramNetworkError: HTTP Client says - ServerDisconnectedError: Server disconnected
2025-04-01 02:00:00,060 - app.schedule - ERROR - At least one 'when' case is required for a CASE statement.
2025-04-02 02:00:00,021 - app.schedule - ERROR - At least one 'when' case is required for a CASE statement.
2025-04-03 02:00:00,159 - app.schedule - ERROR - At least one 'when' case is required for a CASE statement.
2025-04-03 12:54:18,806 - app.user - ERROR - 'Message' object has no attribute 'add_reaction'
2025-04-04 02:00:00,014 - app.schedule - ERROR - At least one 'when' case is required for a CASE statement.
2025-04-05 02:00:00,012 - app.schedule - ERROR - At least one 'when' case is required for a CASE statement.
2025-04-06 02:00:00,018 - app.schedule - ERROR - At least one 'when' case is required for a CASE statement.
2025-04-07 02:00:00,019 - app.schedule - ERROR - At least one 'when' case is required for a CASE statement.
2025-04-08 02:00:00,013 - app.schedule - ERROR - At least one 'when' case is required for a CASE statement.
2025-04-08 14:04:09,482 - aiogram.dispatcher - ERROR - Failed to fetch updates - TelegramNetworkError: HTTP Client says - ServerDisconnectedError: Server disconnected
2025-04-08 14:04:50,847 - aiogram.dispatcher - ERROR - Failed to fetch updates - TelegramNetworkError: HTTP Client says - ServerDisconnectedError: Server disconnected
2025-04-08 14:05:12,093 - aiogram.dispatcher - ERROR - Failed to fetch updates - TelegramNetworkError: HTTP Client says - ServerDisconnectedError: Server disconnected
2025-04-08 14:06:03,506 - aiogram.dispatcher - ERROR - Failed to fetch updates - TelegramNetworkError: HTTP Client says - ServerDisconnectedError: Server disconnected
2025-04-09 01:55:23,925 - aiogram.dispatcher - ERROR - Failed to fetch updates - TelegramRetryAfter: Telegram server says - Flood control exceeded on method 'GetUpdates'. Retry in 5 seconds.
Original description: Too Many Requests: retry after 5
(background on this error at: https://core.telegram.org/bots/faq#my-bot-is-hitting-limits-how-do-i-avoid-this)
2025-04-09 01:55:24,987 - aiogram.dispatcher - ERROR - Failed to fetch updates - TelegramRetryAfter: Telegram server says - Flood control exceeded on method 'GetUpdates'. Retry in 5 seconds.
Original description: Too Many Requests: retry after 5
(background on this error at: https://core.telegram.org/bots/faq#my-bot-is-hitting-limits-how-do-i-avoid-this)
2025-04-09 01:55:26,188 - aiogram.dispatcher - ERROR - Failed to fetch updates - TelegramRetryAfter: Telegram server says - Flood control exceeded on method 'GetUpdates'. Retry in 5 seconds.
Original description: Too Many Requests: retry after 5
(background on this error at: https://core.telegram.org/bots/faq#my-bot-is-hitting-limits-how-do-i-avoid-this)
2025-04-09 01:55:34,156 - aiogram.dispatcher - ERROR - Failed to fetch updates - TelegramServerError: Telegram server says - Bad Gateway
2025-04-09 01:55:36,085 - aiogram.dispatcher - ERROR - Failed to fetch updates - TelegramServerError: Telegram server says - Bad Gateway
2025-04-09 01:55:38,577 - aiogram.dispatcher - ERROR - Failed to fetch updates - TelegramServerError: Telegram server says - Bad Gateway
2025-04-09 01:55:41,765 - aiogram.dispatcher - ERROR - Failed to fetch updates - TelegramServerError: Telegram server says - Bad Gateway
2025-04-09 01:55:45,818 - aiogram.dispatcher - ERROR - Failed to fetch updates - TelegramServerError: Telegram server says - Bad Gateway
2025-04-09 02:00:00,018 - app.schedule - ERROR - At least one 'when' case is required for a CASE statement.
2025-04-10 02:00:00,028 - app.schedule - ERROR - At least one 'when' case is required for a CASE statement.
2025-04-10 14:23:43,389 - aiogram.dispatcher - ERROR - Failed to fetch updates - TelegramNetworkError: HTTP Client says - Request timeout error
2025-04-10 19:15:09,230 - aiogram.dispatcher - ERROR - Failed to fetch updates - TelegramNetworkError: HTTP Client says - ServerDisconnectedError: Server disconnected
2025-04-11 02:00:00,013 - app.schedule - ERROR - At least one 'when' case is required for a CASE statement.
2025-04-12 02:00:00,017 - app.schedule - ERROR - At least one 'when' case is required for a CASE statement.
2025-04-13 02:00:00,016 - app.schedule - ERROR - At least one 'when' case is required for a CASE statement.
2025-04-14 02:00:00,014 - app.schedule - ERROR - At least one 'when' case is required for a CASE statement.
2025-04-14 17:39:18,492 - aiogram.dispatcher - ERROR - Failed to fetch updates - TelegramNetworkError: HTTP Client says - ServerDisconnectedError: Server disconnected
2025-04-15 02:00:00,015 - app.schedule - ERROR - At least one 'when' case is required for a CASE statement.
2025-04-16 02:00:00,016 - app.schedule - ERROR - At least one 'when' case is required for a CASE statement.
2025-04-16 15:35:17,082 - aiogram.dispatcher - ERROR - Failed to fetch updates - TelegramNetworkError: HTTP Client says - ServerDisconnectedError: Server disconnected
2025-04-16 15:35:28,264 - aiogram.dispatcher - ERROR - Failed to fetch updates - TelegramNetworkError: HTTP Client says - ServerDisconnectedError: Server disconnected
2025-04-16 15:38:40,491 - aiogram.dispatcher - ERROR - Failed to fetch updates - TelegramNetworkError: HTTP Client says - ServerDisconnectedError: Server disconnected
2025-04-16 16:40:23,394 - aiogram.dispatcher - ERROR - Failed to fetch updates - TelegramNetworkError: HTTP Client says - ServerDisconnectedError: Server disconnected
2025-04-16 16:40:34,570 - aiogram.dispatcher - ERROR - Failed to fetch updates - TelegramNetworkError: HTTP Client says - ServerDisconnectedError: Server disconnected
2025-04-16 16:41:56,139 - aiogram.dispatcher - ERROR - Failed to fetch updates - TelegramNetworkError: HTTP Client says - ServerDisconnectedError: Server disconnected
2025-04-16 22:18:18,429 - aiogram.dispatcher - ERROR - Failed to fetch updates - TelegramNetworkError: HTTP Client says - Request timeout error
2025-04-17 02:00:00,016 - app.schedule - ERROR - At least one 'when' case is required for a CASE statement.
2025-04-17 09:40:15,977 - aiogram.dispatcher - ERROR - Failed to fetch updates - TelegramNetworkError: HTTP Client says - ServerDisconnectedError: Server disconnected
2025-04-17 09:40:27,149 - aiogram.dispatcher - ERROR - Failed to fetch updates - TelegramNetworkError: HTTP Client says - ServerDisconnectedError: Server disconnected
2025-04-17 11:05:27,413 - aiogram.dispatcher - ERROR - Failed to fetch updates - TelegramNetworkError: HTTP Client says - Request timeout error
2025-04-17 16:11:33,389 - aiogram.dispatcher - ERROR - Failed to fetch updates - TelegramNetworkError: HTTP Client says - Request timeout error
2025-04-17 16:12:45,457 - aiogram.dispatcher - ERROR - Failed to fetch updates - TelegramNetworkError: HTTP Client says - Request timeout error
2025-04-17 16:13:57,405 - aiogram.dispatcher - ERROR - Failed to fetch updates - TelegramNetworkError: HTTP Client says - Request timeout error
2025-04-17 16:15:09,442 - aiogram.dispatcher - ERROR - Failed to fetch updates - TelegramNetworkError: HTTP Client says - Request timeout error
2025-04-17 16:16:22,413 - aiogram.dispatcher - ERROR - Failed to fetch updates - TelegramNetworkError: HTTP Client says - Request timeout error
2025-04-17 16:17:35,404 - aiogram.dispatcher - ERROR - Failed to fetch updates - TelegramNetworkError: HTTP Client says - Request timeout error
2025-04-17 16:18:49,421 - aiogram.dispatcher - ERROR - Failed to fetch updates - TelegramNetworkError: HTTP Client says - Request timeout error
2025-04-17 16:20:04,419 - aiogram.dispatcher - ERROR - Failed to fetch updates - TelegramNetworkError: HTTP Client says - Request timeout error
2025-04-17 16:21:19,389 - aiogram.dispatcher - ERROR - Failed to fetch updates - TelegramNetworkError: HTTP Client says - Request timeout error
2025-04-17 16:22:35,453 - aiogram.dispatcher - ERROR - Failed to fetch updates - TelegramNetworkError: HTTP Client says - Request timeout error
2025-04-17 16:23:50,397 - aiogram.dispatcher - ERROR - Failed to fetch updates - TelegramNetworkError: HTTP Client says - Request timeout error
2025-04-17 16:25:05,436 - aiogram.dispatcher - ERROR - Failed to fetch updates - TelegramNetworkError: HTTP Client says - Request timeout error
2025-04-17 16:26:21,449 - aiogram.dispatcher - ERROR - Failed to fetch updates - TelegramNetworkError: HTTP Client says - Request timeout error
2025-04-17 16:27:37,416 - aiogram.dispatcher - ERROR - Failed to fetch updates - TelegramNetworkError: HTTP Client says - Request timeout error
2025-04-17 16:28:53,431 - aiogram.dispatcher - ERROR - Failed to fetch updates - TelegramNetworkError: HTTP Client says - Request timeout error
2025-04-17 16:30:09,397 - aiogram.dispatcher - ERROR - Failed to fetch updates - TelegramNetworkError: HTTP Client says - Request timeout error
2025-04-17 16:31:25,420 - aiogram.dispatcher - ERROR - Failed to fetch updates - TelegramNetworkError: HTTP Client says - Request timeout error
2025-04-17 16:32:41,421 - aiogram.dispatcher - ERROR - Failed to fetch updates - TelegramNetworkError: HTTP Client says - Request timeout error
2025-04-17 16:33:57,421 - aiogram.dispatcher - ERROR - Failed to fetch updates - TelegramNetworkError: HTTP Client says - Request timeout error
2025-04-17 16:35:12,428 - aiogram.dispatcher - ERROR - Failed to fetch updates - TelegramNetworkError: HTTP Client says - Request timeout error
2025-04-17 16:36:27,444 - aiogram.dispatcher - ERROR - Failed to fetch updates - TelegramNetworkError: HTTP Client says - Request timeout error
2025-04-17 16:37:43,395 - aiogram.dispatcher - ERROR - Failed to fetch updates - TelegramNetworkError: HTTP Client says - Request timeout error
2025-04-17 16:50:24,231 - aiogram.dispatcher - ERROR - Failed to fetch updates - TelegramNetworkError: HTTP Client says - ClientOSError: [Errno 104] Connection reset by peer
2025-04-17 19:22:21,421 - aiogram.dispatcher - ERROR - Failed to fetch updates - TelegramNetworkError: HTTP Client says - Request timeout error
2025-04-18 02:00:00,014 - app.schedule - ERROR - At least one 'when' case is required for a CASE statement.
2025-04-19 18:59:19,230 - aiogram.dispatcher - ERROR - Failed to fetch updates - TelegramNetworkError: HTTP Client says - ServerDisconnectedError: Server disconnected
2025-04-20 20:38:38,861 - aiogram.dispatcher - ERROR - Failed to fetch updates - TelegramNetworkError: HTTP Client says - ServerDisconnectedError: Server disconnected
2025-04-21 02:00:00,020 - app.schedule - ERROR - At least one 'when' case is required for a CASE statement.
2025-04-22 11:45:42,699 - aiogram.dispatcher - ERROR - Failed to fetch updates - TelegramNetworkError: HTTP Client says - ClientOSError: [Errno 104] Connection reset by peer
2025-04-22 11:45:53,923 - aiogram.dispatcher - ERROR - Failed to fetch updates - TelegramNetworkError: HTTP Client says - ClientOSError: [Errno 104] Connection reset by peer
2025-04-23 09:50:38,025 - app.database.requests - ERROR - even - 10; user: 1
2025-04-23 10:25:52,647 - app.database.requests - ERROR - update_admin_and_get: 'NoneType' object has no attribute 'tg_name'
2025-04-23 10:25:52,647 - app.user - ERROR - cannot unpack non-iterable NoneType object
2025-04-25 02:25:24,556 - aiogram.dispatcher - ERROR - Failed to fetch updates - TelegramNetworkError: HTTP Client says - ServerDisconnectedError: Server disconnected
2025-04-25 02:25:35,730 - aiogram.dispatcher - ERROR - Failed to fetch updates - TelegramNetworkError: HTTP Client says - ServerDisconnectedError: Server disconnected
2025-04-26 18:53:09,900 - aiogram.dispatcher - ERROR - Failed to fetch updates - TelegramNetworkError: HTTP Client says - Request timeout error
2025-04-26 20:26:27,683 - aiogram.dispatcher - ERROR - Failed to fetch updates - TelegramNetworkError: HTTP Client says - Request timeout error
2025-04-26 22:07:44,124 - asyncio - ERROR - Exception in callback _ProactorBasePipeTransport._call_connection_lost(None)
handle: <Handle _ProactorBasePipeTransport._call_connection_lost(None)>
Traceback (most recent call last):
  File "D:\Programs\Python\Lib\asyncio\events.py", line 84, in _run
    self._context.run(self._callback, *self._args)
  File "D:\Programs\Python\Lib\asyncio\proactor_events.py", line 165, in _call_connection_lost
    self._sock.shutdown(socket.SHUT_RDWR)
ConnectionResetError: [WinError 10054] Удаленный хост принудительно разорвал существующее подключение
2025-04-26 23:23:57,680 - aiogram.dispatcher - ERROR - Failed to fetch updates - TelegramNetworkError: HTTP Client says - ClientOSError: [Errno 1] [SSL: APPLICATION_DATA_AFTER_CLOSE_NOTIFY] application data after close notify (_ssl.c:2685)
2025-04-27 15:40:51,829 - aiogram.event - ERROR - Cause exception while process update id=812799165 by bot id=6984364717
TypeError: 'str' object cannot be interpreted as an integer
Traceback (most recent call last):
  File "D:\Pyth_learn\Projects\e10b01a81dadc0acd00e7b38a2da7aa3\baga\.venv\Lib\site-packages\aiogram\dispatcher\dispatcher.py", line 309, in _process_update
    response = await self.feed_update(bot, update, **kwargs)
               ^^^^^^^^^^^^^^^^^^^^^^^^^^^^^^^^^^^^^^^^^^^^^
  File "D:\Pyth_learn\Projects\e10b01a81dadc0acd00e7b38a2da7aa3\baga\.venv\Lib\site-packages\aiogram\dispatcher\dispatcher.py", line 158, in feed_update
    response = await self.update.wrap_outer_middleware(
               ^^^^^^^^^^^^^^^^^^^^^^^^^^^^^^^^^^^^^^^^
  File "D:\Pyth_learn\Projects\e10b01a81dadc0acd00e7b38a2da7aa3\baga\.venv\Lib\site-packages\aiogram\dispatcher\middlewares\error.py", line 25, in __call__
    return await handler(event, data)
           ^^^^^^^^^^^^^^^^^^^^^^^^^^
  File "D:\Pyth_learn\Projects\e10b01a81dadc0acd00e7b38a2da7aa3\baga\.venv\Lib\site-packages\aiogram\dispatcher\middlewares\user_context.py", line 56, in __call__
    return await handler(event, data)
           ^^^^^^^^^^^^^^^^^^^^^^^^^^
  File "D:\Pyth_learn\Projects\e10b01a81dadc0acd00e7b38a2da7aa3\baga\.venv\Lib\site-packages\aiogram\fsm\middleware.py", line 42, in __call__
    return await handler(event, data)
           ^^^^^^^^^^^^^^^^^^^^^^^^^^
  File "D:\Pyth_learn\Projects\e10b01a81dadc0acd00e7b38a2da7aa3\baga\.venv\Lib\site-packages\aiogram\dispatcher\event\telegram.py", line 121, in trigger
    return await wrapped_inner(event, kwargs)
           ^^^^^^^^^^^^^^^^^^^^^^^^^^^^^^^^^^
  File "D:\Pyth_learn\Projects\e10b01a81dadc0acd00e7b38a2da7aa3\baga\.venv\Lib\site-packages\aiogram\dispatcher\event\handler.py", line 43, in call
    return await wrapped()
           ^^^^^^^^^^^^^^^
  File "D:\Pyth_learn\Projects\e10b01a81dadc0acd00e7b38a2da7aa3\baga\.venv\Lib\site-packages\aiogram\dispatcher\dispatcher.py", line 276, in _listen_update
    return await self.propagate_event(update_type=update_type, event=event, **kwargs)
           ^^^^^^^^^^^^^^^^^^^^^^^^^^^^^^^^^^^^^^^^^^^^^^^^^^^^^^^^^^^^^^^^^^^^^^^^^^
  File "D:\Pyth_learn\Projects\e10b01a81dadc0acd00e7b38a2da7aa3\baga\.venv\Lib\site-packages\aiogram\dispatcher\router.py", line 146, in propagate_event
    return await observer.wrap_outer_middleware(_wrapped, event=event, data=kwargs)
           ^^^^^^^^^^^^^^^^^^^^^^^^^^^^^^^^^^^^^^^^^^^^^^^^^^^^^^^^^^^^^^^^^^^^^^^^
  File "D:\Pyth_learn\Projects\e10b01a81dadc0acd00e7b38a2da7aa3\baga\.venv\Lib\site-packages\aiogram\dispatcher\router.py", line 141, in _wrapped
    return await self._propagate_event(
           ^^^^^^^^^^^^^^^^^^^^^^^^^^^^
  File "D:\Pyth_learn\Projects\e10b01a81dadc0acd00e7b38a2da7aa3\baga\.venv\Lib\site-packages\aiogram\dispatcher\router.py", line 174, in _propagate_event
    response = await router.propagate_event(update_type=update_type, event=event, **kwargs)
               ^^^^^^^^^^^^^^^^^^^^^^^^^^^^^^^^^^^^^^^^^^^^^^^^^^^^^^^^^^^^^^^^^^^^^^^^^^^^
  File "D:\Pyth_learn\Projects\e10b01a81dadc0acd00e7b38a2da7aa3\baga\.venv\Lib\site-packages\aiogram\dispatcher\router.py", line 146, in propagate_event
    return await observer.wrap_outer_middleware(_wrapped, event=event, data=kwargs)
           ^^^^^^^^^^^^^^^^^^^^^^^^^^^^^^^^^^^^^^^^^^^^^^^^^^^^^^^^^^^^^^^^^^^^^^^^
  File "D:\Pyth_learn\Projects\e10b01a81dadc0acd00e7b38a2da7aa3\baga\.venv\Lib\site-packages\aiogram\dispatcher\router.py", line 141, in _wrapped
    return await self._propagate_event(
           ^^^^^^^^^^^^^^^^^^^^^^^^^^^^
  File "D:\Pyth_learn\Projects\e10b01a81dadc0acd00e7b38a2da7aa3\baga\.venv\Lib\site-packages\aiogram\dispatcher\router.py", line 166, in _propagate_event
    response = await observer.trigger(event, **kwargs)
               ^^^^^^^^^^^^^^^^^^^^^^^^^^^^^^^^^^^^^^^
  File "D:\Pyth_learn\Projects\e10b01a81dadc0acd00e7b38a2da7aa3\baga\.venv\Lib\site-packages\aiogram\dispatcher\event\telegram.py", line 121, in trigger
    return await wrapped_inner(event, kwargs)
           ^^^^^^^^^^^^^^^^^^^^^^^^^^^^^^^^^^
  File "D:\Pyth_learn\Projects\e10b01a81dadc0acd00e7b38a2da7aa3\baga\app\user.py", line 66, in __call__
    return await handler(event, data)
           ^^^^^^^^^^^^^^^^^^^^^^^^^^
  File "D:\Pyth_learn\Projects\e10b01a81dadc0acd00e7b38a2da7aa3\baga\.venv\Lib\site-packages\aiogram\dispatcher\event\handler.py", line 43, in call
    return await wrapped()
           ^^^^^^^^^^^^^^^
  File "D:\Pyth_learn\Projects\e10b01a81dadc0acd00e7b38a2da7aa3\baga\app\user.py", line 365, in input_template
    event_time = time(hour=hour, minute=minute)
                 ^^^^^^^^^^^^^^^^^^^^^^^^^^^^^^
TypeError: 'str' object cannot be interpreted as an integer
2025-04-27 17:20:00,773 - aiogram.event - ERROR - Cause exception while process update id=812799186 by bot id=6984364717
ValueError: invalid literal for int() with base 10: '1аыв2'
Traceback (most recent call last):
  File "D:\Pyth_learn\Projects\e10b01a81dadc0acd00e7b38a2da7aa3\baga\.venv\Lib\site-packages\aiogram\dispatcher\dispatcher.py", line 309, in _process_update
    response = await self.feed_update(bot, update, **kwargs)
               ^^^^^^^^^^^^^^^^^^^^^^^^^^^^^^^^^^^^^^^^^^^^^
  File "D:\Pyth_learn\Projects\e10b01a81dadc0acd00e7b38a2da7aa3\baga\.venv\Lib\site-packages\aiogram\dispatcher\dispatcher.py", line 158, in feed_update
    response = await self.update.wrap_outer_middleware(
               ^^^^^^^^^^^^^^^^^^^^^^^^^^^^^^^^^^^^^^^^
  File "D:\Pyth_learn\Projects\e10b01a81dadc0acd00e7b38a2da7aa3\baga\.venv\Lib\site-packages\aiogram\dispatcher\middlewares\error.py", line 25, in __call__
    return await handler(event, data)
           ^^^^^^^^^^^^^^^^^^^^^^^^^^
  File "D:\Pyth_learn\Projects\e10b01a81dadc0acd00e7b38a2da7aa3\baga\.venv\Lib\site-packages\aiogram\dispatcher\middlewares\user_context.py", line 56, in __call__
    return await handler(event, data)
           ^^^^^^^^^^^^^^^^^^^^^^^^^^
  File "D:\Pyth_learn\Projects\e10b01a81dadc0acd00e7b38a2da7aa3\baga\.venv\Lib\site-packages\aiogram\fsm\middleware.py", line 42, in __call__
    return await handler(event, data)
           ^^^^^^^^^^^^^^^^^^^^^^^^^^
  File "D:\Pyth_learn\Projects\e10b01a81dadc0acd00e7b38a2da7aa3\baga\.venv\Lib\site-packages\aiogram\dispatcher\event\telegram.py", line 121, in trigger
    return await wrapped_inner(event, kwargs)
           ^^^^^^^^^^^^^^^^^^^^^^^^^^^^^^^^^^
  File "D:\Pyth_learn\Projects\e10b01a81dadc0acd00e7b38a2da7aa3\baga\.venv\Lib\site-packages\aiogram\dispatcher\event\handler.py", line 43, in call
    return await wrapped()
           ^^^^^^^^^^^^^^^
  File "D:\Pyth_learn\Projects\e10b01a81dadc0acd00e7b38a2da7aa3\baga\.venv\Lib\site-packages\aiogram\dispatcher\dispatcher.py", line 276, in _listen_update
    return await self.propagate_event(update_type=update_type, event=event, **kwargs)
           ^^^^^^^^^^^^^^^^^^^^^^^^^^^^^^^^^^^^^^^^^^^^^^^^^^^^^^^^^^^^^^^^^^^^^^^^^^
  File "D:\Pyth_learn\Projects\e10b01a81dadc0acd00e7b38a2da7aa3\baga\.venv\Lib\site-packages\aiogram\dispatcher\router.py", line 146, in propagate_event
    return await observer.wrap_outer_middleware(_wrapped, event=event, data=kwargs)
           ^^^^^^^^^^^^^^^^^^^^^^^^^^^^^^^^^^^^^^^^^^^^^^^^^^^^^^^^^^^^^^^^^^^^^^^^
  File "D:\Pyth_learn\Projects\e10b01a81dadc0acd00e7b38a2da7aa3\baga\.venv\Lib\site-packages\aiogram\dispatcher\router.py", line 141, in _wrapped
    return await self._propagate_event(
           ^^^^^^^^^^^^^^^^^^^^^^^^^^^^
  File "D:\Pyth_learn\Projects\e10b01a81dadc0acd00e7b38a2da7aa3\baga\.venv\Lib\site-packages\aiogram\dispatcher\router.py", line 174, in _propagate_event
    response = await router.propagate_event(update_type=update_type, event=event, **kwargs)
               ^^^^^^^^^^^^^^^^^^^^^^^^^^^^^^^^^^^^^^^^^^^^^^^^^^^^^^^^^^^^^^^^^^^^^^^^^^^^
  File "D:\Pyth_learn\Projects\e10b01a81dadc0acd00e7b38a2da7aa3\baga\.venv\Lib\site-packages\aiogram\dispatcher\router.py", line 146, in propagate_event
    return await observer.wrap_outer_middleware(_wrapped, event=event, data=kwargs)
           ^^^^^^^^^^^^^^^^^^^^^^^^^^^^^^^^^^^^^^^^^^^^^^^^^^^^^^^^^^^^^^^^^^^^^^^^
  File "D:\Pyth_learn\Projects\e10b01a81dadc0acd00e7b38a2da7aa3\baga\.venv\Lib\site-packages\aiogram\dispatcher\router.py", line 141, in _wrapped
    return await self._propagate_event(
           ^^^^^^^^^^^^^^^^^^^^^^^^^^^^
  File "D:\Pyth_learn\Projects\e10b01a81dadc0acd00e7b38a2da7aa3\baga\.venv\Lib\site-packages\aiogram\dispatcher\router.py", line 166, in _propagate_event
    response = await observer.trigger(event, **kwargs)
               ^^^^^^^^^^^^^^^^^^^^^^^^^^^^^^^^^^^^^^^
  File "D:\Pyth_learn\Projects\e10b01a81dadc0acd00e7b38a2da7aa3\baga\.venv\Lib\site-packages\aiogram\dispatcher\event\telegram.py", line 121, in trigger
    return await wrapped_inner(event, kwargs)
           ^^^^^^^^^^^^^^^^^^^^^^^^^^^^^^^^^^
  File "D:\Pyth_learn\Projects\e10b01a81dadc0acd00e7b38a2da7aa3\baga\app\user.py", line 66, in __call__
    return await handler(event, data)
           ^^^^^^^^^^^^^^^^^^^^^^^^^^
  File "D:\Pyth_learn\Projects\e10b01a81dadc0acd00e7b38a2da7aa3\baga\.venv\Lib\site-packages\aiogram\dispatcher\event\handler.py", line 43, in call
    return await wrapped()
           ^^^^^^^^^^^^^^^
  File "D:\Pyth_learn\Projects\e10b01a81dadc0acd00e7b38a2da7aa3\baga\app\user.py", line 368, in input_template
    participants_count = int(value)
                         ^^^^^^^^^^
ValueError: invalid literal for int() with base 10: '1аыв2'
2025-04-27 17:20:15,681 - aiogram.event - ERROR - Cause exception while process update id=812799187 by bot id=6984364717
FieldError: Relation gym for models.Event not found
Traceback (most recent call last):
  File "D:\Pyth_learn\Projects\e10b01a81dadc0acd00e7b38a2da7aa3\baga\.venv\Lib\site-packages\aiogram\dispatcher\dispatcher.py", line 309, in _process_update
    response = await self.feed_update(bot, update, **kwargs)
               ^^^^^^^^^^^^^^^^^^^^^^^^^^^^^^^^^^^^^^^^^^^^^
  File "D:\Pyth_learn\Projects\e10b01a81dadc0acd00e7b38a2da7aa3\baga\.venv\Lib\site-packages\aiogram\dispatcher\dispatcher.py", line 158, in feed_update
    response = await self.update.wrap_outer_middleware(
               ^^^^^^^^^^^^^^^^^^^^^^^^^^^^^^^^^^^^^^^^
  File "D:\Pyth_learn\Projects\e10b01a81dadc0acd00e7b38a2da7aa3\baga\.venv\Lib\site-packages\aiogram\dispatcher\middlewares\error.py", line 25, in __call__
    return await handler(event, data)
           ^^^^^^^^^^^^^^^^^^^^^^^^^^
  File "D:\Pyth_learn\Projects\e10b01a81dadc0acd00e7b38a2da7aa3\baga\.venv\Lib\site-packages\aiogram\dispatcher\middlewares\user_context.py", line 56, in __call__
    return await handler(event, data)
           ^^^^^^^^^^^^^^^^^^^^^^^^^^
  File "D:\Pyth_learn\Projects\e10b01a81dadc0acd00e7b38a2da7aa3\baga\.venv\Lib\site-packages\aiogram\fsm\middleware.py", line 42, in __call__
    return await handler(event, data)
           ^^^^^^^^^^^^^^^^^^^^^^^^^^
  File "D:\Pyth_learn\Projects\e10b01a81dadc0acd00e7b38a2da7aa3\baga\.venv\Lib\site-packages\aiogram\dispatcher\event\telegram.py", line 121, in trigger
    return await wrapped_inner(event, kwargs)
           ^^^^^^^^^^^^^^^^^^^^^^^^^^^^^^^^^^
  File "D:\Pyth_learn\Projects\e10b01a81dadc0acd00e7b38a2da7aa3\baga\.venv\Lib\site-packages\aiogram\dispatcher\event\handler.py", line 43, in call
    return await wrapped()
           ^^^^^^^^^^^^^^^
  File "D:\Pyth_learn\Projects\e10b01a81dadc0acd00e7b38a2da7aa3\baga\.venv\Lib\site-packages\aiogram\dispatcher\dispatcher.py", line 276, in _listen_update
    return await self.propagate_event(update_type=update_type, event=event, **kwargs)
           ^^^^^^^^^^^^^^^^^^^^^^^^^^^^^^^^^^^^^^^^^^^^^^^^^^^^^^^^^^^^^^^^^^^^^^^^^^
  File "D:\Pyth_learn\Projects\e10b01a81dadc0acd00e7b38a2da7aa3\baga\.venv\Lib\site-packages\aiogram\dispatcher\router.py", line 146, in propagate_event
    return await observer.wrap_outer_middleware(_wrapped, event=event, data=kwargs)
           ^^^^^^^^^^^^^^^^^^^^^^^^^^^^^^^^^^^^^^^^^^^^^^^^^^^^^^^^^^^^^^^^^^^^^^^^
  File "D:\Pyth_learn\Projects\e10b01a81dadc0acd00e7b38a2da7aa3\baga\.venv\Lib\site-packages\aiogram\dispatcher\router.py", line 141, in _wrapped
    return await self._propagate_event(
           ^^^^^^^^^^^^^^^^^^^^^^^^^^^^
  File "D:\Pyth_learn\Projects\e10b01a81dadc0acd00e7b38a2da7aa3\baga\.venv\Lib\site-packages\aiogram\dispatcher\router.py", line 174, in _propagate_event
    response = await router.propagate_event(update_type=update_type, event=event, **kwargs)
               ^^^^^^^^^^^^^^^^^^^^^^^^^^^^^^^^^^^^^^^^^^^^^^^^^^^^^^^^^^^^^^^^^^^^^^^^^^^^
  File "D:\Pyth_learn\Projects\e10b01a81dadc0acd00e7b38a2da7aa3\baga\.venv\Lib\site-packages\aiogram\dispatcher\router.py", line 146, in propagate_event
    return await observer.wrap_outer_middleware(_wrapped, event=event, data=kwargs)
           ^^^^^^^^^^^^^^^^^^^^^^^^^^^^^^^^^^^^^^^^^^^^^^^^^^^^^^^^^^^^^^^^^^^^^^^^
  File "D:\Pyth_learn\Projects\e10b01a81dadc0acd00e7b38a2da7aa3\baga\.venv\Lib\site-packages\aiogram\dispatcher\router.py", line 141, in _wrapped
    return await self._propagate_event(
           ^^^^^^^^^^^^^^^^^^^^^^^^^^^^
  File "D:\Pyth_learn\Projects\e10b01a81dadc0acd00e7b38a2da7aa3\baga\.venv\Lib\site-packages\aiogram\dispatcher\router.py", line 166, in _propagate_event
    response = await observer.trigger(event, **kwargs)
               ^^^^^^^^^^^^^^^^^^^^^^^^^^^^^^^^^^^^^^^
  File "D:\Pyth_learn\Projects\e10b01a81dadc0acd00e7b38a2da7aa3\baga\.venv\Lib\site-packages\aiogram\dispatcher\event\telegram.py", line 121, in trigger
    return await wrapped_inner(event, kwargs)
           ^^^^^^^^^^^^^^^^^^^^^^^^^^^^^^^^^^
  File "D:\Pyth_learn\Projects\e10b01a81dadc0acd00e7b38a2da7aa3\baga\app\user.py", line 66, in __call__
    return await handler(event, data)
           ^^^^^^^^^^^^^^^^^^^^^^^^^^
  File "D:\Pyth_learn\Projects\e10b01a81dadc0acd00e7b38a2da7aa3\baga\.venv\Lib\site-packages\aiogram\dispatcher\event\handler.py", line 43, in call
    return await wrapped()
           ^^^^^^^^^^^^^^^
  File "D:\Pyth_learn\Projects\e10b01a81dadc0acd00e7b38a2da7aa3\baga\app\user.py", line 218, in show_trainings
    events = await db_req.get_event()
             ^^^^^^^^^^^^^^^^^^^^^^^^
  File "D:\Pyth_learn\Projects\e10b01a81dadc0acd00e7b38a2da7aa3\baga\app\database\requests.py", line 83, in get_event
    await (Event.all().prefetch_related('gym').
           ^^^^^^^^^^^^^^^^^^^^^^^^^^^^^^^^^^^
  File "D:\Pyth_learn\Projects\e10b01a81dadc0acd00e7b38a2da7aa3\baga\.venv\Lib\site-packages\tortoise\queryset.py", line 897, in prefetch_related
    raise FieldError(
tortoise.exceptions.FieldError: Relation gym for models.Event not found
2025-04-27 17:20:22,919 - aiogram.event - ERROR - Cause exception while process update id=812799188 by bot id=6984364717
FieldError: Relation gym for models.Event not found
Traceback (most recent call last):
  File "D:\Pyth_learn\Projects\e10b01a81dadc0acd00e7b38a2da7aa3\baga\.venv\Lib\site-packages\aiogram\dispatcher\dispatcher.py", line 309, in _process_update
    response = await self.feed_update(bot, update, **kwargs)
               ^^^^^^^^^^^^^^^^^^^^^^^^^^^^^^^^^^^^^^^^^^^^^
  File "D:\Pyth_learn\Projects\e10b01a81dadc0acd00e7b38a2da7aa3\baga\.venv\Lib\site-packages\aiogram\dispatcher\dispatcher.py", line 158, in feed_update
    response = await self.update.wrap_outer_middleware(
               ^^^^^^^^^^^^^^^^^^^^^^^^^^^^^^^^^^^^^^^^
  File "D:\Pyth_learn\Projects\e10b01a81dadc0acd00e7b38a2da7aa3\baga\.venv\Lib\site-packages\aiogram\dispatcher\middlewares\error.py", line 25, in __call__
    return await handler(event, data)
           ^^^^^^^^^^^^^^^^^^^^^^^^^^
  File "D:\Pyth_learn\Projects\e10b01a81dadc0acd00e7b38a2da7aa3\baga\.venv\Lib\site-packages\aiogram\dispatcher\middlewares\user_context.py", line 56, in __call__
    return await handler(event, data)
           ^^^^^^^^^^^^^^^^^^^^^^^^^^
  File "D:\Pyth_learn\Projects\e10b01a81dadc0acd00e7b38a2da7aa3\baga\.venv\Lib\site-packages\aiogram\fsm\middleware.py", line 42, in __call__
    return await handler(event, data)
           ^^^^^^^^^^^^^^^^^^^^^^^^^^
  File "D:\Pyth_learn\Projects\e10b01a81dadc0acd00e7b38a2da7aa3\baga\.venv\Lib\site-packages\aiogram\dispatcher\event\telegram.py", line 121, in trigger
    return await wrapped_inner(event, kwargs)
           ^^^^^^^^^^^^^^^^^^^^^^^^^^^^^^^^^^
  File "D:\Pyth_learn\Projects\e10b01a81dadc0acd00e7b38a2da7aa3\baga\.venv\Lib\site-packages\aiogram\dispatcher\event\handler.py", line 43, in call
    return await wrapped()
           ^^^^^^^^^^^^^^^
  File "D:\Pyth_learn\Projects\e10b01a81dadc0acd00e7b38a2da7aa3\baga\.venv\Lib\site-packages\aiogram\dispatcher\dispatcher.py", line 276, in _listen_update
    return await self.propagate_event(update_type=update_type, event=event, **kwargs)
           ^^^^^^^^^^^^^^^^^^^^^^^^^^^^^^^^^^^^^^^^^^^^^^^^^^^^^^^^^^^^^^^^^^^^^^^^^^
  File "D:\Pyth_learn\Projects\e10b01a81dadc0acd00e7b38a2da7aa3\baga\.venv\Lib\site-packages\aiogram\dispatcher\router.py", line 146, in propagate_event
    return await observer.wrap_outer_middleware(_wrapped, event=event, data=kwargs)
           ^^^^^^^^^^^^^^^^^^^^^^^^^^^^^^^^^^^^^^^^^^^^^^^^^^^^^^^^^^^^^^^^^^^^^^^^
  File "D:\Pyth_learn\Projects\e10b01a81dadc0acd00e7b38a2da7aa3\baga\.venv\Lib\site-packages\aiogram\dispatcher\router.py", line 141, in _wrapped
    return await self._propagate_event(
           ^^^^^^^^^^^^^^^^^^^^^^^^^^^^
  File "D:\Pyth_learn\Projects\e10b01a81dadc0acd00e7b38a2da7aa3\baga\.venv\Lib\site-packages\aiogram\dispatcher\router.py", line 174, in _propagate_event
    response = await router.propagate_event(update_type=update_type, event=event, **kwargs)
               ^^^^^^^^^^^^^^^^^^^^^^^^^^^^^^^^^^^^^^^^^^^^^^^^^^^^^^^^^^^^^^^^^^^^^^^^^^^^
  File "D:\Pyth_learn\Projects\e10b01a81dadc0acd00e7b38a2da7aa3\baga\.venv\Lib\site-packages\aiogram\dispatcher\router.py", line 146, in propagate_event
    return await observer.wrap_outer_middleware(_wrapped, event=event, data=kwargs)
           ^^^^^^^^^^^^^^^^^^^^^^^^^^^^^^^^^^^^^^^^^^^^^^^^^^^^^^^^^^^^^^^^^^^^^^^^
  File "D:\Pyth_learn\Projects\e10b01a81dadc0acd00e7b38a2da7aa3\baga\.venv\Lib\site-packages\aiogram\dispatcher\router.py", line 141, in _wrapped
    return await self._propagate_event(
           ^^^^^^^^^^^^^^^^^^^^^^^^^^^^
  File "D:\Pyth_learn\Projects\e10b01a81dadc0acd00e7b38a2da7aa3\baga\.venv\Lib\site-packages\aiogram\dispatcher\router.py", line 166, in _propagate_event
    response = await observer.trigger(event, **kwargs)
               ^^^^^^^^^^^^^^^^^^^^^^^^^^^^^^^^^^^^^^^
  File "D:\Pyth_learn\Projects\e10b01a81dadc0acd00e7b38a2da7aa3\baga\.venv\Lib\site-packages\aiogram\dispatcher\event\telegram.py", line 121, in trigger
    return await wrapped_inner(event, kwargs)
           ^^^^^^^^^^^^^^^^^^^^^^^^^^^^^^^^^^
  File "D:\Pyth_learn\Projects\e10b01a81dadc0acd00e7b38a2da7aa3\baga\app\user.py", line 66, in __call__
    return await handler(event, data)
           ^^^^^^^^^^^^^^^^^^^^^^^^^^
  File "D:\Pyth_learn\Projects\e10b01a81dadc0acd00e7b38a2da7aa3\baga\.venv\Lib\site-packages\aiogram\dispatcher\event\handler.py", line 43, in call
    return await wrapped()
           ^^^^^^^^^^^^^^^
  File "D:\Pyth_learn\Projects\e10b01a81dadc0acd00e7b38a2da7aa3\baga\app\user.py", line 218, in show_trainings
    events = await db_req.get_event()
             ^^^^^^^^^^^^^^^^^^^^^^^^
  File "D:\Pyth_learn\Projects\e10b01a81dadc0acd00e7b38a2da7aa3\baga\app\database\requests.py", line 83, in get_event
    await (Event.all().prefetch_related('gym').
           ^^^^^^^^^^^^^^^^^^^^^^^^^^^^^^^^^^^
  File "D:\Pyth_learn\Projects\e10b01a81dadc0acd00e7b38a2da7aa3\baga\.venv\Lib\site-packages\tortoise\queryset.py", line 897, in prefetch_related
    raise FieldError(
tortoise.exceptions.FieldError: Relation gym for models.Event not found
2025-04-27 17:20:32,587 - aiogram.event - ERROR - Cause exception while process update id=812799191 by bot id=6984364717
ValueError: month must be in 1..12
Traceback (most recent call last):
  File "D:\Pyth_learn\Projects\e10b01a81dadc0acd00e7b38a2da7aa3\baga\.venv\Lib\site-packages\aiogram\dispatcher\dispatcher.py", line 309, in _process_update
    response = await self.feed_update(bot, update, **kwargs)
               ^^^^^^^^^^^^^^^^^^^^^^^^^^^^^^^^^^^^^^^^^^^^^
  File "D:\Pyth_learn\Projects\e10b01a81dadc0acd00e7b38a2da7aa3\baga\.venv\Lib\site-packages\aiogram\dispatcher\dispatcher.py", line 158, in feed_update
    response = await self.update.wrap_outer_middleware(
               ^^^^^^^^^^^^^^^^^^^^^^^^^^^^^^^^^^^^^^^^
  File "D:\Pyth_learn\Projects\e10b01a81dadc0acd00e7b38a2da7aa3\baga\.venv\Lib\site-packages\aiogram\dispatcher\middlewares\error.py", line 25, in __call__
    return await handler(event, data)
           ^^^^^^^^^^^^^^^^^^^^^^^^^^
  File "D:\Pyth_learn\Projects\e10b01a81dadc0acd00e7b38a2da7aa3\baga\.venv\Lib\site-packages\aiogram\dispatcher\middlewares\user_context.py", line 56, in __call__
    return await handler(event, data)
           ^^^^^^^^^^^^^^^^^^^^^^^^^^
  File "D:\Pyth_learn\Projects\e10b01a81dadc0acd00e7b38a2da7aa3\baga\.venv\Lib\site-packages\aiogram\fsm\middleware.py", line 42, in __call__
    return await handler(event, data)
           ^^^^^^^^^^^^^^^^^^^^^^^^^^
  File "D:\Pyth_learn\Projects\e10b01a81dadc0acd00e7b38a2da7aa3\baga\.venv\Lib\site-packages\aiogram\dispatcher\event\telegram.py", line 121, in trigger
    return await wrapped_inner(event, kwargs)
           ^^^^^^^^^^^^^^^^^^^^^^^^^^^^^^^^^^
  File "D:\Pyth_learn\Projects\e10b01a81dadc0acd00e7b38a2da7aa3\baga\.venv\Lib\site-packages\aiogram\dispatcher\event\handler.py", line 43, in call
    return await wrapped()
           ^^^^^^^^^^^^^^^
  File "D:\Pyth_learn\Projects\e10b01a81dadc0acd00e7b38a2da7aa3\baga\.venv\Lib\site-packages\aiogram\dispatcher\dispatcher.py", line 276, in _listen_update
    return await self.propagate_event(update_type=update_type, event=event, **kwargs)
           ^^^^^^^^^^^^^^^^^^^^^^^^^^^^^^^^^^^^^^^^^^^^^^^^^^^^^^^^^^^^^^^^^^^^^^^^^^
  File "D:\Pyth_learn\Projects\e10b01a81dadc0acd00e7b38a2da7aa3\baga\.venv\Lib\site-packages\aiogram\dispatcher\router.py", line 146, in propagate_event
    return await observer.wrap_outer_middleware(_wrapped, event=event, data=kwargs)
           ^^^^^^^^^^^^^^^^^^^^^^^^^^^^^^^^^^^^^^^^^^^^^^^^^^^^^^^^^^^^^^^^^^^^^^^^
  File "D:\Pyth_learn\Projects\e10b01a81dadc0acd00e7b38a2da7aa3\baga\.venv\Lib\site-packages\aiogram\dispatcher\router.py", line 141, in _wrapped
    return await self._propagate_event(
           ^^^^^^^^^^^^^^^^^^^^^^^^^^^^
  File "D:\Pyth_learn\Projects\e10b01a81dadc0acd00e7b38a2da7aa3\baga\.venv\Lib\site-packages\aiogram\dispatcher\router.py", line 174, in _propagate_event
    response = await router.propagate_event(update_type=update_type, event=event, **kwargs)
               ^^^^^^^^^^^^^^^^^^^^^^^^^^^^^^^^^^^^^^^^^^^^^^^^^^^^^^^^^^^^^^^^^^^^^^^^^^^^
  File "D:\Pyth_learn\Projects\e10b01a81dadc0acd00e7b38a2da7aa3\baga\.venv\Lib\site-packages\aiogram\dispatcher\router.py", line 146, in propagate_event
    return await observer.wrap_outer_middleware(_wrapped, event=event, data=kwargs)
           ^^^^^^^^^^^^^^^^^^^^^^^^^^^^^^^^^^^^^^^^^^^^^^^^^^^^^^^^^^^^^^^^^^^^^^^^
  File "D:\Pyth_learn\Projects\e10b01a81dadc0acd00e7b38a2da7aa3\baga\.venv\Lib\site-packages\aiogram\dispatcher\router.py", line 141, in _wrapped
    return await self._propagate_event(
           ^^^^^^^^^^^^^^^^^^^^^^^^^^^^
  File "D:\Pyth_learn\Projects\e10b01a81dadc0acd00e7b38a2da7aa3\baga\.venv\Lib\site-packages\aiogram\dispatcher\router.py", line 166, in _propagate_event
    response = await observer.trigger(event, **kwargs)
               ^^^^^^^^^^^^^^^^^^^^^^^^^^^^^^^^^^^^^^^
  File "D:\Pyth_learn\Projects\e10b01a81dadc0acd00e7b38a2da7aa3\baga\.venv\Lib\site-packages\aiogram\dispatcher\event\telegram.py", line 121, in trigger
    return await wrapped_inner(event, kwargs)
           ^^^^^^^^^^^^^^^^^^^^^^^^^^^^^^^^^^
  File "D:\Pyth_learn\Projects\e10b01a81dadc0acd00e7b38a2da7aa3\baga\app\user.py", line 66, in __call__
    return await handler(event, data)
           ^^^^^^^^^^^^^^^^^^^^^^^^^^
  File "D:\Pyth_learn\Projects\e10b01a81dadc0acd00e7b38a2da7aa3\baga\.venv\Lib\site-packages\aiogram\dispatcher\event\handler.py", line 43, in call
    return await wrapped()
           ^^^^^^^^^^^^^^^
  File "D:\Pyth_learn\Projects\e10b01a81dadc0acd00e7b38a2da7aa3\baga\app\user.py", line 362, in input_template
    event_date = date(year=int(year), month=int(month), day=int(day))
                 ^^^^^^^^^^^^^^^^^^^^^^^^^^^^^^^^^^^^^^^^^^^^^^^^^^^^
ValueError: month must be in 1..12
2025-04-27 17:28:52,229 - aiogram.event - ERROR - Cause exception while process update id=812799197 by bot id=6984364717
UnboundLocalError: cannot access local variable 'error_message' where it is not associated with a value
Traceback (most recent call last):
  File "D:\Pyth_learn\Projects\e10b01a81dadc0acd00e7b38a2da7aa3\baga\app\user.py", line 363, in input_template
    event_date = date(year=int(year), month=int(month), day=int(day))
                 ^^^^^^^^^^^^^^^^^^^^^^^^^^^^^^^^^^^^^^^^^^^^^^^^^^^^
ValueError: month must be in 1..12

During handling of the above exception, another exception occurred:

Traceback (most recent call last):
  File "D:\Pyth_learn\Projects\e10b01a81dadc0acd00e7b38a2da7aa3\baga\.venv\Lib\site-packages\aiogram\dispatcher\dispatcher.py", line 309, in _process_update
    response = await self.feed_update(bot, update, **kwargs)
               ^^^^^^^^^^^^^^^^^^^^^^^^^^^^^^^^^^^^^^^^^^^^^
  File "D:\Pyth_learn\Projects\e10b01a81dadc0acd00e7b38a2da7aa3\baga\.venv\Lib\site-packages\aiogram\dispatcher\dispatcher.py", line 158, in feed_update
    response = await self.update.wrap_outer_middleware(
               ^^^^^^^^^^^^^^^^^^^^^^^^^^^^^^^^^^^^^^^^
  File "D:\Pyth_learn\Projects\e10b01a81dadc0acd00e7b38a2da7aa3\baga\.venv\Lib\site-packages\aiogram\dispatcher\middlewares\error.py", line 25, in __call__
    return await handler(event, data)
           ^^^^^^^^^^^^^^^^^^^^^^^^^^
  File "D:\Pyth_learn\Projects\e10b01a81dadc0acd00e7b38a2da7aa3\baga\.venv\Lib\site-packages\aiogram\dispatcher\middlewares\user_context.py", line 56, in __call__
    return await handler(event, data)
           ^^^^^^^^^^^^^^^^^^^^^^^^^^
  File "D:\Pyth_learn\Projects\e10b01a81dadc0acd00e7b38a2da7aa3\baga\.venv\Lib\site-packages\aiogram\fsm\middleware.py", line 42, in __call__
    return await handler(event, data)
           ^^^^^^^^^^^^^^^^^^^^^^^^^^
  File "D:\Pyth_learn\Projects\e10b01a81dadc0acd00e7b38a2da7aa3\baga\.venv\Lib\site-packages\aiogram\dispatcher\event\telegram.py", line 121, in trigger
    return await wrapped_inner(event, kwargs)
           ^^^^^^^^^^^^^^^^^^^^^^^^^^^^^^^^^^
  File "D:\Pyth_learn\Projects\e10b01a81dadc0acd00e7b38a2da7aa3\baga\.venv\Lib\site-packages\aiogram\dispatcher\event\handler.py", line 43, in call
    return await wrapped()
           ^^^^^^^^^^^^^^^
  File "D:\Pyth_learn\Projects\e10b01a81dadc0acd00e7b38a2da7aa3\baga\.venv\Lib\site-packages\aiogram\dispatcher\dispatcher.py", line 276, in _listen_update
    return await self.propagate_event(update_type=update_type, event=event, **kwargs)
           ^^^^^^^^^^^^^^^^^^^^^^^^^^^^^^^^^^^^^^^^^^^^^^^^^^^^^^^^^^^^^^^^^^^^^^^^^^
  File "D:\Pyth_learn\Projects\e10b01a81dadc0acd00e7b38a2da7aa3\baga\.venv\Lib\site-packages\aiogram\dispatcher\router.py", line 146, in propagate_event
    return await observer.wrap_outer_middleware(_wrapped, event=event, data=kwargs)
           ^^^^^^^^^^^^^^^^^^^^^^^^^^^^^^^^^^^^^^^^^^^^^^^^^^^^^^^^^^^^^^^^^^^^^^^^
  File "D:\Pyth_learn\Projects\e10b01a81dadc0acd00e7b38a2da7aa3\baga\.venv\Lib\site-packages\aiogram\dispatcher\router.py", line 141, in _wrapped
    return await self._propagate_event(
           ^^^^^^^^^^^^^^^^^^^^^^^^^^^^
  File "D:\Pyth_learn\Projects\e10b01a81dadc0acd00e7b38a2da7aa3\baga\.venv\Lib\site-packages\aiogram\dispatcher\router.py", line 174, in _propagate_event
    response = await router.propagate_event(update_type=update_type, event=event, **kwargs)
               ^^^^^^^^^^^^^^^^^^^^^^^^^^^^^^^^^^^^^^^^^^^^^^^^^^^^^^^^^^^^^^^^^^^^^^^^^^^^
  File "D:\Pyth_learn\Projects\e10b01a81dadc0acd00e7b38a2da7aa3\baga\.venv\Lib\site-packages\aiogram\dispatcher\router.py", line 146, in propagate_event
    return await observer.wrap_outer_middleware(_wrapped, event=event, data=kwargs)
           ^^^^^^^^^^^^^^^^^^^^^^^^^^^^^^^^^^^^^^^^^^^^^^^^^^^^^^^^^^^^^^^^^^^^^^^^
  File "D:\Pyth_learn\Projects\e10b01a81dadc0acd00e7b38a2da7aa3\baga\.venv\Lib\site-packages\aiogram\dispatcher\router.py", line 141, in _wrapped
    return await self._propagate_event(
           ^^^^^^^^^^^^^^^^^^^^^^^^^^^^
  File "D:\Pyth_learn\Projects\e10b01a81dadc0acd00e7b38a2da7aa3\baga\.venv\Lib\site-packages\aiogram\dispatcher\router.py", line 166, in _propagate_event
    response = await observer.trigger(event, **kwargs)
               ^^^^^^^^^^^^^^^^^^^^^^^^^^^^^^^^^^^^^^^
  File "D:\Pyth_learn\Projects\e10b01a81dadc0acd00e7b38a2da7aa3\baga\.venv\Lib\site-packages\aiogram\dispatcher\event\telegram.py", line 121, in trigger
    return await wrapped_inner(event, kwargs)
           ^^^^^^^^^^^^^^^^^^^^^^^^^^^^^^^^^^
  File "D:\Pyth_learn\Projects\e10b01a81dadc0acd00e7b38a2da7aa3\baga\app\user.py", line 66, in __call__
    return await handler(event, data)
           ^^^^^^^^^^^^^^^^^^^^^^^^^^
  File "D:\Pyth_learn\Projects\e10b01a81dadc0acd00e7b38a2da7aa3\baga\.venv\Lib\site-packages\aiogram\dispatcher\event\handler.py", line 43, in call
    return await wrapped()
           ^^^^^^^^^^^^^^^
  File "D:\Pyth_learn\Projects\e10b01a81dadc0acd00e7b38a2da7aa3\baga\app\user.py", line 387, in input_template
    await message.answer(error_message)
                         ^^^^^^^^^^^^^
UnboundLocalError: cannot access local variable 'error_message' where it is not associated with a value
2025-04-27 17:37:02,817 - aiogram.event - ERROR - Cause exception while process update id=812799219 by bot id=6984364717
UnboundLocalError: cannot access local variable 'error_message' where it is not associated with a value
Traceback (most recent call last):
  File "D:\Pyth_learn\Projects\e10b01a81dadc0acd00e7b38a2da7aa3\baga\app\user.py", line 363, in input_template
    event_date = date(year=int(year), month=int(month), day=int(day))
                                                            ^^^^^^^^
ValueError: invalid literal for int() with base 10: '25a'

During handling of the above exception, another exception occurred:

Traceback (most recent call last):
  File "D:\Pyth_learn\Projects\e10b01a81dadc0acd00e7b38a2da7aa3\baga\.venv\Lib\site-packages\aiogram\dispatcher\dispatcher.py", line 309, in _process_update
    response = await self.feed_update(bot, update, **kwargs)
               ^^^^^^^^^^^^^^^^^^^^^^^^^^^^^^^^^^^^^^^^^^^^^
  File "D:\Pyth_learn\Projects\e10b01a81dadc0acd00e7b38a2da7aa3\baga\.venv\Lib\site-packages\aiogram\dispatcher\dispatcher.py", line 158, in feed_update
    response = await self.update.wrap_outer_middleware(
               ^^^^^^^^^^^^^^^^^^^^^^^^^^^^^^^^^^^^^^^^
  File "D:\Pyth_learn\Projects\e10b01a81dadc0acd00e7b38a2da7aa3\baga\.venv\Lib\site-packages\aiogram\dispatcher\middlewares\error.py", line 25, in __call__
    return await handler(event, data)
           ^^^^^^^^^^^^^^^^^^^^^^^^^^
  File "D:\Pyth_learn\Projects\e10b01a81dadc0acd00e7b38a2da7aa3\baga\.venv\Lib\site-packages\aiogram\dispatcher\middlewares\user_context.py", line 56, in __call__
    return await handler(event, data)
           ^^^^^^^^^^^^^^^^^^^^^^^^^^
  File "D:\Pyth_learn\Projects\e10b01a81dadc0acd00e7b38a2da7aa3\baga\.venv\Lib\site-packages\aiogram\fsm\middleware.py", line 42, in __call__
    return await handler(event, data)
           ^^^^^^^^^^^^^^^^^^^^^^^^^^
  File "D:\Pyth_learn\Projects\e10b01a81dadc0acd00e7b38a2da7aa3\baga\.venv\Lib\site-packages\aiogram\dispatcher\event\telegram.py", line 121, in trigger
    return await wrapped_inner(event, kwargs)
           ^^^^^^^^^^^^^^^^^^^^^^^^^^^^^^^^^^
  File "D:\Pyth_learn\Projects\e10b01a81dadc0acd00e7b38a2da7aa3\baga\.venv\Lib\site-packages\aiogram\dispatcher\event\handler.py", line 43, in call
    return await wrapped()
           ^^^^^^^^^^^^^^^
  File "D:\Pyth_learn\Projects\e10b01a81dadc0acd00e7b38a2da7aa3\baga\.venv\Lib\site-packages\aiogram\dispatcher\dispatcher.py", line 276, in _listen_update
    return await self.propagate_event(update_type=update_type, event=event, **kwargs)
           ^^^^^^^^^^^^^^^^^^^^^^^^^^^^^^^^^^^^^^^^^^^^^^^^^^^^^^^^^^^^^^^^^^^^^^^^^^
  File "D:\Pyth_learn\Projects\e10b01a81dadc0acd00e7b38a2da7aa3\baga\.venv\Lib\site-packages\aiogram\dispatcher\router.py", line 146, in propagate_event
    return await observer.wrap_outer_middleware(_wrapped, event=event, data=kwargs)
           ^^^^^^^^^^^^^^^^^^^^^^^^^^^^^^^^^^^^^^^^^^^^^^^^^^^^^^^^^^^^^^^^^^^^^^^^
  File "D:\Pyth_learn\Projects\e10b01a81dadc0acd00e7b38a2da7aa3\baga\.venv\Lib\site-packages\aiogram\dispatcher\router.py", line 141, in _wrapped
    return await self._propagate_event(
           ^^^^^^^^^^^^^^^^^^^^^^^^^^^^
  File "D:\Pyth_learn\Projects\e10b01a81dadc0acd00e7b38a2da7aa3\baga\.venv\Lib\site-packages\aiogram\dispatcher\router.py", line 174, in _propagate_event
    response = await router.propagate_event(update_type=update_type, event=event, **kwargs)
               ^^^^^^^^^^^^^^^^^^^^^^^^^^^^^^^^^^^^^^^^^^^^^^^^^^^^^^^^^^^^^^^^^^^^^^^^^^^^
  File "D:\Pyth_learn\Projects\e10b01a81dadc0acd00e7b38a2da7aa3\baga\.venv\Lib\site-packages\aiogram\dispatcher\router.py", line 146, in propagate_event
    return await observer.wrap_outer_middleware(_wrapped, event=event, data=kwargs)
           ^^^^^^^^^^^^^^^^^^^^^^^^^^^^^^^^^^^^^^^^^^^^^^^^^^^^^^^^^^^^^^^^^^^^^^^^
  File "D:\Pyth_learn\Projects\e10b01a81dadc0acd00e7b38a2da7aa3\baga\.venv\Lib\site-packages\aiogram\dispatcher\router.py", line 141, in _wrapped
    return await self._propagate_event(
           ^^^^^^^^^^^^^^^^^^^^^^^^^^^^
  File "D:\Pyth_learn\Projects\e10b01a81dadc0acd00e7b38a2da7aa3\baga\.venv\Lib\site-packages\aiogram\dispatcher\router.py", line 166, in _propagate_event
    response = await observer.trigger(event, **kwargs)
               ^^^^^^^^^^^^^^^^^^^^^^^^^^^^^^^^^^^^^^^
  File "D:\Pyth_learn\Projects\e10b01a81dadc0acd00e7b38a2da7aa3\baga\.venv\Lib\site-packages\aiogram\dispatcher\event\telegram.py", line 121, in trigger
    return await wrapped_inner(event, kwargs)
           ^^^^^^^^^^^^^^^^^^^^^^^^^^^^^^^^^^
  File "D:\Pyth_learn\Projects\e10b01a81dadc0acd00e7b38a2da7aa3\baga\app\user.py", line 66, in __call__
    return await handler(event, data)
           ^^^^^^^^^^^^^^^^^^^^^^^^^^
  File "D:\Pyth_learn\Projects\e10b01a81dadc0acd00e7b38a2da7aa3\baga\.venv\Lib\site-packages\aiogram\dispatcher\event\handler.py", line 43, in call
    return await wrapped()
           ^^^^^^^^^^^^^^^
  File "D:\Pyth_learn\Projects\e10b01a81dadc0acd00e7b38a2da7aa3\baga\app\user.py", line 387, in input_template
    await message.answer(f"{error_message}. "
                            ^^^^^^^^^^^^^
UnboundLocalError: cannot access local variable 'error_message' where it is not associated with a value
2025-04-27 17:37:38,234 - aiogram.event - ERROR - Cause exception while process update id=812799220 by bot id=6984364717
UnboundLocalError: cannot access local variable 'error_message' where it is not associated with a value
Traceback (most recent call last):
  File "D:\Pyth_learn\Projects\e10b01a81dadc0acd00e7b38a2da7aa3\baga\app\user.py", line 363, in input_template
    event_date = date(year=int(year), month=int(month), day=int(day))
                                                            ^^^^^^^^
ValueError: invalid literal for int() with base 10: 'sdsd'

During handling of the above exception, another exception occurred:

Traceback (most recent call last):
  File "D:\Pyth_learn\Projects\e10b01a81dadc0acd00e7b38a2da7aa3\baga\.venv\Lib\site-packages\aiogram\dispatcher\dispatcher.py", line 309, in _process_update
    response = await self.feed_update(bot, update, **kwargs)
               ^^^^^^^^^^^^^^^^^^^^^^^^^^^^^^^^^^^^^^^^^^^^^
  File "D:\Pyth_learn\Projects\e10b01a81dadc0acd00e7b38a2da7aa3\baga\.venv\Lib\site-packages\aiogram\dispatcher\dispatcher.py", line 158, in feed_update
    response = await self.update.wrap_outer_middleware(
               ^^^^^^^^^^^^^^^^^^^^^^^^^^^^^^^^^^^^^^^^
  File "D:\Pyth_learn\Projects\e10b01a81dadc0acd00e7b38a2da7aa3\baga\.venv\Lib\site-packages\aiogram\dispatcher\middlewares\error.py", line 25, in __call__
    return await handler(event, data)
           ^^^^^^^^^^^^^^^^^^^^^^^^^^
  File "D:\Pyth_learn\Projects\e10b01a81dadc0acd00e7b38a2da7aa3\baga\.venv\Lib\site-packages\aiogram\dispatcher\middlewares\user_context.py", line 56, in __call__
    return await handler(event, data)
           ^^^^^^^^^^^^^^^^^^^^^^^^^^
  File "D:\Pyth_learn\Projects\e10b01a81dadc0acd00e7b38a2da7aa3\baga\.venv\Lib\site-packages\aiogram\fsm\middleware.py", line 42, in __call__
    return await handler(event, data)
           ^^^^^^^^^^^^^^^^^^^^^^^^^^
  File "D:\Pyth_learn\Projects\e10b01a81dadc0acd00e7b38a2da7aa3\baga\.venv\Lib\site-packages\aiogram\dispatcher\event\telegram.py", line 121, in trigger
    return await wrapped_inner(event, kwargs)
           ^^^^^^^^^^^^^^^^^^^^^^^^^^^^^^^^^^
  File "D:\Pyth_learn\Projects\e10b01a81dadc0acd00e7b38a2da7aa3\baga\.venv\Lib\site-packages\aiogram\dispatcher\event\handler.py", line 43, in call
    return await wrapped()
           ^^^^^^^^^^^^^^^
  File "D:\Pyth_learn\Projects\e10b01a81dadc0acd00e7b38a2da7aa3\baga\.venv\Lib\site-packages\aiogram\dispatcher\dispatcher.py", line 276, in _listen_update
    return await self.propagate_event(update_type=update_type, event=event, **kwargs)
           ^^^^^^^^^^^^^^^^^^^^^^^^^^^^^^^^^^^^^^^^^^^^^^^^^^^^^^^^^^^^^^^^^^^^^^^^^^
  File "D:\Pyth_learn\Projects\e10b01a81dadc0acd00e7b38a2da7aa3\baga\.venv\Lib\site-packages\aiogram\dispatcher\router.py", line 146, in propagate_event
    return await observer.wrap_outer_middleware(_wrapped, event=event, data=kwargs)
           ^^^^^^^^^^^^^^^^^^^^^^^^^^^^^^^^^^^^^^^^^^^^^^^^^^^^^^^^^^^^^^^^^^^^^^^^
  File "D:\Pyth_learn\Projects\e10b01a81dadc0acd00e7b38a2da7aa3\baga\.venv\Lib\site-packages\aiogram\dispatcher\router.py", line 141, in _wrapped
    return await self._propagate_event(
           ^^^^^^^^^^^^^^^^^^^^^^^^^^^^
  File "D:\Pyth_learn\Projects\e10b01a81dadc0acd00e7b38a2da7aa3\baga\.venv\Lib\site-packages\aiogram\dispatcher\router.py", line 174, in _propagate_event
    response = await router.propagate_event(update_type=update_type, event=event, **kwargs)
               ^^^^^^^^^^^^^^^^^^^^^^^^^^^^^^^^^^^^^^^^^^^^^^^^^^^^^^^^^^^^^^^^^^^^^^^^^^^^
  File "D:\Pyth_learn\Projects\e10b01a81dadc0acd00e7b38a2da7aa3\baga\.venv\Lib\site-packages\aiogram\dispatcher\router.py", line 146, in propagate_event
    return await observer.wrap_outer_middleware(_wrapped, event=event, data=kwargs)
           ^^^^^^^^^^^^^^^^^^^^^^^^^^^^^^^^^^^^^^^^^^^^^^^^^^^^^^^^^^^^^^^^^^^^^^^^
  File "D:\Pyth_learn\Projects\e10b01a81dadc0acd00e7b38a2da7aa3\baga\.venv\Lib\site-packages\aiogram\dispatcher\router.py", line 141, in _wrapped
    return await self._propagate_event(
           ^^^^^^^^^^^^^^^^^^^^^^^^^^^^
  File "D:\Pyth_learn\Projects\e10b01a81dadc0acd00e7b38a2da7aa3\baga\.venv\Lib\site-packages\aiogram\dispatcher\router.py", line 166, in _propagate_event
    response = await observer.trigger(event, **kwargs)
               ^^^^^^^^^^^^^^^^^^^^^^^^^^^^^^^^^^^^^^^
  File "D:\Pyth_learn\Projects\e10b01a81dadc0acd00e7b38a2da7aa3\baga\.venv\Lib\site-packages\aiogram\dispatcher\event\telegram.py", line 121, in trigger
    return await wrapped_inner(event, kwargs)
           ^^^^^^^^^^^^^^^^^^^^^^^^^^^^^^^^^^
  File "D:\Pyth_learn\Projects\e10b01a81dadc0acd00e7b38a2da7aa3\baga\app\user.py", line 66, in __call__
    return await handler(event, data)
           ^^^^^^^^^^^^^^^^^^^^^^^^^^
  File "D:\Pyth_learn\Projects\e10b01a81dadc0acd00e7b38a2da7aa3\baga\.venv\Lib\site-packages\aiogram\dispatcher\event\handler.py", line 43, in call
    return await wrapped()
           ^^^^^^^^^^^^^^^
  File "D:\Pyth_learn\Projects\e10b01a81dadc0acd00e7b38a2da7aa3\baga\app\user.py", line 387, in input_template
    await message.answer(f"{error_message}. "
                            ^^^^^^^^^^^^^
UnboundLocalError: cannot access local variable 'error_message' where it is not associated with a value
2025-04-27 17:57:50,079 - aiogram.event - ERROR - Cause exception while process update id=812799225 by bot id=6984364717
TypeError: '>' not supported between instances of 'datetime.time' and 'datetime.datetime'
Traceback (most recent call last):
  File "D:\Pyth_learn\Projects\e10b01a81dadc0acd00e7b38a2da7aa3\baga\.venv\Lib\site-packages\aiogram\dispatcher\dispatcher.py", line 309, in _process_update
    response = await self.feed_update(bot, update, **kwargs)
               ^^^^^^^^^^^^^^^^^^^^^^^^^^^^^^^^^^^^^^^^^^^^^
  File "D:\Pyth_learn\Projects\e10b01a81dadc0acd00e7b38a2da7aa3\baga\.venv\Lib\site-packages\aiogram\dispatcher\dispatcher.py", line 158, in feed_update
    response = await self.update.wrap_outer_middleware(
               ^^^^^^^^^^^^^^^^^^^^^^^^^^^^^^^^^^^^^^^^
  File "D:\Pyth_learn\Projects\e10b01a81dadc0acd00e7b38a2da7aa3\baga\.venv\Lib\site-packages\aiogram\dispatcher\middlewares\error.py", line 25, in __call__
    return await handler(event, data)
           ^^^^^^^^^^^^^^^^^^^^^^^^^^
  File "D:\Pyth_learn\Projects\e10b01a81dadc0acd00e7b38a2da7aa3\baga\.venv\Lib\site-packages\aiogram\dispatcher\middlewares\user_context.py", line 56, in __call__
    return await handler(event, data)
           ^^^^^^^^^^^^^^^^^^^^^^^^^^
  File "D:\Pyth_learn\Projects\e10b01a81dadc0acd00e7b38a2da7aa3\baga\.venv\Lib\site-packages\aiogram\fsm\middleware.py", line 42, in __call__
    return await handler(event, data)
           ^^^^^^^^^^^^^^^^^^^^^^^^^^
  File "D:\Pyth_learn\Projects\e10b01a81dadc0acd00e7b38a2da7aa3\baga\.venv\Lib\site-packages\aiogram\dispatcher\event\telegram.py", line 121, in trigger
    return await wrapped_inner(event, kwargs)
           ^^^^^^^^^^^^^^^^^^^^^^^^^^^^^^^^^^
  File "D:\Pyth_learn\Projects\e10b01a81dadc0acd00e7b38a2da7aa3\baga\.venv\Lib\site-packages\aiogram\dispatcher\event\handler.py", line 43, in call
    return await wrapped()
           ^^^^^^^^^^^^^^^
  File "D:\Pyth_learn\Projects\e10b01a81dadc0acd00e7b38a2da7aa3\baga\.venv\Lib\site-packages\aiogram\dispatcher\dispatcher.py", line 276, in _listen_update
    return await self.propagate_event(update_type=update_type, event=event, **kwargs)
           ^^^^^^^^^^^^^^^^^^^^^^^^^^^^^^^^^^^^^^^^^^^^^^^^^^^^^^^^^^^^^^^^^^^^^^^^^^
  File "D:\Pyth_learn\Projects\e10b01a81dadc0acd00e7b38a2da7aa3\baga\.venv\Lib\site-packages\aiogram\dispatcher\router.py", line 146, in propagate_event
    return await observer.wrap_outer_middleware(_wrapped, event=event, data=kwargs)
           ^^^^^^^^^^^^^^^^^^^^^^^^^^^^^^^^^^^^^^^^^^^^^^^^^^^^^^^^^^^^^^^^^^^^^^^^
  File "D:\Pyth_learn\Projects\e10b01a81dadc0acd00e7b38a2da7aa3\baga\.venv\Lib\site-packages\aiogram\dispatcher\router.py", line 141, in _wrapped
    return await self._propagate_event(
           ^^^^^^^^^^^^^^^^^^^^^^^^^^^^
  File "D:\Pyth_learn\Projects\e10b01a81dadc0acd00e7b38a2da7aa3\baga\.venv\Lib\site-packages\aiogram\dispatcher\router.py", line 174, in _propagate_event
    response = await router.propagate_event(update_type=update_type, event=event, **kwargs)
               ^^^^^^^^^^^^^^^^^^^^^^^^^^^^^^^^^^^^^^^^^^^^^^^^^^^^^^^^^^^^^^^^^^^^^^^^^^^^
  File "D:\Pyth_learn\Projects\e10b01a81dadc0acd00e7b38a2da7aa3\baga\.venv\Lib\site-packages\aiogram\dispatcher\router.py", line 146, in propagate_event
    return await observer.wrap_outer_middleware(_wrapped, event=event, data=kwargs)
           ^^^^^^^^^^^^^^^^^^^^^^^^^^^^^^^^^^^^^^^^^^^^^^^^^^^^^^^^^^^^^^^^^^^^^^^^
  File "D:\Pyth_learn\Projects\e10b01a81dadc0acd00e7b38a2da7aa3\baga\.venv\Lib\site-packages\aiogram\dispatcher\router.py", line 141, in _wrapped
    return await self._propagate_event(
           ^^^^^^^^^^^^^^^^^^^^^^^^^^^^
  File "D:\Pyth_learn\Projects\e10b01a81dadc0acd00e7b38a2da7aa3\baga\.venv\Lib\site-packages\aiogram\dispatcher\router.py", line 166, in _propagate_event
    response = await observer.trigger(event, **kwargs)
               ^^^^^^^^^^^^^^^^^^^^^^^^^^^^^^^^^^^^^^^
  File "D:\Pyth_learn\Projects\e10b01a81dadc0acd00e7b38a2da7aa3\baga\.venv\Lib\site-packages\aiogram\dispatcher\event\telegram.py", line 121, in trigger
    return await wrapped_inner(event, kwargs)
           ^^^^^^^^^^^^^^^^^^^^^^^^^^^^^^^^^^
  File "D:\Pyth_learn\Projects\e10b01a81dadc0acd00e7b38a2da7aa3\baga\app\user.py", line 66, in __call__
    return await handler(event, data)
           ^^^^^^^^^^^^^^^^^^^^^^^^^^
  File "D:\Pyth_learn\Projects\e10b01a81dadc0acd00e7b38a2da7aa3\baga\.venv\Lib\site-packages\aiogram\dispatcher\event\handler.py", line 43, in call
    return await wrapped()
           ^^^^^^^^^^^^^^^
  File "D:\Pyth_learn\Projects\e10b01a81dadc0acd00e7b38a2da7aa3\baga\app\user.py", line 369, in input_template
    or event_time > datetime.now() + timedelta(days=90)):
       ^^^^^^^^^^^^^^^^^^^^^^^^^^^^^^^^^^^^^^^^^^^^^^^^
TypeError: '>' not supported between instances of 'datetime.time' and 'datetime.datetime'
2025-04-27 18:00:43,186 - aiogram.event - ERROR - Cause exception while process update id=812799229 by bot id=6984364717
FieldError: Relation gym for models.Event not found
Traceback (most recent call last):
  File "D:\Pyth_learn\Projects\e10b01a81dadc0acd00e7b38a2da7aa3\baga\.venv\Lib\site-packages\aiogram\dispatcher\dispatcher.py", line 309, in _process_update
    response = await self.feed_update(bot, update, **kwargs)
               ^^^^^^^^^^^^^^^^^^^^^^^^^^^^^^^^^^^^^^^^^^^^^
  File "D:\Pyth_learn\Projects\e10b01a81dadc0acd00e7b38a2da7aa3\baga\.venv\Lib\site-packages\aiogram\dispatcher\dispatcher.py", line 158, in feed_update
    response = await self.update.wrap_outer_middleware(
               ^^^^^^^^^^^^^^^^^^^^^^^^^^^^^^^^^^^^^^^^
  File "D:\Pyth_learn\Projects\e10b01a81dadc0acd00e7b38a2da7aa3\baga\.venv\Lib\site-packages\aiogram\dispatcher\middlewares\error.py", line 25, in __call__
    return await handler(event, data)
           ^^^^^^^^^^^^^^^^^^^^^^^^^^
  File "D:\Pyth_learn\Projects\e10b01a81dadc0acd00e7b38a2da7aa3\baga\.venv\Lib\site-packages\aiogram\dispatcher\middlewares\user_context.py", line 56, in __call__
    return await handler(event, data)
           ^^^^^^^^^^^^^^^^^^^^^^^^^^
  File "D:\Pyth_learn\Projects\e10b01a81dadc0acd00e7b38a2da7aa3\baga\.venv\Lib\site-packages\aiogram\fsm\middleware.py", line 42, in __call__
    return await handler(event, data)
           ^^^^^^^^^^^^^^^^^^^^^^^^^^
  File "D:\Pyth_learn\Projects\e10b01a81dadc0acd00e7b38a2da7aa3\baga\.venv\Lib\site-packages\aiogram\dispatcher\event\telegram.py", line 121, in trigger
    return await wrapped_inner(event, kwargs)
           ^^^^^^^^^^^^^^^^^^^^^^^^^^^^^^^^^^
  File "D:\Pyth_learn\Projects\e10b01a81dadc0acd00e7b38a2da7aa3\baga\.venv\Lib\site-packages\aiogram\dispatcher\event\handler.py", line 43, in call
    return await wrapped()
           ^^^^^^^^^^^^^^^
  File "D:\Pyth_learn\Projects\e10b01a81dadc0acd00e7b38a2da7aa3\baga\.venv\Lib\site-packages\aiogram\dispatcher\dispatcher.py", line 276, in _listen_update
    return await self.propagate_event(update_type=update_type, event=event, **kwargs)
           ^^^^^^^^^^^^^^^^^^^^^^^^^^^^^^^^^^^^^^^^^^^^^^^^^^^^^^^^^^^^^^^^^^^^^^^^^^
  File "D:\Pyth_learn\Projects\e10b01a81dadc0acd00e7b38a2da7aa3\baga\.venv\Lib\site-packages\aiogram\dispatcher\router.py", line 146, in propagate_event
    return await observer.wrap_outer_middleware(_wrapped, event=event, data=kwargs)
           ^^^^^^^^^^^^^^^^^^^^^^^^^^^^^^^^^^^^^^^^^^^^^^^^^^^^^^^^^^^^^^^^^^^^^^^^
  File "D:\Pyth_learn\Projects\e10b01a81dadc0acd00e7b38a2da7aa3\baga\.venv\Lib\site-packages\aiogram\dispatcher\router.py", line 141, in _wrapped
    return await self._propagate_event(
           ^^^^^^^^^^^^^^^^^^^^^^^^^^^^
  File "D:\Pyth_learn\Projects\e10b01a81dadc0acd00e7b38a2da7aa3\baga\.venv\Lib\site-packages\aiogram\dispatcher\router.py", line 174, in _propagate_event
    response = await router.propagate_event(update_type=update_type, event=event, **kwargs)
               ^^^^^^^^^^^^^^^^^^^^^^^^^^^^^^^^^^^^^^^^^^^^^^^^^^^^^^^^^^^^^^^^^^^^^^^^^^^^
  File "D:\Pyth_learn\Projects\e10b01a81dadc0acd00e7b38a2da7aa3\baga\.venv\Lib\site-packages\aiogram\dispatcher\router.py", line 146, in propagate_event
    return await observer.wrap_outer_middleware(_wrapped, event=event, data=kwargs)
           ^^^^^^^^^^^^^^^^^^^^^^^^^^^^^^^^^^^^^^^^^^^^^^^^^^^^^^^^^^^^^^^^^^^^^^^^
  File "D:\Pyth_learn\Projects\e10b01a81dadc0acd00e7b38a2da7aa3\baga\.venv\Lib\site-packages\aiogram\dispatcher\router.py", line 141, in _wrapped
    return await self._propagate_event(
           ^^^^^^^^^^^^^^^^^^^^^^^^^^^^
  File "D:\Pyth_learn\Projects\e10b01a81dadc0acd00e7b38a2da7aa3\baga\.venv\Lib\site-packages\aiogram\dispatcher\router.py", line 166, in _propagate_event
    response = await observer.trigger(event, **kwargs)
               ^^^^^^^^^^^^^^^^^^^^^^^^^^^^^^^^^^^^^^^
  File "D:\Pyth_learn\Projects\e10b01a81dadc0acd00e7b38a2da7aa3\baga\.venv\Lib\site-packages\aiogram\dispatcher\event\telegram.py", line 121, in trigger
    return await wrapped_inner(event, kwargs)
           ^^^^^^^^^^^^^^^^^^^^^^^^^^^^^^^^^^
  File "D:\Pyth_learn\Projects\e10b01a81dadc0acd00e7b38a2da7aa3\baga\app\user.py", line 66, in __call__
    return await handler(event, data)
           ^^^^^^^^^^^^^^^^^^^^^^^^^^
  File "D:\Pyth_learn\Projects\e10b01a81dadc0acd00e7b38a2da7aa3\baga\.venv\Lib\site-packages\aiogram\dispatcher\event\handler.py", line 43, in call
    return await wrapped()
           ^^^^^^^^^^^^^^^
  File "D:\Pyth_learn\Projects\e10b01a81dadc0acd00e7b38a2da7aa3\baga\app\user.py", line 218, in show_trainings
    events = await db_req.get_event()
             ^^^^^^^^^^^^^^^^^^^^^^^^
  File "D:\Pyth_learn\Projects\e10b01a81dadc0acd00e7b38a2da7aa3\baga\app\database\requests.py", line 83, in get_event
    await (Event.all().prefetch_related('gym').
           ^^^^^^^^^^^^^^^^^^^^^^^^^^^^^^^^^^^
  File "D:\Pyth_learn\Projects\e10b01a81dadc0acd00e7b38a2da7aa3\baga\.venv\Lib\site-packages\tortoise\queryset.py", line 897, in prefetch_related
    raise FieldError(
tortoise.exceptions.FieldError: Relation gym for models.Event not found
2025-04-27 18:25:37,259 - aiogram.dispatcher - ERROR - Failed to fetch updates - TelegramNetworkError: HTTP Client says - Request timeout error
2025-04-27 18:43:24,568 - aiogram.dispatcher - ERROR - Failed to fetch updates - TelegramNetworkError: HTTP Client says - ClientOSError: [WinError 121] Превышен таймаут семафора
2025-04-27 18:52:35,900 - aiogram.dispatcher - ERROR - Failed to fetch updates - TelegramNetworkError: HTTP Client says - ClientOSError: [WinError 1236] Подключение к сети было разорвано локальной системой
2025-04-27 21:18:53,193 - aiogram.dispatcher - ERROR - Failed to fetch updates - TelegramNetworkError: HTTP Client says - Request timeout error
2025-04-27 21:18:54,208 - aiogram.dispatcher - ERROR - Failed to fetch updates - TelegramNetworkError: HTTP Client says - ClientConnectorError: Cannot connect to host api.telegram.org:443 ssl:default [getaddrinfo failed]
2025-04-27 21:18:55,531 - aiogram.dispatcher - ERROR - Failed to fetch updates - TelegramNetworkError: HTTP Client says - ClientConnectorError: Cannot connect to host api.telegram.org:443 ssl:default [getaddrinfo failed]
2025-04-27 21:38:32,013 - asyncio - ERROR - Exception in callback _ProactorBasePipeTransport._call_connection_lost(None)
handle: <Handle _ProactorBasePipeTransport._call_connection_lost(None)>
Traceback (most recent call last):
  File "D:\Programs\Python\Lib\asyncio\events.py", line 84, in _run
    self._context.run(self._callback, *self._args)
  File "D:\Programs\Python\Lib\asyncio\proactor_events.py", line 165, in _call_connection_lost
    self._sock.shutdown(socket.SHUT_RDWR)
ConnectionAbortedError: [WinError 10053] Программа на вашем хост-компьютере разорвала установленное подключение
2025-04-28 16:19:55,779 - aiogram.event - ERROR - Cause exception while process update id=812799251 by bot id=6984364717
TypeError: strftime() missing required argument 'format' (pos 1)
Traceback (most recent call last):
  File "D:\Pyth_learn\Projects\e10b01a81dadc0acd00e7b38a2da7aa3\baga\.venv\Lib\site-packages\aiogram\dispatcher\dispatcher.py", line 309, in _process_update
    response = await self.feed_update(bot, update, **kwargs)
               ^^^^^^^^^^^^^^^^^^^^^^^^^^^^^^^^^^^^^^^^^^^^^
  File "D:\Pyth_learn\Projects\e10b01a81dadc0acd00e7b38a2da7aa3\baga\.venv\Lib\site-packages\aiogram\dispatcher\dispatcher.py", line 158, in feed_update
    response = await self.update.wrap_outer_middleware(
               ^^^^^^^^^^^^^^^^^^^^^^^^^^^^^^^^^^^^^^^^
  File "D:\Pyth_learn\Projects\e10b01a81dadc0acd00e7b38a2da7aa3\baga\.venv\Lib\site-packages\aiogram\dispatcher\middlewares\error.py", line 25, in __call__
    return await handler(event, data)
           ^^^^^^^^^^^^^^^^^^^^^^^^^^
  File "D:\Pyth_learn\Projects\e10b01a81dadc0acd00e7b38a2da7aa3\baga\.venv\Lib\site-packages\aiogram\dispatcher\middlewares\user_context.py", line 56, in __call__
    return await handler(event, data)
           ^^^^^^^^^^^^^^^^^^^^^^^^^^
  File "D:\Pyth_learn\Projects\e10b01a81dadc0acd00e7b38a2da7aa3\baga\.venv\Lib\site-packages\aiogram\fsm\middleware.py", line 42, in __call__
    return await handler(event, data)
           ^^^^^^^^^^^^^^^^^^^^^^^^^^
  File "D:\Pyth_learn\Projects\e10b01a81dadc0acd00e7b38a2da7aa3\baga\.venv\Lib\site-packages\aiogram\dispatcher\event\telegram.py", line 121, in trigger
    return await wrapped_inner(event, kwargs)
           ^^^^^^^^^^^^^^^^^^^^^^^^^^^^^^^^^^
  File "D:\Pyth_learn\Projects\e10b01a81dadc0acd00e7b38a2da7aa3\baga\.venv\Lib\site-packages\aiogram\dispatcher\event\handler.py", line 43, in call
    return await wrapped()
           ^^^^^^^^^^^^^^^
  File "D:\Pyth_learn\Projects\e10b01a81dadc0acd00e7b38a2da7aa3\baga\.venv\Lib\site-packages\aiogram\dispatcher\dispatcher.py", line 276, in _listen_update
    return await self.propagate_event(update_type=update_type, event=event, **kwargs)
           ^^^^^^^^^^^^^^^^^^^^^^^^^^^^^^^^^^^^^^^^^^^^^^^^^^^^^^^^^^^^^^^^^^^^^^^^^^
  File "D:\Pyth_learn\Projects\e10b01a81dadc0acd00e7b38a2da7aa3\baga\.venv\Lib\site-packages\aiogram\dispatcher\router.py", line 146, in propagate_event
    return await observer.wrap_outer_middleware(_wrapped, event=event, data=kwargs)
           ^^^^^^^^^^^^^^^^^^^^^^^^^^^^^^^^^^^^^^^^^^^^^^^^^^^^^^^^^^^^^^^^^^^^^^^^
  File "D:\Pyth_learn\Projects\e10b01a81dadc0acd00e7b38a2da7aa3\baga\.venv\Lib\site-packages\aiogram\dispatcher\router.py", line 141, in _wrapped
    return await self._propagate_event(
           ^^^^^^^^^^^^^^^^^^^^^^^^^^^^
  File "D:\Pyth_learn\Projects\e10b01a81dadc0acd00e7b38a2da7aa3\baga\.venv\Lib\site-packages\aiogram\dispatcher\router.py", line 174, in _propagate_event
    response = await router.propagate_event(update_type=update_type, event=event, **kwargs)
               ^^^^^^^^^^^^^^^^^^^^^^^^^^^^^^^^^^^^^^^^^^^^^^^^^^^^^^^^^^^^^^^^^^^^^^^^^^^^
  File "D:\Pyth_learn\Projects\e10b01a81dadc0acd00e7b38a2da7aa3\baga\.venv\Lib\site-packages\aiogram\dispatcher\router.py", line 146, in propagate_event
    return await observer.wrap_outer_middleware(_wrapped, event=event, data=kwargs)
           ^^^^^^^^^^^^^^^^^^^^^^^^^^^^^^^^^^^^^^^^^^^^^^^^^^^^^^^^^^^^^^^^^^^^^^^^
  File "D:\Pyth_learn\Projects\e10b01a81dadc0acd00e7b38a2da7aa3\baga\.venv\Lib\site-packages\aiogram\dispatcher\router.py", line 141, in _wrapped
    return await self._propagate_event(
           ^^^^^^^^^^^^^^^^^^^^^^^^^^^^
  File "D:\Pyth_learn\Projects\e10b01a81dadc0acd00e7b38a2da7aa3\baga\.venv\Lib\site-packages\aiogram\dispatcher\router.py", line 166, in _propagate_event
    response = await observer.trigger(event, **kwargs)
               ^^^^^^^^^^^^^^^^^^^^^^^^^^^^^^^^^^^^^^^
  File "D:\Pyth_learn\Projects\e10b01a81dadc0acd00e7b38a2da7aa3\baga\.venv\Lib\site-packages\aiogram\dispatcher\event\telegram.py", line 121, in trigger
    return await wrapped_inner(event, kwargs)
           ^^^^^^^^^^^^^^^^^^^^^^^^^^^^^^^^^^
  File "D:\Pyth_learn\Projects\e10b01a81dadc0acd00e7b38a2da7aa3\baga\app\user.py", line 66, in __call__
    return await handler(event, data)
           ^^^^^^^^^^^^^^^^^^^^^^^^^^
  File "D:\Pyth_learn\Projects\e10b01a81dadc0acd00e7b38a2da7aa3\baga\.venv\Lib\site-packages\aiogram\dispatcher\event\handler.py", line 43, in call
    return await wrapped()
           ^^^^^^^^^^^^^^^
  File "D:\Pyth_learn\Projects\e10b01a81dadc0acd00e7b38a2da7aa3\baga\app\user.py", line 578, in test
    await message.answer(datetime.now().strftime())
                         ^^^^^^^^^^^^^^^^^^^^^^^^^
TypeError: strftime() missing required argument 'format' (pos 1)
2025-04-28 16:32:52,843 - aiogram.event - ERROR - Cause exception while process update id=812799268 by bot id=6984364717
FieldError: Relation gym for models.Event not found
Traceback (most recent call last):
  File "D:\Pyth_learn\Projects\e10b01a81dadc0acd00e7b38a2da7aa3\baga\.venv\Lib\site-packages\aiogram\dispatcher\dispatcher.py", line 309, in _process_update
    response = await self.feed_update(bot, update, **kwargs)
               ^^^^^^^^^^^^^^^^^^^^^^^^^^^^^^^^^^^^^^^^^^^^^
  File "D:\Pyth_learn\Projects\e10b01a81dadc0acd00e7b38a2da7aa3\baga\.venv\Lib\site-packages\aiogram\dispatcher\dispatcher.py", line 158, in feed_update
    response = await self.update.wrap_outer_middleware(
               ^^^^^^^^^^^^^^^^^^^^^^^^^^^^^^^^^^^^^^^^
  File "D:\Pyth_learn\Projects\e10b01a81dadc0acd00e7b38a2da7aa3\baga\.venv\Lib\site-packages\aiogram\dispatcher\middlewares\error.py", line 25, in __call__
    return await handler(event, data)
           ^^^^^^^^^^^^^^^^^^^^^^^^^^
  File "D:\Pyth_learn\Projects\e10b01a81dadc0acd00e7b38a2da7aa3\baga\.venv\Lib\site-packages\aiogram\dispatcher\middlewares\user_context.py", line 56, in __call__
    return await handler(event, data)
           ^^^^^^^^^^^^^^^^^^^^^^^^^^
  File "D:\Pyth_learn\Projects\e10b01a81dadc0acd00e7b38a2da7aa3\baga\.venv\Lib\site-packages\aiogram\fsm\middleware.py", line 42, in __call__
    return await handler(event, data)
           ^^^^^^^^^^^^^^^^^^^^^^^^^^
  File "D:\Pyth_learn\Projects\e10b01a81dadc0acd00e7b38a2da7aa3\baga\.venv\Lib\site-packages\aiogram\dispatcher\event\telegram.py", line 121, in trigger
    return await wrapped_inner(event, kwargs)
           ^^^^^^^^^^^^^^^^^^^^^^^^^^^^^^^^^^
  File "D:\Pyth_learn\Projects\e10b01a81dadc0acd00e7b38a2da7aa3\baga\.venv\Lib\site-packages\aiogram\dispatcher\event\handler.py", line 43, in call
    return await wrapped()
           ^^^^^^^^^^^^^^^
  File "D:\Pyth_learn\Projects\e10b01a81dadc0acd00e7b38a2da7aa3\baga\.venv\Lib\site-packages\aiogram\dispatcher\dispatcher.py", line 276, in _listen_update
    return await self.propagate_event(update_type=update_type, event=event, **kwargs)
           ^^^^^^^^^^^^^^^^^^^^^^^^^^^^^^^^^^^^^^^^^^^^^^^^^^^^^^^^^^^^^^^^^^^^^^^^^^
  File "D:\Pyth_learn\Projects\e10b01a81dadc0acd00e7b38a2da7aa3\baga\.venv\Lib\site-packages\aiogram\dispatcher\router.py", line 146, in propagate_event
    return await observer.wrap_outer_middleware(_wrapped, event=event, data=kwargs)
           ^^^^^^^^^^^^^^^^^^^^^^^^^^^^^^^^^^^^^^^^^^^^^^^^^^^^^^^^^^^^^^^^^^^^^^^^
  File "D:\Pyth_learn\Projects\e10b01a81dadc0acd00e7b38a2da7aa3\baga\.venv\Lib\site-packages\aiogram\dispatcher\router.py", line 141, in _wrapped
    return await self._propagate_event(
           ^^^^^^^^^^^^^^^^^^^^^^^^^^^^
  File "D:\Pyth_learn\Projects\e10b01a81dadc0acd00e7b38a2da7aa3\baga\.venv\Lib\site-packages\aiogram\dispatcher\router.py", line 174, in _propagate_event
    response = await router.propagate_event(update_type=update_type, event=event, **kwargs)
               ^^^^^^^^^^^^^^^^^^^^^^^^^^^^^^^^^^^^^^^^^^^^^^^^^^^^^^^^^^^^^^^^^^^^^^^^^^^^
  File "D:\Pyth_learn\Projects\e10b01a81dadc0acd00e7b38a2da7aa3\baga\.venv\Lib\site-packages\aiogram\dispatcher\router.py", line 146, in propagate_event
    return await observer.wrap_outer_middleware(_wrapped, event=event, data=kwargs)
           ^^^^^^^^^^^^^^^^^^^^^^^^^^^^^^^^^^^^^^^^^^^^^^^^^^^^^^^^^^^^^^^^^^^^^^^^
  File "D:\Pyth_learn\Projects\e10b01a81dadc0acd00e7b38a2da7aa3\baga\.venv\Lib\site-packages\aiogram\dispatcher\router.py", line 141, in _wrapped
    return await self._propagate_event(
           ^^^^^^^^^^^^^^^^^^^^^^^^^^^^
  File "D:\Pyth_learn\Projects\e10b01a81dadc0acd00e7b38a2da7aa3\baga\.venv\Lib\site-packages\aiogram\dispatcher\router.py", line 166, in _propagate_event
    response = await observer.trigger(event, **kwargs)
               ^^^^^^^^^^^^^^^^^^^^^^^^^^^^^^^^^^^^^^^
  File "D:\Pyth_learn\Projects\e10b01a81dadc0acd00e7b38a2da7aa3\baga\.venv\Lib\site-packages\aiogram\dispatcher\event\telegram.py", line 121, in trigger
    return await wrapped_inner(event, kwargs)
           ^^^^^^^^^^^^^^^^^^^^^^^^^^^^^^^^^^
  File "D:\Pyth_learn\Projects\e10b01a81dadc0acd00e7b38a2da7aa3\baga\app\user.py", line 66, in __call__
    return await handler(event, data)
           ^^^^^^^^^^^^^^^^^^^^^^^^^^
  File "D:\Pyth_learn\Projects\e10b01a81dadc0acd00e7b38a2da7aa3\baga\.venv\Lib\site-packages\aiogram\dispatcher\event\handler.py", line 43, in call
    return await wrapped()
           ^^^^^^^^^^^^^^^
  File "D:\Pyth_learn\Projects\e10b01a81dadc0acd00e7b38a2da7aa3\baga\app\user.py", line 218, in show_trainings
    events = await db_req.get_event()
             ^^^^^^^^^^^^^^^^^^^^^^^^
  File "D:\Pyth_learn\Projects\e10b01a81dadc0acd00e7b38a2da7aa3\baga\app\database\requests.py", line 71, in get_event
    await (Event.all().prefetch_related('gym').
           ^^^^^^^^^^^^^^^^^^^^^^^^^^^^^^^^^^^
  File "D:\Pyth_learn\Projects\e10b01a81dadc0acd00e7b38a2da7aa3\baga\.venv\Lib\site-packages\tortoise\queryset.py", line 897, in prefetch_related
    raise FieldError(
tortoise.exceptions.FieldError: Relation gym for models.Event not found
2025-04-28 17:25:14,745 - aiogram.dispatcher - ERROR - Failed to fetch updates - TelegramNetworkError: HTTP Client says - ClientOSError: [WinError 121] Превышен таймаут семафора
2025-04-28 17:32:28,518 - aiogram.dispatcher - ERROR - Failed to fetch updates - TelegramNetworkError: HTTP Client says - ClientOSError: [WinError 1236] Подключение к сети было разорвано локальной системой
2025-04-28 20:28:45,944 - aiogram.event - ERROR - Cause exception while process update id=812799328 by bot id=6984364717
ValidationError: 1 validation error for InlineKeyboardButton
switch_inline_query_current_chat
  Input should be a valid string [type=string_type, input_value={'text': 'Просто тест'}, input_type=dict]
    For further information visit https://errors.pydantic.dev/2.9/v/string_type
Traceback (most recent call last):
  File "D:\Pyth_learn\Projects\e10b01a81dadc0acd00e7b38a2da7aa3\baga\.venv\Lib\site-packages\aiogram\dispatcher\dispatcher.py", line 309, in _process_update
    response = await self.feed_update(bot, update, **kwargs)
               ^^^^^^^^^^^^^^^^^^^^^^^^^^^^^^^^^^^^^^^^^^^^^
  File "D:\Pyth_learn\Projects\e10b01a81dadc0acd00e7b38a2da7aa3\baga\.venv\Lib\site-packages\aiogram\dispatcher\dispatcher.py", line 158, in feed_update
    response = await self.update.wrap_outer_middleware(
               ^^^^^^^^^^^^^^^^^^^^^^^^^^^^^^^^^^^^^^^^
  File "D:\Pyth_learn\Projects\e10b01a81dadc0acd00e7b38a2da7aa3\baga\.venv\Lib\site-packages\aiogram\dispatcher\middlewares\error.py", line 25, in __call__
    return await handler(event, data)
           ^^^^^^^^^^^^^^^^^^^^^^^^^^
  File "D:\Pyth_learn\Projects\e10b01a81dadc0acd00e7b38a2da7aa3\baga\.venv\Lib\site-packages\aiogram\dispatcher\middlewares\user_context.py", line 56, in __call__
    return await handler(event, data)
           ^^^^^^^^^^^^^^^^^^^^^^^^^^
  File "D:\Pyth_learn\Projects\e10b01a81dadc0acd00e7b38a2da7aa3\baga\.venv\Lib\site-packages\aiogram\fsm\middleware.py", line 42, in __call__
    return await handler(event, data)
           ^^^^^^^^^^^^^^^^^^^^^^^^^^
  File "D:\Pyth_learn\Projects\e10b01a81dadc0acd00e7b38a2da7aa3\baga\.venv\Lib\site-packages\aiogram\dispatcher\event\telegram.py", line 121, in trigger
    return await wrapped_inner(event, kwargs)
           ^^^^^^^^^^^^^^^^^^^^^^^^^^^^^^^^^^
  File "D:\Pyth_learn\Projects\e10b01a81dadc0acd00e7b38a2da7aa3\baga\.venv\Lib\site-packages\aiogram\dispatcher\event\handler.py", line 43, in call
    return await wrapped()
           ^^^^^^^^^^^^^^^
  File "D:\Pyth_learn\Projects\e10b01a81dadc0acd00e7b38a2da7aa3\baga\.venv\Lib\site-packages\aiogram\dispatcher\dispatcher.py", line 276, in _listen_update
    return await self.propagate_event(update_type=update_type, event=event, **kwargs)
           ^^^^^^^^^^^^^^^^^^^^^^^^^^^^^^^^^^^^^^^^^^^^^^^^^^^^^^^^^^^^^^^^^^^^^^^^^^
  File "D:\Pyth_learn\Projects\e10b01a81dadc0acd00e7b38a2da7aa3\baga\.venv\Lib\site-packages\aiogram\dispatcher\router.py", line 146, in propagate_event
    return await observer.wrap_outer_middleware(_wrapped, event=event, data=kwargs)
           ^^^^^^^^^^^^^^^^^^^^^^^^^^^^^^^^^^^^^^^^^^^^^^^^^^^^^^^^^^^^^^^^^^^^^^^^
  File "D:\Pyth_learn\Projects\e10b01a81dadc0acd00e7b38a2da7aa3\baga\.venv\Lib\site-packages\aiogram\dispatcher\router.py", line 141, in _wrapped
    return await self._propagate_event(
           ^^^^^^^^^^^^^^^^^^^^^^^^^^^^
  File "D:\Pyth_learn\Projects\e10b01a81dadc0acd00e7b38a2da7aa3\baga\.venv\Lib\site-packages\aiogram\dispatcher\router.py", line 174, in _propagate_event
    response = await router.propagate_event(update_type=update_type, event=event, **kwargs)
               ^^^^^^^^^^^^^^^^^^^^^^^^^^^^^^^^^^^^^^^^^^^^^^^^^^^^^^^^^^^^^^^^^^^^^^^^^^^^
  File "D:\Pyth_learn\Projects\e10b01a81dadc0acd00e7b38a2da7aa3\baga\.venv\Lib\site-packages\aiogram\dispatcher\router.py", line 146, in propagate_event
    return await observer.wrap_outer_middleware(_wrapped, event=event, data=kwargs)
           ^^^^^^^^^^^^^^^^^^^^^^^^^^^^^^^^^^^^^^^^^^^^^^^^^^^^^^^^^^^^^^^^^^^^^^^^
  File "D:\Pyth_learn\Projects\e10b01a81dadc0acd00e7b38a2da7aa3\baga\.venv\Lib\site-packages\aiogram\dispatcher\router.py", line 141, in _wrapped
    return await self._propagate_event(
           ^^^^^^^^^^^^^^^^^^^^^^^^^^^^
  File "D:\Pyth_learn\Projects\e10b01a81dadc0acd00e7b38a2da7aa3\baga\.venv\Lib\site-packages\aiogram\dispatcher\router.py", line 166, in _propagate_event
    response = await observer.trigger(event, **kwargs)
               ^^^^^^^^^^^^^^^^^^^^^^^^^^^^^^^^^^^^^^^
  File "D:\Pyth_learn\Projects\e10b01a81dadc0acd00e7b38a2da7aa3\baga\.venv\Lib\site-packages\aiogram\dispatcher\event\telegram.py", line 121, in trigger
    return await wrapped_inner(event, kwargs)
           ^^^^^^^^^^^^^^^^^^^^^^^^^^^^^^^^^^
  File "D:\Pyth_learn\Projects\e10b01a81dadc0acd00e7b38a2da7aa3\baga\app\user.py", line 66, in __call__
    return await handler(event, data)
           ^^^^^^^^^^^^^^^^^^^^^^^^^^
  File "D:\Pyth_learn\Projects\e10b01a81dadc0acd00e7b38a2da7aa3\baga\.venv\Lib\site-packages\aiogram\dispatcher\event\handler.py", line 43, in call
    return await wrapped()
           ^^^^^^^^^^^^^^^
  File "D:\Pyth_learn\Projects\e10b01a81dadc0acd00e7b38a2da7aa3\baga\app\user.py", line 349, in add_event
    reply_markup=await kb.input_template(*templates))
                 ^^^^^^^^^^^^^^^^^^^^^^^^^^^^^^^^^^^
  File "D:\Pyth_learn\Projects\e10b01a81dadc0acd00e7b38a2da7aa3\baga\app\keyboards.py", line 53, in input_template
    keyboard.add(InlineKeyboardButton(text=title,
                 ^^^^^^^^^^^^^^^^^^^^^^^^^^^^^^^^
  File "D:\Pyth_learn\Projects\e10b01a81dadc0acd00e7b38a2da7aa3\baga\.venv\Lib\site-packages\pydantic\main.py", line 212, in __init__
    validated_self = self.__pydantic_validator__.validate_python(data, self_instance=self)
                     ^^^^^^^^^^^^^^^^^^^^^^^^^^^^^^^^^^^^^^^^^^^^^^^^^^^^^^^^^^^^^^^^^^^^^
pydantic_core._pydantic_core.ValidationError: 1 validation error for InlineKeyboardButton
switch_inline_query_current_chat
  Input should be a valid string [type=string_type, input_value={'text': 'Просто тест'}, input_type=dict]
    For further information visit https://errors.pydantic.dev/2.9/v/string_type
2025-04-28 20:30:29,570 - aiogram.event - ERROR - Cause exception while process update id=812799329 by bot id=6984364717
ValidationError: 1 validation error for InlineKeyboardButton
switch_inline_query_current_chat
  Input should be a valid string [type=string_type, input_value={'text': 'Просто тест'}, input_type=dict]
    For further information visit https://errors.pydantic.dev/2.9/v/string_type
Traceback (most recent call last):
  File "D:\Pyth_learn\Projects\e10b01a81dadc0acd00e7b38a2da7aa3\baga\.venv\Lib\site-packages\aiogram\dispatcher\dispatcher.py", line 309, in _process_update
    response = await self.feed_update(bot, update, **kwargs)
               ^^^^^^^^^^^^^^^^^^^^^^^^^^^^^^^^^^^^^^^^^^^^^
  File "D:\Pyth_learn\Projects\e10b01a81dadc0acd00e7b38a2da7aa3\baga\.venv\Lib\site-packages\aiogram\dispatcher\dispatcher.py", line 158, in feed_update
    response = await self.update.wrap_outer_middleware(
               ^^^^^^^^^^^^^^^^^^^^^^^^^^^^^^^^^^^^^^^^
  File "D:\Pyth_learn\Projects\e10b01a81dadc0acd00e7b38a2da7aa3\baga\.venv\Lib\site-packages\aiogram\dispatcher\middlewares\error.py", line 25, in __call__
    return await handler(event, data)
           ^^^^^^^^^^^^^^^^^^^^^^^^^^
  File "D:\Pyth_learn\Projects\e10b01a81dadc0acd00e7b38a2da7aa3\baga\.venv\Lib\site-packages\aiogram\dispatcher\middlewares\user_context.py", line 56, in __call__
    return await handler(event, data)
           ^^^^^^^^^^^^^^^^^^^^^^^^^^
  File "D:\Pyth_learn\Projects\e10b01a81dadc0acd00e7b38a2da7aa3\baga\.venv\Lib\site-packages\aiogram\fsm\middleware.py", line 42, in __call__
    return await handler(event, data)
           ^^^^^^^^^^^^^^^^^^^^^^^^^^
  File "D:\Pyth_learn\Projects\e10b01a81dadc0acd00e7b38a2da7aa3\baga\.venv\Lib\site-packages\aiogram\dispatcher\event\telegram.py", line 121, in trigger
    return await wrapped_inner(event, kwargs)
           ^^^^^^^^^^^^^^^^^^^^^^^^^^^^^^^^^^
  File "D:\Pyth_learn\Projects\e10b01a81dadc0acd00e7b38a2da7aa3\baga\.venv\Lib\site-packages\aiogram\dispatcher\event\handler.py", line 43, in call
    return await wrapped()
           ^^^^^^^^^^^^^^^
  File "D:\Pyth_learn\Projects\e10b01a81dadc0acd00e7b38a2da7aa3\baga\.venv\Lib\site-packages\aiogram\dispatcher\dispatcher.py", line 276, in _listen_update
    return await self.propagate_event(update_type=update_type, event=event, **kwargs)
           ^^^^^^^^^^^^^^^^^^^^^^^^^^^^^^^^^^^^^^^^^^^^^^^^^^^^^^^^^^^^^^^^^^^^^^^^^^
  File "D:\Pyth_learn\Projects\e10b01a81dadc0acd00e7b38a2da7aa3\baga\.venv\Lib\site-packages\aiogram\dispatcher\router.py", line 146, in propagate_event
    return await observer.wrap_outer_middleware(_wrapped, event=event, data=kwargs)
           ^^^^^^^^^^^^^^^^^^^^^^^^^^^^^^^^^^^^^^^^^^^^^^^^^^^^^^^^^^^^^^^^^^^^^^^^
  File "D:\Pyth_learn\Projects\e10b01a81dadc0acd00e7b38a2da7aa3\baga\.venv\Lib\site-packages\aiogram\dispatcher\router.py", line 141, in _wrapped
    return await self._propagate_event(
           ^^^^^^^^^^^^^^^^^^^^^^^^^^^^
  File "D:\Pyth_learn\Projects\e10b01a81dadc0acd00e7b38a2da7aa3\baga\.venv\Lib\site-packages\aiogram\dispatcher\router.py", line 174, in _propagate_event
    response = await router.propagate_event(update_type=update_type, event=event, **kwargs)
               ^^^^^^^^^^^^^^^^^^^^^^^^^^^^^^^^^^^^^^^^^^^^^^^^^^^^^^^^^^^^^^^^^^^^^^^^^^^^
  File "D:\Pyth_learn\Projects\e10b01a81dadc0acd00e7b38a2da7aa3\baga\.venv\Lib\site-packages\aiogram\dispatcher\router.py", line 146, in propagate_event
    return await observer.wrap_outer_middleware(_wrapped, event=event, data=kwargs)
           ^^^^^^^^^^^^^^^^^^^^^^^^^^^^^^^^^^^^^^^^^^^^^^^^^^^^^^^^^^^^^^^^^^^^^^^^
  File "D:\Pyth_learn\Projects\e10b01a81dadc0acd00e7b38a2da7aa3\baga\.venv\Lib\site-packages\aiogram\dispatcher\router.py", line 141, in _wrapped
    return await self._propagate_event(
           ^^^^^^^^^^^^^^^^^^^^^^^^^^^^
  File "D:\Pyth_learn\Projects\e10b01a81dadc0acd00e7b38a2da7aa3\baga\.venv\Lib\site-packages\aiogram\dispatcher\router.py", line 166, in _propagate_event
    response = await observer.trigger(event, **kwargs)
               ^^^^^^^^^^^^^^^^^^^^^^^^^^^^^^^^^^^^^^^
  File "D:\Pyth_learn\Projects\e10b01a81dadc0acd00e7b38a2da7aa3\baga\.venv\Lib\site-packages\aiogram\dispatcher\event\telegram.py", line 121, in trigger
    return await wrapped_inner(event, kwargs)
           ^^^^^^^^^^^^^^^^^^^^^^^^^^^^^^^^^^
  File "D:\Pyth_learn\Projects\e10b01a81dadc0acd00e7b38a2da7aa3\baga\app\user.py", line 66, in __call__
    return await handler(event, data)
           ^^^^^^^^^^^^^^^^^^^^^^^^^^
  File "D:\Pyth_learn\Projects\e10b01a81dadc0acd00e7b38a2da7aa3\baga\.venv\Lib\site-packages\aiogram\dispatcher\event\handler.py", line 43, in call
    return await wrapped()
           ^^^^^^^^^^^^^^^
  File "D:\Pyth_learn\Projects\e10b01a81dadc0acd00e7b38a2da7aa3\baga\app\user.py", line 349, in add_event
    reply_markup=await kb.input_template(*templates))
                 ^^^^^^^^^^^^^^^^^^^^^^^^^^^^^^^^^^^
  File "D:\Pyth_learn\Projects\e10b01a81dadc0acd00e7b38a2da7aa3\baga\app\keyboards.py", line 53, in input_template
    keyboard.add(InlineKeyboardButton(text=title,
                 ^^^^^^^^^^^^^^^^^^^^^^^^^^^^^^^^
  File "D:\Pyth_learn\Projects\e10b01a81dadc0acd00e7b38a2da7aa3\baga\.venv\Lib\site-packages\pydantic\main.py", line 212, in __init__
    validated_self = self.__pydantic_validator__.validate_python(data, self_instance=self)
                     ^^^^^^^^^^^^^^^^^^^^^^^^^^^^^^^^^^^^^^^^^^^^^^^^^^^^^^^^^^^^^^^^^^^^^
pydantic_core._pydantic_core.ValidationError: 1 validation error for InlineKeyboardButton
switch_inline_query_current_chat
  Input should be a valid string [type=string_type, input_value={'text': 'Просто тест'}, input_type=dict]
    For further information visit https://errors.pydantic.dev/2.9/v/string_type
2025-04-28 20:32:54,576 - aiogram.event - ERROR - Cause exception while process update id=812799330 by bot id=6984364717
ValidationError: 1 validation error for InlineKeyboardButton
switch_inline_query_current_chat
  Input should be a valid string [type=string_type, input_value={'text': 'Просто тест'}, input_type=dict]
    For further information visit https://errors.pydantic.dev/2.9/v/string_type
Traceback (most recent call last):
  File "D:\Pyth_learn\Projects\e10b01a81dadc0acd00e7b38a2da7aa3\baga\.venv\Lib\site-packages\aiogram\dispatcher\dispatcher.py", line 309, in _process_update
    response = await self.feed_update(bot, update, **kwargs)
               ^^^^^^^^^^^^^^^^^^^^^^^^^^^^^^^^^^^^^^^^^^^^^
  File "D:\Pyth_learn\Projects\e10b01a81dadc0acd00e7b38a2da7aa3\baga\.venv\Lib\site-packages\aiogram\dispatcher\dispatcher.py", line 158, in feed_update
    response = await self.update.wrap_outer_middleware(
               ^^^^^^^^^^^^^^^^^^^^^^^^^^^^^^^^^^^^^^^^
  File "D:\Pyth_learn\Projects\e10b01a81dadc0acd00e7b38a2da7aa3\baga\.venv\Lib\site-packages\aiogram\dispatcher\middlewares\error.py", line 25, in __call__
    return await handler(event, data)
           ^^^^^^^^^^^^^^^^^^^^^^^^^^
  File "D:\Pyth_learn\Projects\e10b01a81dadc0acd00e7b38a2da7aa3\baga\.venv\Lib\site-packages\aiogram\dispatcher\middlewares\user_context.py", line 56, in __call__
    return await handler(event, data)
           ^^^^^^^^^^^^^^^^^^^^^^^^^^
  File "D:\Pyth_learn\Projects\e10b01a81dadc0acd00e7b38a2da7aa3\baga\.venv\Lib\site-packages\aiogram\fsm\middleware.py", line 42, in __call__
    return await handler(event, data)
           ^^^^^^^^^^^^^^^^^^^^^^^^^^
  File "D:\Pyth_learn\Projects\e10b01a81dadc0acd00e7b38a2da7aa3\baga\.venv\Lib\site-packages\aiogram\dispatcher\event\telegram.py", line 121, in trigger
    return await wrapped_inner(event, kwargs)
           ^^^^^^^^^^^^^^^^^^^^^^^^^^^^^^^^^^
  File "D:\Pyth_learn\Projects\e10b01a81dadc0acd00e7b38a2da7aa3\baga\.venv\Lib\site-packages\aiogram\dispatcher\event\handler.py", line 43, in call
    return await wrapped()
           ^^^^^^^^^^^^^^^
  File "D:\Pyth_learn\Projects\e10b01a81dadc0acd00e7b38a2da7aa3\baga\.venv\Lib\site-packages\aiogram\dispatcher\dispatcher.py", line 276, in _listen_update
    return await self.propagate_event(update_type=update_type, event=event, **kwargs)
           ^^^^^^^^^^^^^^^^^^^^^^^^^^^^^^^^^^^^^^^^^^^^^^^^^^^^^^^^^^^^^^^^^^^^^^^^^^
  File "D:\Pyth_learn\Projects\e10b01a81dadc0acd00e7b38a2da7aa3\baga\.venv\Lib\site-packages\aiogram\dispatcher\router.py", line 146, in propagate_event
    return await observer.wrap_outer_middleware(_wrapped, event=event, data=kwargs)
           ^^^^^^^^^^^^^^^^^^^^^^^^^^^^^^^^^^^^^^^^^^^^^^^^^^^^^^^^^^^^^^^^^^^^^^^^
  File "D:\Pyth_learn\Projects\e10b01a81dadc0acd00e7b38a2da7aa3\baga\.venv\Lib\site-packages\aiogram\dispatcher\router.py", line 141, in _wrapped
    return await self._propagate_event(
           ^^^^^^^^^^^^^^^^^^^^^^^^^^^^
  File "D:\Pyth_learn\Projects\e10b01a81dadc0acd00e7b38a2da7aa3\baga\.venv\Lib\site-packages\aiogram\dispatcher\router.py", line 174, in _propagate_event
    response = await router.propagate_event(update_type=update_type, event=event, **kwargs)
               ^^^^^^^^^^^^^^^^^^^^^^^^^^^^^^^^^^^^^^^^^^^^^^^^^^^^^^^^^^^^^^^^^^^^^^^^^^^^
  File "D:\Pyth_learn\Projects\e10b01a81dadc0acd00e7b38a2da7aa3\baga\.venv\Lib\site-packages\aiogram\dispatcher\router.py", line 146, in propagate_event
    return await observer.wrap_outer_middleware(_wrapped, event=event, data=kwargs)
           ^^^^^^^^^^^^^^^^^^^^^^^^^^^^^^^^^^^^^^^^^^^^^^^^^^^^^^^^^^^^^^^^^^^^^^^^
  File "D:\Pyth_learn\Projects\e10b01a81dadc0acd00e7b38a2da7aa3\baga\.venv\Lib\site-packages\aiogram\dispatcher\router.py", line 141, in _wrapped
    return await self._propagate_event(
           ^^^^^^^^^^^^^^^^^^^^^^^^^^^^
  File "D:\Pyth_learn\Projects\e10b01a81dadc0acd00e7b38a2da7aa3\baga\.venv\Lib\site-packages\aiogram\dispatcher\router.py", line 166, in _propagate_event
    response = await observer.trigger(event, **kwargs)
               ^^^^^^^^^^^^^^^^^^^^^^^^^^^^^^^^^^^^^^^
  File "D:\Pyth_learn\Projects\e10b01a81dadc0acd00e7b38a2da7aa3\baga\.venv\Lib\site-packages\aiogram\dispatcher\event\telegram.py", line 121, in trigger
    return await wrapped_inner(event, kwargs)
           ^^^^^^^^^^^^^^^^^^^^^^^^^^^^^^^^^^
  File "D:\Pyth_learn\Projects\e10b01a81dadc0acd00e7b38a2da7aa3\baga\app\user.py", line 66, in __call__
    return await handler(event, data)
           ^^^^^^^^^^^^^^^^^^^^^^^^^^
  File "D:\Pyth_learn\Projects\e10b01a81dadc0acd00e7b38a2da7aa3\baga\.venv\Lib\site-packages\aiogram\dispatcher\event\handler.py", line 43, in call
    return await wrapped()
           ^^^^^^^^^^^^^^^
  File "D:\Pyth_learn\Projects\e10b01a81dadc0acd00e7b38a2da7aa3\baga\app\user.py", line 349, in add_event
    reply_markup=await kb.input_template(*templates))
                 ^^^^^^^^^^^^^^^^^^^^^^^^^^^^^^^^^^^
  File "D:\Pyth_learn\Projects\e10b01a81dadc0acd00e7b38a2da7aa3\baga\app\keyboards.py", line 53, in input_template
    keyboard.add(InlineKeyboardButton(text=title,
                 ^^^^^^^^^^^^^^^^^^^^^^^^^^^^^^^^
  File "D:\Pyth_learn\Projects\e10b01a81dadc0acd00e7b38a2da7aa3\baga\.venv\Lib\site-packages\pydantic\main.py", line 212, in __init__
    validated_self = self.__pydantic_validator__.validate_python(data, self_instance=self)
                     ^^^^^^^^^^^^^^^^^^^^^^^^^^^^^^^^^^^^^^^^^^^^^^^^^^^^^^^^^^^^^^^^^^^^^
pydantic_core._pydantic_core.ValidationError: 1 validation error for InlineKeyboardButton
switch_inline_query_current_chat
  Input should be a valid string [type=string_type, input_value={'text': 'Просто тест'}, input_type=dict]
    For further information visit https://errors.pydantic.dev/2.9/v/string_type
2025-04-28 20:34:10,576 - aiogram.event - ERROR - Cause exception while process update id=812799331 by bot id=6984364717
ValidationError: 1 validation error for InlineKeyboardButton
switch_inline_query_current_chat
  Input should be a valid string [type=string_type, input_value={'text': 'Просто тест'}, input_type=dict]
    For further information visit https://errors.pydantic.dev/2.9/v/string_type
Traceback (most recent call last):
  File "D:\Pyth_learn\Projects\e10b01a81dadc0acd00e7b38a2da7aa3\baga\.venv\Lib\site-packages\aiogram\dispatcher\dispatcher.py", line 309, in _process_update
    response = await self.feed_update(bot, update, **kwargs)
               ^^^^^^^^^^^^^^^^^^^^^^^^^^^^^^^^^^^^^^^^^^^^^
  File "D:\Pyth_learn\Projects\e10b01a81dadc0acd00e7b38a2da7aa3\baga\.venv\Lib\site-packages\aiogram\dispatcher\dispatcher.py", line 158, in feed_update
    response = await self.update.wrap_outer_middleware(
               ^^^^^^^^^^^^^^^^^^^^^^^^^^^^^^^^^^^^^^^^
  File "D:\Pyth_learn\Projects\e10b01a81dadc0acd00e7b38a2da7aa3\baga\.venv\Lib\site-packages\aiogram\dispatcher\middlewares\error.py", line 25, in __call__
    return await handler(event, data)
           ^^^^^^^^^^^^^^^^^^^^^^^^^^
  File "D:\Pyth_learn\Projects\e10b01a81dadc0acd00e7b38a2da7aa3\baga\.venv\Lib\site-packages\aiogram\dispatcher\middlewares\user_context.py", line 56, in __call__
    return await handler(event, data)
           ^^^^^^^^^^^^^^^^^^^^^^^^^^
  File "D:\Pyth_learn\Projects\e10b01a81dadc0acd00e7b38a2da7aa3\baga\.venv\Lib\site-packages\aiogram\fsm\middleware.py", line 42, in __call__
    return await handler(event, data)
           ^^^^^^^^^^^^^^^^^^^^^^^^^^
  File "D:\Pyth_learn\Projects\e10b01a81dadc0acd00e7b38a2da7aa3\baga\.venv\Lib\site-packages\aiogram\dispatcher\event\telegram.py", line 121, in trigger
    return await wrapped_inner(event, kwargs)
           ^^^^^^^^^^^^^^^^^^^^^^^^^^^^^^^^^^
  File "D:\Pyth_learn\Projects\e10b01a81dadc0acd00e7b38a2da7aa3\baga\.venv\Lib\site-packages\aiogram\dispatcher\event\handler.py", line 43, in call
    return await wrapped()
           ^^^^^^^^^^^^^^^
  File "D:\Pyth_learn\Projects\e10b01a81dadc0acd00e7b38a2da7aa3\baga\.venv\Lib\site-packages\aiogram\dispatcher\dispatcher.py", line 276, in _listen_update
    return await self.propagate_event(update_type=update_type, event=event, **kwargs)
           ^^^^^^^^^^^^^^^^^^^^^^^^^^^^^^^^^^^^^^^^^^^^^^^^^^^^^^^^^^^^^^^^^^^^^^^^^^
  File "D:\Pyth_learn\Projects\e10b01a81dadc0acd00e7b38a2da7aa3\baga\.venv\Lib\site-packages\aiogram\dispatcher\router.py", line 146, in propagate_event
    return await observer.wrap_outer_middleware(_wrapped, event=event, data=kwargs)
           ^^^^^^^^^^^^^^^^^^^^^^^^^^^^^^^^^^^^^^^^^^^^^^^^^^^^^^^^^^^^^^^^^^^^^^^^
  File "D:\Pyth_learn\Projects\e10b01a81dadc0acd00e7b38a2da7aa3\baga\.venv\Lib\site-packages\aiogram\dispatcher\router.py", line 141, in _wrapped
    return await self._propagate_event(
           ^^^^^^^^^^^^^^^^^^^^^^^^^^^^
  File "D:\Pyth_learn\Projects\e10b01a81dadc0acd00e7b38a2da7aa3\baga\.venv\Lib\site-packages\aiogram\dispatcher\router.py", line 174, in _propagate_event
    response = await router.propagate_event(update_type=update_type, event=event, **kwargs)
               ^^^^^^^^^^^^^^^^^^^^^^^^^^^^^^^^^^^^^^^^^^^^^^^^^^^^^^^^^^^^^^^^^^^^^^^^^^^^
  File "D:\Pyth_learn\Projects\e10b01a81dadc0acd00e7b38a2da7aa3\baga\.venv\Lib\site-packages\aiogram\dispatcher\router.py", line 146, in propagate_event
    return await observer.wrap_outer_middleware(_wrapped, event=event, data=kwargs)
           ^^^^^^^^^^^^^^^^^^^^^^^^^^^^^^^^^^^^^^^^^^^^^^^^^^^^^^^^^^^^^^^^^^^^^^^^
  File "D:\Pyth_learn\Projects\e10b01a81dadc0acd00e7b38a2da7aa3\baga\.venv\Lib\site-packages\aiogram\dispatcher\router.py", line 141, in _wrapped
    return await self._propagate_event(
           ^^^^^^^^^^^^^^^^^^^^^^^^^^^^
  File "D:\Pyth_learn\Projects\e10b01a81dadc0acd00e7b38a2da7aa3\baga\.venv\Lib\site-packages\aiogram\dispatcher\router.py", line 166, in _propagate_event
    response = await observer.trigger(event, **kwargs)
               ^^^^^^^^^^^^^^^^^^^^^^^^^^^^^^^^^^^^^^^
  File "D:\Pyth_learn\Projects\e10b01a81dadc0acd00e7b38a2da7aa3\baga\.venv\Lib\site-packages\aiogram\dispatcher\event\telegram.py", line 121, in trigger
    return await wrapped_inner(event, kwargs)
           ^^^^^^^^^^^^^^^^^^^^^^^^^^^^^^^^^^
  File "D:\Pyth_learn\Projects\e10b01a81dadc0acd00e7b38a2da7aa3\baga\app\user.py", line 66, in __call__
    return await handler(event, data)
           ^^^^^^^^^^^^^^^^^^^^^^^^^^
  File "D:\Pyth_learn\Projects\e10b01a81dadc0acd00e7b38a2da7aa3\baga\.venv\Lib\site-packages\aiogram\dispatcher\event\handler.py", line 43, in call
    return await wrapped()
           ^^^^^^^^^^^^^^^
  File "D:\Pyth_learn\Projects\e10b01a81dadc0acd00e7b38a2da7aa3\baga\app\user.py", line 349, in add_event
    reply_markup=await kb.input_template(*templates))
                 ^^^^^^^^^^^^^^^^^^^^^^^^^^^^^^^^^^^
  File "D:\Pyth_learn\Projects\e10b01a81dadc0acd00e7b38a2da7aa3\baga\app\keyboards.py", line 53, in input_template
    keyboard.add(InlineKeyboardButton(text=title,
                 ^^^^^^^^^^^^^^^^^^^^^^^^^^^^^^^^
  File "D:\Pyth_learn\Projects\e10b01a81dadc0acd00e7b38a2da7aa3\baga\.venv\Lib\site-packages\pydantic\main.py", line 212, in __init__
    validated_self = self.__pydantic_validator__.validate_python(data, self_instance=self)
                     ^^^^^^^^^^^^^^^^^^^^^^^^^^^^^^^^^^^^^^^^^^^^^^^^^^^^^^^^^^^^^^^^^^^^^
pydantic_core._pydantic_core.ValidationError: 1 validation error for InlineKeyboardButton
switch_inline_query_current_chat
  Input should be a valid string [type=string_type, input_value={'text': 'Просто тест'}, input_type=dict]
    For further information visit https://errors.pydantic.dev/2.9/v/string_type
2025-04-28 20:46:08,357 - aiogram.event - ERROR - Cause exception while process update id=812799332 by bot id=6984364717
ValidationError: 1 validation error for InlineKeyboardButton
switch_inline_query_current_chat
  Input should be a valid string [type=string_type, input_value={'text': 'Просто тест'}, input_type=dict]
    For further information visit https://errors.pydantic.dev/2.9/v/string_type
Traceback (most recent call last):
  File "D:\Pyth_learn\Projects\e10b01a81dadc0acd00e7b38a2da7aa3\baga\.venv\Lib\site-packages\aiogram\dispatcher\dispatcher.py", line 309, in _process_update
    response = await self.feed_update(bot, update, **kwargs)
               ^^^^^^^^^^^^^^^^^^^^^^^^^^^^^^^^^^^^^^^^^^^^^
  File "D:\Pyth_learn\Projects\e10b01a81dadc0acd00e7b38a2da7aa3\baga\.venv\Lib\site-packages\aiogram\dispatcher\dispatcher.py", line 158, in feed_update
    response = await self.update.wrap_outer_middleware(
               ^^^^^^^^^^^^^^^^^^^^^^^^^^^^^^^^^^^^^^^^
  File "D:\Pyth_learn\Projects\e10b01a81dadc0acd00e7b38a2da7aa3\baga\.venv\Lib\site-packages\aiogram\dispatcher\middlewares\error.py", line 25, in __call__
    return await handler(event, data)
           ^^^^^^^^^^^^^^^^^^^^^^^^^^
  File "D:\Pyth_learn\Projects\e10b01a81dadc0acd00e7b38a2da7aa3\baga\.venv\Lib\site-packages\aiogram\dispatcher\middlewares\user_context.py", line 56, in __call__
    return await handler(event, data)
           ^^^^^^^^^^^^^^^^^^^^^^^^^^
  File "D:\Pyth_learn\Projects\e10b01a81dadc0acd00e7b38a2da7aa3\baga\.venv\Lib\site-packages\aiogram\fsm\middleware.py", line 42, in __call__
    return await handler(event, data)
           ^^^^^^^^^^^^^^^^^^^^^^^^^^
  File "D:\Pyth_learn\Projects\e10b01a81dadc0acd00e7b38a2da7aa3\baga\.venv\Lib\site-packages\aiogram\dispatcher\event\telegram.py", line 121, in trigger
    return await wrapped_inner(event, kwargs)
           ^^^^^^^^^^^^^^^^^^^^^^^^^^^^^^^^^^
  File "D:\Pyth_learn\Projects\e10b01a81dadc0acd00e7b38a2da7aa3\baga\.venv\Lib\site-packages\aiogram\dispatcher\event\handler.py", line 43, in call
    return await wrapped()
           ^^^^^^^^^^^^^^^
  File "D:\Pyth_learn\Projects\e10b01a81dadc0acd00e7b38a2da7aa3\baga\.venv\Lib\site-packages\aiogram\dispatcher\dispatcher.py", line 276, in _listen_update
    return await self.propagate_event(update_type=update_type, event=event, **kwargs)
           ^^^^^^^^^^^^^^^^^^^^^^^^^^^^^^^^^^^^^^^^^^^^^^^^^^^^^^^^^^^^^^^^^^^^^^^^^^
  File "D:\Pyth_learn\Projects\e10b01a81dadc0acd00e7b38a2da7aa3\baga\.venv\Lib\site-packages\aiogram\dispatcher\router.py", line 146, in propagate_event
    return await observer.wrap_outer_middleware(_wrapped, event=event, data=kwargs)
           ^^^^^^^^^^^^^^^^^^^^^^^^^^^^^^^^^^^^^^^^^^^^^^^^^^^^^^^^^^^^^^^^^^^^^^^^
  File "D:\Pyth_learn\Projects\e10b01a81dadc0acd00e7b38a2da7aa3\baga\.venv\Lib\site-packages\aiogram\dispatcher\router.py", line 141, in _wrapped
    return await self._propagate_event(
           ^^^^^^^^^^^^^^^^^^^^^^^^^^^^
  File "D:\Pyth_learn\Projects\e10b01a81dadc0acd00e7b38a2da7aa3\baga\.venv\Lib\site-packages\aiogram\dispatcher\router.py", line 174, in _propagate_event
    response = await router.propagate_event(update_type=update_type, event=event, **kwargs)
               ^^^^^^^^^^^^^^^^^^^^^^^^^^^^^^^^^^^^^^^^^^^^^^^^^^^^^^^^^^^^^^^^^^^^^^^^^^^^
  File "D:\Pyth_learn\Projects\e10b01a81dadc0acd00e7b38a2da7aa3\baga\.venv\Lib\site-packages\aiogram\dispatcher\router.py", line 146, in propagate_event
    return await observer.wrap_outer_middleware(_wrapped, event=event, data=kwargs)
           ^^^^^^^^^^^^^^^^^^^^^^^^^^^^^^^^^^^^^^^^^^^^^^^^^^^^^^^^^^^^^^^^^^^^^^^^
  File "D:\Pyth_learn\Projects\e10b01a81dadc0acd00e7b38a2da7aa3\baga\.venv\Lib\site-packages\aiogram\dispatcher\router.py", line 141, in _wrapped
    return await self._propagate_event(
           ^^^^^^^^^^^^^^^^^^^^^^^^^^^^
  File "D:\Pyth_learn\Projects\e10b01a81dadc0acd00e7b38a2da7aa3\baga\.venv\Lib\site-packages\aiogram\dispatcher\router.py", line 166, in _propagate_event
    response = await observer.trigger(event, **kwargs)
               ^^^^^^^^^^^^^^^^^^^^^^^^^^^^^^^^^^^^^^^
  File "D:\Pyth_learn\Projects\e10b01a81dadc0acd00e7b38a2da7aa3\baga\.venv\Lib\site-packages\aiogram\dispatcher\event\telegram.py", line 121, in trigger
    return await wrapped_inner(event, kwargs)
           ^^^^^^^^^^^^^^^^^^^^^^^^^^^^^^^^^^
  File "D:\Pyth_learn\Projects\e10b01a81dadc0acd00e7b38a2da7aa3\baga\app\user.py", line 66, in __call__
    return await handler(event, data)
           ^^^^^^^^^^^^^^^^^^^^^^^^^^
  File "D:\Pyth_learn\Projects\e10b01a81dadc0acd00e7b38a2da7aa3\baga\.venv\Lib\site-packages\aiogram\dispatcher\event\handler.py", line 43, in call
    return await wrapped()
           ^^^^^^^^^^^^^^^
  File "D:\Pyth_learn\Projects\e10b01a81dadc0acd00e7b38a2da7aa3\baga\app\user.py", line 349, in add_event
    reply_markup=await kb.input_template(*templates))
                 ^^^^^^^^^^^^^^^^^^^^^^^^^^^^^^^^^^^
  File "D:\Pyth_learn\Projects\e10b01a81dadc0acd00e7b38a2da7aa3\baga\app\keyboards.py", line 54, in input_template
    keyboard.add(InlineKeyboardButton(text=title,
                 ^^^^^^^^^^^^^^^^^^^^^^^^^^^^^^^^
  File "D:\Pyth_learn\Projects\e10b01a81dadc0acd00e7b38a2da7aa3\baga\.venv\Lib\site-packages\pydantic\main.py", line 212, in __init__
    validated_self = self.__pydantic_validator__.validate_python(data, self_instance=self)
                     ^^^^^^^^^^^^^^^^^^^^^^^^^^^^^^^^^^^^^^^^^^^^^^^^^^^^^^^^^^^^^^^^^^^^^
pydantic_core._pydantic_core.ValidationError: 1 validation error for InlineKeyboardButton
switch_inline_query_current_chat
  Input should be a valid string [type=string_type, input_value={'text': 'Просто тест'}, input_type=dict]
    For further information visit https://errors.pydantic.dev/2.9/v/string_type
2025-04-28 20:47:03,894 - aiogram.event - ERROR - Cause exception while process update id=812799333 by bot id=6984364717
ValidationError: 1 validation error for InlineKeyboardButton
switch_inline_query_current_chat
  Input should be a valid string [type=string_type, input_value=[{'text': 'Просто тест'}], input_type=list]
    For further information visit https://errors.pydantic.dev/2.9/v/string_type
Traceback (most recent call last):
  File "D:\Pyth_learn\Projects\e10b01a81dadc0acd00e7b38a2da7aa3\baga\.venv\Lib\site-packages\aiogram\dispatcher\dispatcher.py", line 309, in _process_update
    response = await self.feed_update(bot, update, **kwargs)
               ^^^^^^^^^^^^^^^^^^^^^^^^^^^^^^^^^^^^^^^^^^^^^
  File "D:\Pyth_learn\Projects\e10b01a81dadc0acd00e7b38a2da7aa3\baga\.venv\Lib\site-packages\aiogram\dispatcher\dispatcher.py", line 158, in feed_update
    response = await self.update.wrap_outer_middleware(
               ^^^^^^^^^^^^^^^^^^^^^^^^^^^^^^^^^^^^^^^^
  File "D:\Pyth_learn\Projects\e10b01a81dadc0acd00e7b38a2da7aa3\baga\.venv\Lib\site-packages\aiogram\dispatcher\middlewares\error.py", line 25, in __call__
    return await handler(event, data)
           ^^^^^^^^^^^^^^^^^^^^^^^^^^
  File "D:\Pyth_learn\Projects\e10b01a81dadc0acd00e7b38a2da7aa3\baga\.venv\Lib\site-packages\aiogram\dispatcher\middlewares\user_context.py", line 56, in __call__
    return await handler(event, data)
           ^^^^^^^^^^^^^^^^^^^^^^^^^^
  File "D:\Pyth_learn\Projects\e10b01a81dadc0acd00e7b38a2da7aa3\baga\.venv\Lib\site-packages\aiogram\fsm\middleware.py", line 42, in __call__
    return await handler(event, data)
           ^^^^^^^^^^^^^^^^^^^^^^^^^^
  File "D:\Pyth_learn\Projects\e10b01a81dadc0acd00e7b38a2da7aa3\baga\.venv\Lib\site-packages\aiogram\dispatcher\event\telegram.py", line 121, in trigger
    return await wrapped_inner(event, kwargs)
           ^^^^^^^^^^^^^^^^^^^^^^^^^^^^^^^^^^
  File "D:\Pyth_learn\Projects\e10b01a81dadc0acd00e7b38a2da7aa3\baga\.venv\Lib\site-packages\aiogram\dispatcher\event\handler.py", line 43, in call
    return await wrapped()
           ^^^^^^^^^^^^^^^
  File "D:\Pyth_learn\Projects\e10b01a81dadc0acd00e7b38a2da7aa3\baga\.venv\Lib\site-packages\aiogram\dispatcher\dispatcher.py", line 276, in _listen_update
    return await self.propagate_event(update_type=update_type, event=event, **kwargs)
           ^^^^^^^^^^^^^^^^^^^^^^^^^^^^^^^^^^^^^^^^^^^^^^^^^^^^^^^^^^^^^^^^^^^^^^^^^^
  File "D:\Pyth_learn\Projects\e10b01a81dadc0acd00e7b38a2da7aa3\baga\.venv\Lib\site-packages\aiogram\dispatcher\router.py", line 146, in propagate_event
    return await observer.wrap_outer_middleware(_wrapped, event=event, data=kwargs)
           ^^^^^^^^^^^^^^^^^^^^^^^^^^^^^^^^^^^^^^^^^^^^^^^^^^^^^^^^^^^^^^^^^^^^^^^^
  File "D:\Pyth_learn\Projects\e10b01a81dadc0acd00e7b38a2da7aa3\baga\.venv\Lib\site-packages\aiogram\dispatcher\router.py", line 141, in _wrapped
    return await self._propagate_event(
           ^^^^^^^^^^^^^^^^^^^^^^^^^^^^
  File "D:\Pyth_learn\Projects\e10b01a81dadc0acd00e7b38a2da7aa3\baga\.venv\Lib\site-packages\aiogram\dispatcher\router.py", line 174, in _propagate_event
    response = await router.propagate_event(update_type=update_type, event=event, **kwargs)
               ^^^^^^^^^^^^^^^^^^^^^^^^^^^^^^^^^^^^^^^^^^^^^^^^^^^^^^^^^^^^^^^^^^^^^^^^^^^^
  File "D:\Pyth_learn\Projects\e10b01a81dadc0acd00e7b38a2da7aa3\baga\.venv\Lib\site-packages\aiogram\dispatcher\router.py", line 146, in propagate_event
    return await observer.wrap_outer_middleware(_wrapped, event=event, data=kwargs)
           ^^^^^^^^^^^^^^^^^^^^^^^^^^^^^^^^^^^^^^^^^^^^^^^^^^^^^^^^^^^^^^^^^^^^^^^^
  File "D:\Pyth_learn\Projects\e10b01a81dadc0acd00e7b38a2da7aa3\baga\.venv\Lib\site-packages\aiogram\dispatcher\router.py", line 141, in _wrapped
    return await self._propagate_event(
           ^^^^^^^^^^^^^^^^^^^^^^^^^^^^
  File "D:\Pyth_learn\Projects\e10b01a81dadc0acd00e7b38a2da7aa3\baga\.venv\Lib\site-packages\aiogram\dispatcher\router.py", line 166, in _propagate_event
    response = await observer.trigger(event, **kwargs)
               ^^^^^^^^^^^^^^^^^^^^^^^^^^^^^^^^^^^^^^^
  File "D:\Pyth_learn\Projects\e10b01a81dadc0acd00e7b38a2da7aa3\baga\.venv\Lib\site-packages\aiogram\dispatcher\event\telegram.py", line 121, in trigger
    return await wrapped_inner(event, kwargs)
           ^^^^^^^^^^^^^^^^^^^^^^^^^^^^^^^^^^
  File "D:\Pyth_learn\Projects\e10b01a81dadc0acd00e7b38a2da7aa3\baga\app\user.py", line 66, in __call__
    return await handler(event, data)
           ^^^^^^^^^^^^^^^^^^^^^^^^^^
  File "D:\Pyth_learn\Projects\e10b01a81dadc0acd00e7b38a2da7aa3\baga\.venv\Lib\site-packages\aiogram\dispatcher\event\handler.py", line 43, in call
    return await wrapped()
           ^^^^^^^^^^^^^^^
  File "D:\Pyth_learn\Projects\e10b01a81dadc0acd00e7b38a2da7aa3\baga\app\user.py", line 349, in add_event
    reply_markup=await kb.input_template(templates))
                 ^^^^^^^^^^^^^^^^^^^^^^^^^^^^^^^^^^
  File "D:\Pyth_learn\Projects\e10b01a81dadc0acd00e7b38a2da7aa3\baga\app\keyboards.py", line 54, in input_template
    keyboard.add(InlineKeyboardButton(text=title,
                 ^^^^^^^^^^^^^^^^^^^^^^^^^^^^^^^^
  File "D:\Pyth_learn\Projects\e10b01a81dadc0acd00e7b38a2da7aa3\baga\.venv\Lib\site-packages\pydantic\main.py", line 212, in __init__
    validated_self = self.__pydantic_validator__.validate_python(data, self_instance=self)
                     ^^^^^^^^^^^^^^^^^^^^^^^^^^^^^^^^^^^^^^^^^^^^^^^^^^^^^^^^^^^^^^^^^^^^^
pydantic_core._pydantic_core.ValidationError: 1 validation error for InlineKeyboardButton
switch_inline_query_current_chat
  Input should be a valid string [type=string_type, input_value=[{'text': 'Просто тест'}], input_type=list]
    For further information visit https://errors.pydantic.dev/2.9/v/string_type
2025-04-28 20:47:42,864 - aiogram.event - ERROR - Cause exception while process update id=812799334 by bot id=6984364717
ValidationError: 1 validation error for InlineKeyboardButton
switch_inline_query_current_chat
  Input should be a valid string [type=string_type, input_value=[{'text': 'Просто тест'}], input_type=list]
    For further information visit https://errors.pydantic.dev/2.9/v/string_type
Traceback (most recent call last):
  File "D:\Pyth_learn\Projects\e10b01a81dadc0acd00e7b38a2da7aa3\baga\.venv\Lib\site-packages\aiogram\dispatcher\dispatcher.py", line 309, in _process_update
    response = await self.feed_update(bot, update, **kwargs)
               ^^^^^^^^^^^^^^^^^^^^^^^^^^^^^^^^^^^^^^^^^^^^^
  File "D:\Pyth_learn\Projects\e10b01a81dadc0acd00e7b38a2da7aa3\baga\.venv\Lib\site-packages\aiogram\dispatcher\dispatcher.py", line 158, in feed_update
    response = await self.update.wrap_outer_middleware(
               ^^^^^^^^^^^^^^^^^^^^^^^^^^^^^^^^^^^^^^^^
  File "D:\Pyth_learn\Projects\e10b01a81dadc0acd00e7b38a2da7aa3\baga\.venv\Lib\site-packages\aiogram\dispatcher\middlewares\error.py", line 25, in __call__
    return await handler(event, data)
           ^^^^^^^^^^^^^^^^^^^^^^^^^^
  File "D:\Pyth_learn\Projects\e10b01a81dadc0acd00e7b38a2da7aa3\baga\.venv\Lib\site-packages\aiogram\dispatcher\middlewares\user_context.py", line 56, in __call__
    return await handler(event, data)
           ^^^^^^^^^^^^^^^^^^^^^^^^^^
  File "D:\Pyth_learn\Projects\e10b01a81dadc0acd00e7b38a2da7aa3\baga\.venv\Lib\site-packages\aiogram\fsm\middleware.py", line 42, in __call__
    return await handler(event, data)
           ^^^^^^^^^^^^^^^^^^^^^^^^^^
  File "D:\Pyth_learn\Projects\e10b01a81dadc0acd00e7b38a2da7aa3\baga\.venv\Lib\site-packages\aiogram\dispatcher\event\telegram.py", line 121, in trigger
    return await wrapped_inner(event, kwargs)
           ^^^^^^^^^^^^^^^^^^^^^^^^^^^^^^^^^^
  File "D:\Pyth_learn\Projects\e10b01a81dadc0acd00e7b38a2da7aa3\baga\.venv\Lib\site-packages\aiogram\dispatcher\event\handler.py", line 43, in call
    return await wrapped()
           ^^^^^^^^^^^^^^^
  File "D:\Pyth_learn\Projects\e10b01a81dadc0acd00e7b38a2da7aa3\baga\.venv\Lib\site-packages\aiogram\dispatcher\dispatcher.py", line 276, in _listen_update
    return await self.propagate_event(update_type=update_type, event=event, **kwargs)
           ^^^^^^^^^^^^^^^^^^^^^^^^^^^^^^^^^^^^^^^^^^^^^^^^^^^^^^^^^^^^^^^^^^^^^^^^^^
  File "D:\Pyth_learn\Projects\e10b01a81dadc0acd00e7b38a2da7aa3\baga\.venv\Lib\site-packages\aiogram\dispatcher\router.py", line 146, in propagate_event
    return await observer.wrap_outer_middleware(_wrapped, event=event, data=kwargs)
           ^^^^^^^^^^^^^^^^^^^^^^^^^^^^^^^^^^^^^^^^^^^^^^^^^^^^^^^^^^^^^^^^^^^^^^^^
  File "D:\Pyth_learn\Projects\e10b01a81dadc0acd00e7b38a2da7aa3\baga\.venv\Lib\site-packages\aiogram\dispatcher\router.py", line 141, in _wrapped
    return await self._propagate_event(
           ^^^^^^^^^^^^^^^^^^^^^^^^^^^^
  File "D:\Pyth_learn\Projects\e10b01a81dadc0acd00e7b38a2da7aa3\baga\.venv\Lib\site-packages\aiogram\dispatcher\router.py", line 174, in _propagate_event
    response = await router.propagate_event(update_type=update_type, event=event, **kwargs)
               ^^^^^^^^^^^^^^^^^^^^^^^^^^^^^^^^^^^^^^^^^^^^^^^^^^^^^^^^^^^^^^^^^^^^^^^^^^^^
  File "D:\Pyth_learn\Projects\e10b01a81dadc0acd00e7b38a2da7aa3\baga\.venv\Lib\site-packages\aiogram\dispatcher\router.py", line 146, in propagate_event
    return await observer.wrap_outer_middleware(_wrapped, event=event, data=kwargs)
           ^^^^^^^^^^^^^^^^^^^^^^^^^^^^^^^^^^^^^^^^^^^^^^^^^^^^^^^^^^^^^^^^^^^^^^^^
  File "D:\Pyth_learn\Projects\e10b01a81dadc0acd00e7b38a2da7aa3\baga\.venv\Lib\site-packages\aiogram\dispatcher\router.py", line 141, in _wrapped
    return await self._propagate_event(
           ^^^^^^^^^^^^^^^^^^^^^^^^^^^^
  File "D:\Pyth_learn\Projects\e10b01a81dadc0acd00e7b38a2da7aa3\baga\.venv\Lib\site-packages\aiogram\dispatcher\router.py", line 166, in _propagate_event
    response = await observer.trigger(event, **kwargs)
               ^^^^^^^^^^^^^^^^^^^^^^^^^^^^^^^^^^^^^^^
  File "D:\Pyth_learn\Projects\e10b01a81dadc0acd00e7b38a2da7aa3\baga\.venv\Lib\site-packages\aiogram\dispatcher\event\telegram.py", line 121, in trigger
    return await wrapped_inner(event, kwargs)
           ^^^^^^^^^^^^^^^^^^^^^^^^^^^^^^^^^^
  File "D:\Pyth_learn\Projects\e10b01a81dadc0acd00e7b38a2da7aa3\baga\app\user.py", line 66, in __call__
    return await handler(event, data)
           ^^^^^^^^^^^^^^^^^^^^^^^^^^
  File "D:\Pyth_learn\Projects\e10b01a81dadc0acd00e7b38a2da7aa3\baga\.venv\Lib\site-packages\aiogram\dispatcher\event\handler.py", line 43, in call
    return await wrapped()
           ^^^^^^^^^^^^^^^
  File "D:\Pyth_learn\Projects\e10b01a81dadc0acd00e7b38a2da7aa3\baga\app\user.py", line 350, in add_event
    reply_markup=await kb.input_template(templates))
                 ^^^^^^^^^^^^^^^^^^^^^^^^^^^^^^^^^^
  File "D:\Pyth_learn\Projects\e10b01a81dadc0acd00e7b38a2da7aa3\baga\app\keyboards.py", line 54, in input_template
    keyboard.add(InlineKeyboardButton(text=title,
                 ^^^^^^^^^^^^^^^^^^^^^^^^^^^^^^^^
  File "D:\Pyth_learn\Projects\e10b01a81dadc0acd00e7b38a2da7aa3\baga\.venv\Lib\site-packages\pydantic\main.py", line 212, in __init__
    validated_self = self.__pydantic_validator__.validate_python(data, self_instance=self)
                     ^^^^^^^^^^^^^^^^^^^^^^^^^^^^^^^^^^^^^^^^^^^^^^^^^^^^^^^^^^^^^^^^^^^^^
pydantic_core._pydantic_core.ValidationError: 1 validation error for InlineKeyboardButton
switch_inline_query_current_chat
  Input should be a valid string [type=string_type, input_value=[{'text': 'Просто тест'}], input_type=list]
    For further information visit https://errors.pydantic.dev/2.9/v/string_type
2025-04-28 20:50:18,887 - aiogram.event - ERROR - Cause exception while process update id=812799335 by bot id=6984364717
ValidationError: 1 validation error for InlineKeyboardButton
switch_inline_query_current_chat
  Input should be a valid string [type=string_type, input_value=[{'text': 'Просто тест'}], input_type=list]
    For further information visit https://errors.pydantic.dev/2.9/v/string_type
Traceback (most recent call last):
  File "D:\Pyth_learn\Projects\e10b01a81dadc0acd00e7b38a2da7aa3\baga\.venv\Lib\site-packages\aiogram\dispatcher\dispatcher.py", line 309, in _process_update
    response = await self.feed_update(bot, update, **kwargs)
               ^^^^^^^^^^^^^^^^^^^^^^^^^^^^^^^^^^^^^^^^^^^^^
  File "D:\Pyth_learn\Projects\e10b01a81dadc0acd00e7b38a2da7aa3\baga\.venv\Lib\site-packages\aiogram\dispatcher\dispatcher.py", line 158, in feed_update
    response = await self.update.wrap_outer_middleware(
               ^^^^^^^^^^^^^^^^^^^^^^^^^^^^^^^^^^^^^^^^
  File "D:\Pyth_learn\Projects\e10b01a81dadc0acd00e7b38a2da7aa3\baga\.venv\Lib\site-packages\aiogram\dispatcher\middlewares\error.py", line 25, in __call__
    return await handler(event, data)
           ^^^^^^^^^^^^^^^^^^^^^^^^^^
  File "D:\Pyth_learn\Projects\e10b01a81dadc0acd00e7b38a2da7aa3\baga\.venv\Lib\site-packages\aiogram\dispatcher\middlewares\user_context.py", line 56, in __call__
    return await handler(event, data)
           ^^^^^^^^^^^^^^^^^^^^^^^^^^
  File "D:\Pyth_learn\Projects\e10b01a81dadc0acd00e7b38a2da7aa3\baga\.venv\Lib\site-packages\aiogram\fsm\middleware.py", line 42, in __call__
    return await handler(event, data)
           ^^^^^^^^^^^^^^^^^^^^^^^^^^
  File "D:\Pyth_learn\Projects\e10b01a81dadc0acd00e7b38a2da7aa3\baga\.venv\Lib\site-packages\aiogram\dispatcher\event\telegram.py", line 121, in trigger
    return await wrapped_inner(event, kwargs)
           ^^^^^^^^^^^^^^^^^^^^^^^^^^^^^^^^^^
  File "D:\Pyth_learn\Projects\e10b01a81dadc0acd00e7b38a2da7aa3\baga\.venv\Lib\site-packages\aiogram\dispatcher\event\handler.py", line 43, in call
    return await wrapped()
           ^^^^^^^^^^^^^^^
  File "D:\Pyth_learn\Projects\e10b01a81dadc0acd00e7b38a2da7aa3\baga\.venv\Lib\site-packages\aiogram\dispatcher\dispatcher.py", line 276, in _listen_update
    return await self.propagate_event(update_type=update_type, event=event, **kwargs)
           ^^^^^^^^^^^^^^^^^^^^^^^^^^^^^^^^^^^^^^^^^^^^^^^^^^^^^^^^^^^^^^^^^^^^^^^^^^
  File "D:\Pyth_learn\Projects\e10b01a81dadc0acd00e7b38a2da7aa3\baga\.venv\Lib\site-packages\aiogram\dispatcher\router.py", line 146, in propagate_event
    return await observer.wrap_outer_middleware(_wrapped, event=event, data=kwargs)
           ^^^^^^^^^^^^^^^^^^^^^^^^^^^^^^^^^^^^^^^^^^^^^^^^^^^^^^^^^^^^^^^^^^^^^^^^
  File "D:\Pyth_learn\Projects\e10b01a81dadc0acd00e7b38a2da7aa3\baga\.venv\Lib\site-packages\aiogram\dispatcher\router.py", line 141, in _wrapped
    return await self._propagate_event(
           ^^^^^^^^^^^^^^^^^^^^^^^^^^^^
  File "D:\Pyth_learn\Projects\e10b01a81dadc0acd00e7b38a2da7aa3\baga\.venv\Lib\site-packages\aiogram\dispatcher\router.py", line 174, in _propagate_event
    response = await router.propagate_event(update_type=update_type, event=event, **kwargs)
               ^^^^^^^^^^^^^^^^^^^^^^^^^^^^^^^^^^^^^^^^^^^^^^^^^^^^^^^^^^^^^^^^^^^^^^^^^^^^
  File "D:\Pyth_learn\Projects\e10b01a81dadc0acd00e7b38a2da7aa3\baga\.venv\Lib\site-packages\aiogram\dispatcher\router.py", line 146, in propagate_event
    return await observer.wrap_outer_middleware(_wrapped, event=event, data=kwargs)
           ^^^^^^^^^^^^^^^^^^^^^^^^^^^^^^^^^^^^^^^^^^^^^^^^^^^^^^^^^^^^^^^^^^^^^^^^
  File "D:\Pyth_learn\Projects\e10b01a81dadc0acd00e7b38a2da7aa3\baga\.venv\Lib\site-packages\aiogram\dispatcher\router.py", line 141, in _wrapped
    return await self._propagate_event(
           ^^^^^^^^^^^^^^^^^^^^^^^^^^^^
  File "D:\Pyth_learn\Projects\e10b01a81dadc0acd00e7b38a2da7aa3\baga\.venv\Lib\site-packages\aiogram\dispatcher\router.py", line 166, in _propagate_event
    response = await observer.trigger(event, **kwargs)
               ^^^^^^^^^^^^^^^^^^^^^^^^^^^^^^^^^^^^^^^
  File "D:\Pyth_learn\Projects\e10b01a81dadc0acd00e7b38a2da7aa3\baga\.venv\Lib\site-packages\aiogram\dispatcher\event\telegram.py", line 121, in trigger
    return await wrapped_inner(event, kwargs)
           ^^^^^^^^^^^^^^^^^^^^^^^^^^^^^^^^^^
  File "D:\Pyth_learn\Projects\e10b01a81dadc0acd00e7b38a2da7aa3\baga\app\user.py", line 66, in __call__
    return await handler(event, data)
           ^^^^^^^^^^^^^^^^^^^^^^^^^^
  File "D:\Pyth_learn\Projects\e10b01a81dadc0acd00e7b38a2da7aa3\baga\.venv\Lib\site-packages\aiogram\dispatcher\event\handler.py", line 43, in call
    return await wrapped()
           ^^^^^^^^^^^^^^^
  File "D:\Pyth_learn\Projects\e10b01a81dadc0acd00e7b38a2da7aa3\baga\app\user.py", line 350, in add_event
    reply_markup=await kb.input_template(templates))
                 ^^^^^^^^^^^^^^^^^^^^^^^^^^^^^^^^^^
  File "D:\Pyth_learn\Projects\e10b01a81dadc0acd00e7b38a2da7aa3\baga\app\keyboards.py", line 54, in input_template
    keyboard.add(InlineKeyboardButton(text=title,
                 ^^^^^^^^^^^^^^^^^^^^^^^^^^^^^^^^
  File "D:\Pyth_learn\Projects\e10b01a81dadc0acd00e7b38a2da7aa3\baga\.venv\Lib\site-packages\pydantic\main.py", line 212, in __init__
    validated_self = self.__pydantic_validator__.validate_python(data, self_instance=self)
                     ^^^^^^^^^^^^^^^^^^^^^^^^^^^^^^^^^^^^^^^^^^^^^^^^^^^^^^^^^^^^^^^^^^^^^
pydantic_core._pydantic_core.ValidationError: 1 validation error for InlineKeyboardButton
switch_inline_query_current_chat
  Input should be a valid string [type=string_type, input_value=[{'text': 'Просто тест'}], input_type=list]
    For further information visit https://errors.pydantic.dev/2.9/v/string_type
2025-04-28 21:15:45,799 - aiogram.event - ERROR - Cause exception while process update id=812799337 by bot id=6984364717
TypeError: string indices must be integers, not 'str'
Traceback (most recent call last):
  File "D:\Pyth_learn\Projects\e10b01a81dadc0acd00e7b38a2da7aa3\baga\.venv\Lib\site-packages\aiogram\dispatcher\dispatcher.py", line 309, in _process_update
    response = await self.feed_update(bot, update, **kwargs)
               ^^^^^^^^^^^^^^^^^^^^^^^^^^^^^^^^^^^^^^^^^^^^^
  File "D:\Pyth_learn\Projects\e10b01a81dadc0acd00e7b38a2da7aa3\baga\.venv\Lib\site-packages\aiogram\dispatcher\dispatcher.py", line 158, in feed_update
    response = await self.update.wrap_outer_middleware(
               ^^^^^^^^^^^^^^^^^^^^^^^^^^^^^^^^^^^^^^^^
  File "D:\Pyth_learn\Projects\e10b01a81dadc0acd00e7b38a2da7aa3\baga\.venv\Lib\site-packages\aiogram\dispatcher\middlewares\error.py", line 25, in __call__
    return await handler(event, data)
           ^^^^^^^^^^^^^^^^^^^^^^^^^^
  File "D:\Pyth_learn\Projects\e10b01a81dadc0acd00e7b38a2da7aa3\baga\.venv\Lib\site-packages\aiogram\dispatcher\middlewares\user_context.py", line 56, in __call__
    return await handler(event, data)
           ^^^^^^^^^^^^^^^^^^^^^^^^^^
  File "D:\Pyth_learn\Projects\e10b01a81dadc0acd00e7b38a2da7aa3\baga\.venv\Lib\site-packages\aiogram\fsm\middleware.py", line 42, in __call__
    return await handler(event, data)
           ^^^^^^^^^^^^^^^^^^^^^^^^^^
  File "D:\Pyth_learn\Projects\e10b01a81dadc0acd00e7b38a2da7aa3\baga\.venv\Lib\site-packages\aiogram\dispatcher\event\telegram.py", line 121, in trigger
    return await wrapped_inner(event, kwargs)
           ^^^^^^^^^^^^^^^^^^^^^^^^^^^^^^^^^^
  File "D:\Pyth_learn\Projects\e10b01a81dadc0acd00e7b38a2da7aa3\baga\.venv\Lib\site-packages\aiogram\dispatcher\event\handler.py", line 43, in call
    return await wrapped()
           ^^^^^^^^^^^^^^^
  File "D:\Pyth_learn\Projects\e10b01a81dadc0acd00e7b38a2da7aa3\baga\.venv\Lib\site-packages\aiogram\dispatcher\dispatcher.py", line 276, in _listen_update
    return await self.propagate_event(update_type=update_type, event=event, **kwargs)
           ^^^^^^^^^^^^^^^^^^^^^^^^^^^^^^^^^^^^^^^^^^^^^^^^^^^^^^^^^^^^^^^^^^^^^^^^^^
  File "D:\Pyth_learn\Projects\e10b01a81dadc0acd00e7b38a2da7aa3\baga\.venv\Lib\site-packages\aiogram\dispatcher\router.py", line 146, in propagate_event
    return await observer.wrap_outer_middleware(_wrapped, event=event, data=kwargs)
           ^^^^^^^^^^^^^^^^^^^^^^^^^^^^^^^^^^^^^^^^^^^^^^^^^^^^^^^^^^^^^^^^^^^^^^^^
  File "D:\Pyth_learn\Projects\e10b01a81dadc0acd00e7b38a2da7aa3\baga\.venv\Lib\site-packages\aiogram\dispatcher\router.py", line 141, in _wrapped
    return await self._propagate_event(
           ^^^^^^^^^^^^^^^^^^^^^^^^^^^^
  File "D:\Pyth_learn\Projects\e10b01a81dadc0acd00e7b38a2da7aa3\baga\.venv\Lib\site-packages\aiogram\dispatcher\router.py", line 174, in _propagate_event
    response = await router.propagate_event(update_type=update_type, event=event, **kwargs)
               ^^^^^^^^^^^^^^^^^^^^^^^^^^^^^^^^^^^^^^^^^^^^^^^^^^^^^^^^^^^^^^^^^^^^^^^^^^^^
  File "D:\Pyth_learn\Projects\e10b01a81dadc0acd00e7b38a2da7aa3\baga\.venv\Lib\site-packages\aiogram\dispatcher\router.py", line 146, in propagate_event
    return await observer.wrap_outer_middleware(_wrapped, event=event, data=kwargs)
           ^^^^^^^^^^^^^^^^^^^^^^^^^^^^^^^^^^^^^^^^^^^^^^^^^^^^^^^^^^^^^^^^^^^^^^^^
  File "D:\Pyth_learn\Projects\e10b01a81dadc0acd00e7b38a2da7aa3\baga\.venv\Lib\site-packages\aiogram\dispatcher\router.py", line 141, in _wrapped
    return await self._propagate_event(
           ^^^^^^^^^^^^^^^^^^^^^^^^^^^^
  File "D:\Pyth_learn\Projects\e10b01a81dadc0acd00e7b38a2da7aa3\baga\.venv\Lib\site-packages\aiogram\dispatcher\router.py", line 166, in _propagate_event
    response = await observer.trigger(event, **kwargs)
               ^^^^^^^^^^^^^^^^^^^^^^^^^^^^^^^^^^^^^^^
  File "D:\Pyth_learn\Projects\e10b01a81dadc0acd00e7b38a2da7aa3\baga\.venv\Lib\site-packages\aiogram\dispatcher\event\telegram.py", line 121, in trigger
    return await wrapped_inner(event, kwargs)
           ^^^^^^^^^^^^^^^^^^^^^^^^^^^^^^^^^^
  File "D:\Pyth_learn\Projects\e10b01a81dadc0acd00e7b38a2da7aa3\baga\app\user.py", line 66, in __call__
    return await handler(event, data)
           ^^^^^^^^^^^^^^^^^^^^^^^^^^
  File "D:\Pyth_learn\Projects\e10b01a81dadc0acd00e7b38a2da7aa3\baga\.venv\Lib\site-packages\aiogram\dispatcher\event\handler.py", line 43, in call
    return await wrapped()
           ^^^^^^^^^^^^^^^
  File "D:\Pyth_learn\Projects\e10b01a81dadc0acd00e7b38a2da7aa3\baga\app\user.py", line 349, in add_event
    reply_markup=await kb.input_template(templates=templates))
                 ^^^^^^^^^^^^^^^^^^^^^^^^^^^^^^^^^^^^^^^^^^^^
  File "D:\Pyth_learn\Projects\e10b01a81dadc0acd00e7b38a2da7aa3\baga\app\keyboards.py", line 65, in input_template
    switch_inline_query_current_chat=item['text'],
                                     ~~~~^^^^^^^^
TypeError: string indices must be integers, not 'str'
2025-04-28 21:41:51,998 - aiogram.event - ERROR - Cause exception while process update id=812799359 by bot id=6984364717
IndexError: list index out of range
Traceback (most recent call last):
  File "D:\Pyth_learn\Projects\e10b01a81dadc0acd00e7b38a2da7aa3\baga\.venv\Lib\site-packages\aiogram\dispatcher\dispatcher.py", line 309, in _process_update
    response = await self.feed_update(bot, update, **kwargs)
               ^^^^^^^^^^^^^^^^^^^^^^^^^^^^^^^^^^^^^^^^^^^^^
  File "D:\Pyth_learn\Projects\e10b01a81dadc0acd00e7b38a2da7aa3\baga\.venv\Lib\site-packages\aiogram\dispatcher\dispatcher.py", line 158, in feed_update
    response = await self.update.wrap_outer_middleware(
               ^^^^^^^^^^^^^^^^^^^^^^^^^^^^^^^^^^^^^^^^
  File "D:\Pyth_learn\Projects\e10b01a81dadc0acd00e7b38a2da7aa3\baga\.venv\Lib\site-packages\aiogram\dispatcher\middlewares\error.py", line 25, in __call__
    return await handler(event, data)
           ^^^^^^^^^^^^^^^^^^^^^^^^^^
  File "D:\Pyth_learn\Projects\e10b01a81dadc0acd00e7b38a2da7aa3\baga\.venv\Lib\site-packages\aiogram\dispatcher\middlewares\user_context.py", line 56, in __call__
    return await handler(event, data)
           ^^^^^^^^^^^^^^^^^^^^^^^^^^
  File "D:\Pyth_learn\Projects\e10b01a81dadc0acd00e7b38a2da7aa3\baga\.venv\Lib\site-packages\aiogram\fsm\middleware.py", line 42, in __call__
    return await handler(event, data)
           ^^^^^^^^^^^^^^^^^^^^^^^^^^
  File "D:\Pyth_learn\Projects\e10b01a81dadc0acd00e7b38a2da7aa3\baga\.venv\Lib\site-packages\aiogram\dispatcher\event\telegram.py", line 121, in trigger
    return await wrapped_inner(event, kwargs)
           ^^^^^^^^^^^^^^^^^^^^^^^^^^^^^^^^^^
  File "D:\Pyth_learn\Projects\e10b01a81dadc0acd00e7b38a2da7aa3\baga\.venv\Lib\site-packages\aiogram\dispatcher\event\handler.py", line 43, in call
    return await wrapped()
           ^^^^^^^^^^^^^^^
  File "D:\Pyth_learn\Projects\e10b01a81dadc0acd00e7b38a2da7aa3\baga\.venv\Lib\site-packages\aiogram\dispatcher\dispatcher.py", line 276, in _listen_update
    return await self.propagate_event(update_type=update_type, event=event, **kwargs)
           ^^^^^^^^^^^^^^^^^^^^^^^^^^^^^^^^^^^^^^^^^^^^^^^^^^^^^^^^^^^^^^^^^^^^^^^^^^
  File "D:\Pyth_learn\Projects\e10b01a81dadc0acd00e7b38a2da7aa3\baga\.venv\Lib\site-packages\aiogram\dispatcher\router.py", line 146, in propagate_event
    return await observer.wrap_outer_middleware(_wrapped, event=event, data=kwargs)
           ^^^^^^^^^^^^^^^^^^^^^^^^^^^^^^^^^^^^^^^^^^^^^^^^^^^^^^^^^^^^^^^^^^^^^^^^
  File "D:\Pyth_learn\Projects\e10b01a81dadc0acd00e7b38a2da7aa3\baga\.venv\Lib\site-packages\aiogram\dispatcher\router.py", line 141, in _wrapped
    return await self._propagate_event(
           ^^^^^^^^^^^^^^^^^^^^^^^^^^^^
  File "D:\Pyth_learn\Projects\e10b01a81dadc0acd00e7b38a2da7aa3\baga\.venv\Lib\site-packages\aiogram\dispatcher\router.py", line 174, in _propagate_event
    response = await router.propagate_event(update_type=update_type, event=event, **kwargs)
               ^^^^^^^^^^^^^^^^^^^^^^^^^^^^^^^^^^^^^^^^^^^^^^^^^^^^^^^^^^^^^^^^^^^^^^^^^^^^
  File "D:\Pyth_learn\Projects\e10b01a81dadc0acd00e7b38a2da7aa3\baga\.venv\Lib\site-packages\aiogram\dispatcher\router.py", line 146, in propagate_event
    return await observer.wrap_outer_middleware(_wrapped, event=event, data=kwargs)
           ^^^^^^^^^^^^^^^^^^^^^^^^^^^^^^^^^^^^^^^^^^^^^^^^^^^^^^^^^^^^^^^^^^^^^^^^
  File "D:\Pyth_learn\Projects\e10b01a81dadc0acd00e7b38a2da7aa3\baga\.venv\Lib\site-packages\aiogram\dispatcher\router.py", line 141, in _wrapped
    return await self._propagate_event(
           ^^^^^^^^^^^^^^^^^^^^^^^^^^^^
  File "D:\Pyth_learn\Projects\e10b01a81dadc0acd00e7b38a2da7aa3\baga\.venv\Lib\site-packages\aiogram\dispatcher\router.py", line 166, in _propagate_event
    response = await observer.trigger(event, **kwargs)
               ^^^^^^^^^^^^^^^^^^^^^^^^^^^^^^^^^^^^^^^
  File "D:\Pyth_learn\Projects\e10b01a81dadc0acd00e7b38a2da7aa3\baga\.venv\Lib\site-packages\aiogram\dispatcher\event\telegram.py", line 121, in trigger
    return await wrapped_inner(event, kwargs)
           ^^^^^^^^^^^^^^^^^^^^^^^^^^^^^^^^^^
  File "D:\Pyth_learn\Projects\e10b01a81dadc0acd00e7b38a2da7aa3\baga\app\user.py", line 66, in __call__
    return await handler(event, data)
           ^^^^^^^^^^^^^^^^^^^^^^^^^^
  File "D:\Pyth_learn\Projects\e10b01a81dadc0acd00e7b38a2da7aa3\baga\.venv\Lib\site-packages\aiogram\dispatcher\event\handler.py", line 43, in call
    return await wrapped()
           ^^^^^^^^^^^^^^^
  File "D:\Pyth_learn\Projects\e10b01a81dadc0acd00e7b38a2da7aa3\baga\app\user.py", line 349, in add_event
    reply_markup=await kb.input_template(templates=templates))
                 ^^^^^^^^^^^^^^^^^^^^^^^^^^^^^^^^^^^^^^^^^^^^
  File "D:\Pyth_learn\Projects\e10b01a81dadc0acd00e7b38a2da7aa3\baga\app\keyboards.py", line 62, in input_template
    title += f"{item.split(':')[1].strip()}; "
                ~~~~~~~~~~~~~~~^^^
IndexError: list index out of range
2025-04-28 21:47:22,232 - aiogram.event - ERROR - Cause exception while process update id=812799361 by bot id=6984364717
TypeError: 'NoneType' object is not iterable
Traceback (most recent call last):
  File "D:\Pyth_learn\Projects\e10b01a81dadc0acd00e7b38a2da7aa3\baga\.venv\Lib\site-packages\aiogram\dispatcher\dispatcher.py", line 309, in _process_update
    response = await self.feed_update(bot, update, **kwargs)
               ^^^^^^^^^^^^^^^^^^^^^^^^^^^^^^^^^^^^^^^^^^^^^
  File "D:\Pyth_learn\Projects\e10b01a81dadc0acd00e7b38a2da7aa3\baga\.venv\Lib\site-packages\aiogram\dispatcher\dispatcher.py", line 158, in feed_update
    response = await self.update.wrap_outer_middleware(
               ^^^^^^^^^^^^^^^^^^^^^^^^^^^^^^^^^^^^^^^^
  File "D:\Pyth_learn\Projects\e10b01a81dadc0acd00e7b38a2da7aa3\baga\.venv\Lib\site-packages\aiogram\dispatcher\middlewares\error.py", line 25, in __call__
    return await handler(event, data)
           ^^^^^^^^^^^^^^^^^^^^^^^^^^
  File "D:\Pyth_learn\Projects\e10b01a81dadc0acd00e7b38a2da7aa3\baga\.venv\Lib\site-packages\aiogram\dispatcher\middlewares\user_context.py", line 56, in __call__
    return await handler(event, data)
           ^^^^^^^^^^^^^^^^^^^^^^^^^^
  File "D:\Pyth_learn\Projects\e10b01a81dadc0acd00e7b38a2da7aa3\baga\.venv\Lib\site-packages\aiogram\fsm\middleware.py", line 42, in __call__
    return await handler(event, data)
           ^^^^^^^^^^^^^^^^^^^^^^^^^^
  File "D:\Pyth_learn\Projects\e10b01a81dadc0acd00e7b38a2da7aa3\baga\.venv\Lib\site-packages\aiogram\dispatcher\event\telegram.py", line 121, in trigger
    return await wrapped_inner(event, kwargs)
           ^^^^^^^^^^^^^^^^^^^^^^^^^^^^^^^^^^
  File "D:\Pyth_learn\Projects\e10b01a81dadc0acd00e7b38a2da7aa3\baga\.venv\Lib\site-packages\aiogram\dispatcher\event\handler.py", line 43, in call
    return await wrapped()
           ^^^^^^^^^^^^^^^
  File "D:\Pyth_learn\Projects\e10b01a81dadc0acd00e7b38a2da7aa3\baga\.venv\Lib\site-packages\aiogram\dispatcher\dispatcher.py", line 276, in _listen_update
    return await self.propagate_event(update_type=update_type, event=event, **kwargs)
           ^^^^^^^^^^^^^^^^^^^^^^^^^^^^^^^^^^^^^^^^^^^^^^^^^^^^^^^^^^^^^^^^^^^^^^^^^^
  File "D:\Pyth_learn\Projects\e10b01a81dadc0acd00e7b38a2da7aa3\baga\.venv\Lib\site-packages\aiogram\dispatcher\router.py", line 146, in propagate_event
    return await observer.wrap_outer_middleware(_wrapped, event=event, data=kwargs)
           ^^^^^^^^^^^^^^^^^^^^^^^^^^^^^^^^^^^^^^^^^^^^^^^^^^^^^^^^^^^^^^^^^^^^^^^^
  File "D:\Pyth_learn\Projects\e10b01a81dadc0acd00e7b38a2da7aa3\baga\.venv\Lib\site-packages\aiogram\dispatcher\router.py", line 141, in _wrapped
    return await self._propagate_event(
           ^^^^^^^^^^^^^^^^^^^^^^^^^^^^
  File "D:\Pyth_learn\Projects\e10b01a81dadc0acd00e7b38a2da7aa3\baga\.venv\Lib\site-packages\aiogram\dispatcher\router.py", line 174, in _propagate_event
    response = await router.propagate_event(update_type=update_type, event=event, **kwargs)
               ^^^^^^^^^^^^^^^^^^^^^^^^^^^^^^^^^^^^^^^^^^^^^^^^^^^^^^^^^^^^^^^^^^^^^^^^^^^^
  File "D:\Pyth_learn\Projects\e10b01a81dadc0acd00e7b38a2da7aa3\baga\.venv\Lib\site-packages\aiogram\dispatcher\router.py", line 146, in propagate_event
    return await observer.wrap_outer_middleware(_wrapped, event=event, data=kwargs)
           ^^^^^^^^^^^^^^^^^^^^^^^^^^^^^^^^^^^^^^^^^^^^^^^^^^^^^^^^^^^^^^^^^^^^^^^^
  File "D:\Pyth_learn\Projects\e10b01a81dadc0acd00e7b38a2da7aa3\baga\.venv\Lib\site-packages\aiogram\dispatcher\router.py", line 141, in _wrapped
    return await self._propagate_event(
           ^^^^^^^^^^^^^^^^^^^^^^^^^^^^
  File "D:\Pyth_learn\Projects\e10b01a81dadc0acd00e7b38a2da7aa3\baga\.venv\Lib\site-packages\aiogram\dispatcher\router.py", line 166, in _propagate_event
    response = await observer.trigger(event, **kwargs)
               ^^^^^^^^^^^^^^^^^^^^^^^^^^^^^^^^^^^^^^^
  File "D:\Pyth_learn\Projects\e10b01a81dadc0acd00e7b38a2da7aa3\baga\.venv\Lib\site-packages\aiogram\dispatcher\event\telegram.py", line 121, in trigger
    return await wrapped_inner(event, kwargs)
           ^^^^^^^^^^^^^^^^^^^^^^^^^^^^^^^^^^
  File "D:\Pyth_learn\Projects\e10b01a81dadc0acd00e7b38a2da7aa3\baga\app\user.py", line 66, in __call__
    return await handler(event, data)
           ^^^^^^^^^^^^^^^^^^^^^^^^^^
  File "D:\Pyth_learn\Projects\e10b01a81dadc0acd00e7b38a2da7aa3\baga\.venv\Lib\site-packages\aiogram\dispatcher\event\handler.py", line 43, in call
    return await wrapped()
           ^^^^^^^^^^^^^^^
  File "D:\Pyth_learn\Projects\e10b01a81dadc0acd00e7b38a2da7aa3\baga\app\user.py", line 391, in input_template
    reply_markup=await kb.input_template(save=True))
                 ^^^^^^^^^^^^^^^^^^^^^^^^^^^^^^^^^^
  File "D:\Pyth_learn\Projects\e10b01a81dadc0acd00e7b38a2da7aa3\baga\app\keyboards.py", line 58, in input_template
    for dct in templates:
TypeError: 'NoneType' object is not iterable
2025-04-28 21:48:02,944 - aiogram.event - ERROR - Cause exception while process update id=812799363 by bot id=6984364717
TypeError: 'NoneType' object is not iterable
Traceback (most recent call last):
  File "D:\Pyth_learn\Projects\e10b01a81dadc0acd00e7b38a2da7aa3\baga\.venv\Lib\site-packages\aiogram\dispatcher\dispatcher.py", line 309, in _process_update
    response = await self.feed_update(bot, update, **kwargs)
               ^^^^^^^^^^^^^^^^^^^^^^^^^^^^^^^^^^^^^^^^^^^^^
  File "D:\Pyth_learn\Projects\e10b01a81dadc0acd00e7b38a2da7aa3\baga\.venv\Lib\site-packages\aiogram\dispatcher\dispatcher.py", line 158, in feed_update
    response = await self.update.wrap_outer_middleware(
               ^^^^^^^^^^^^^^^^^^^^^^^^^^^^^^^^^^^^^^^^
  File "D:\Pyth_learn\Projects\e10b01a81dadc0acd00e7b38a2da7aa3\baga\.venv\Lib\site-packages\aiogram\dispatcher\middlewares\error.py", line 25, in __call__
    return await handler(event, data)
           ^^^^^^^^^^^^^^^^^^^^^^^^^^
  File "D:\Pyth_learn\Projects\e10b01a81dadc0acd00e7b38a2da7aa3\baga\.venv\Lib\site-packages\aiogram\dispatcher\middlewares\user_context.py", line 56, in __call__
    return await handler(event, data)
           ^^^^^^^^^^^^^^^^^^^^^^^^^^
  File "D:\Pyth_learn\Projects\e10b01a81dadc0acd00e7b38a2da7aa3\baga\.venv\Lib\site-packages\aiogram\fsm\middleware.py", line 42, in __call__
    return await handler(event, data)
           ^^^^^^^^^^^^^^^^^^^^^^^^^^
  File "D:\Pyth_learn\Projects\e10b01a81dadc0acd00e7b38a2da7aa3\baga\.venv\Lib\site-packages\aiogram\dispatcher\event\telegram.py", line 121, in trigger
    return await wrapped_inner(event, kwargs)
           ^^^^^^^^^^^^^^^^^^^^^^^^^^^^^^^^^^
  File "D:\Pyth_learn\Projects\e10b01a81dadc0acd00e7b38a2da7aa3\baga\.venv\Lib\site-packages\aiogram\dispatcher\event\handler.py", line 43, in call
    return await wrapped()
           ^^^^^^^^^^^^^^^
  File "D:\Pyth_learn\Projects\e10b01a81dadc0acd00e7b38a2da7aa3\baga\.venv\Lib\site-packages\aiogram\dispatcher\dispatcher.py", line 276, in _listen_update
    return await self.propagate_event(update_type=update_type, event=event, **kwargs)
           ^^^^^^^^^^^^^^^^^^^^^^^^^^^^^^^^^^^^^^^^^^^^^^^^^^^^^^^^^^^^^^^^^^^^^^^^^^
  File "D:\Pyth_learn\Projects\e10b01a81dadc0acd00e7b38a2da7aa3\baga\.venv\Lib\site-packages\aiogram\dispatcher\router.py", line 146, in propagate_event
    return await observer.wrap_outer_middleware(_wrapped, event=event, data=kwargs)
           ^^^^^^^^^^^^^^^^^^^^^^^^^^^^^^^^^^^^^^^^^^^^^^^^^^^^^^^^^^^^^^^^^^^^^^^^
  File "D:\Pyth_learn\Projects\e10b01a81dadc0acd00e7b38a2da7aa3\baga\.venv\Lib\site-packages\aiogram\dispatcher\router.py", line 141, in _wrapped
    return await self._propagate_event(
           ^^^^^^^^^^^^^^^^^^^^^^^^^^^^
  File "D:\Pyth_learn\Projects\e10b01a81dadc0acd00e7b38a2da7aa3\baga\.venv\Lib\site-packages\aiogram\dispatcher\router.py", line 174, in _propagate_event
    response = await router.propagate_event(update_type=update_type, event=event, **kwargs)
               ^^^^^^^^^^^^^^^^^^^^^^^^^^^^^^^^^^^^^^^^^^^^^^^^^^^^^^^^^^^^^^^^^^^^^^^^^^^^
  File "D:\Pyth_learn\Projects\e10b01a81dadc0acd00e7b38a2da7aa3\baga\.venv\Lib\site-packages\aiogram\dispatcher\router.py", line 146, in propagate_event
    return await observer.wrap_outer_middleware(_wrapped, event=event, data=kwargs)
           ^^^^^^^^^^^^^^^^^^^^^^^^^^^^^^^^^^^^^^^^^^^^^^^^^^^^^^^^^^^^^^^^^^^^^^^^
  File "D:\Pyth_learn\Projects\e10b01a81dadc0acd00e7b38a2da7aa3\baga\.venv\Lib\site-packages\aiogram\dispatcher\router.py", line 141, in _wrapped
    return await self._propagate_event(
           ^^^^^^^^^^^^^^^^^^^^^^^^^^^^
  File "D:\Pyth_learn\Projects\e10b01a81dadc0acd00e7b38a2da7aa3\baga\.venv\Lib\site-packages\aiogram\dispatcher\router.py", line 166, in _propagate_event
    response = await observer.trigger(event, **kwargs)
               ^^^^^^^^^^^^^^^^^^^^^^^^^^^^^^^^^^^^^^^
  File "D:\Pyth_learn\Projects\e10b01a81dadc0acd00e7b38a2da7aa3\baga\.venv\Lib\site-packages\aiogram\dispatcher\event\telegram.py", line 121, in trigger
    return await wrapped_inner(event, kwargs)
           ^^^^^^^^^^^^^^^^^^^^^^^^^^^^^^^^^^
  File "D:\Pyth_learn\Projects\e10b01a81dadc0acd00e7b38a2da7aa3\baga\app\user.py", line 66, in __call__
    return await handler(event, data)
           ^^^^^^^^^^^^^^^^^^^^^^^^^^
  File "D:\Pyth_learn\Projects\e10b01a81dadc0acd00e7b38a2da7aa3\baga\.venv\Lib\site-packages\aiogram\dispatcher\event\handler.py", line 43, in call
    return await wrapped()
           ^^^^^^^^^^^^^^^
  File "D:\Pyth_learn\Projects\e10b01a81dadc0acd00e7b38a2da7aa3\baga\app\user.py", line 391, in input_template
    reply_markup=await kb.input_template(save=True))
                 ^^^^^^^^^^^^^^^^^^^^^^^^^^^^^^^^^^
  File "D:\Pyth_learn\Projects\e10b01a81dadc0acd00e7b38a2da7aa3\baga\app\keyboards.py", line 58, in input_template
    for dct in templates:
TypeError: 'NoneType' object is not iterable
2025-04-28 21:48:19,352 - aiogram.event - ERROR - Cause exception while process update id=812799365 by bot id=6984364717
TypeError: 'NoneType' object is not iterable
Traceback (most recent call last):
  File "D:\Pyth_learn\Projects\e10b01a81dadc0acd00e7b38a2da7aa3\baga\.venv\Lib\site-packages\aiogram\dispatcher\dispatcher.py", line 309, in _process_update
    response = await self.feed_update(bot, update, **kwargs)
               ^^^^^^^^^^^^^^^^^^^^^^^^^^^^^^^^^^^^^^^^^^^^^
  File "D:\Pyth_learn\Projects\e10b01a81dadc0acd00e7b38a2da7aa3\baga\.venv\Lib\site-packages\aiogram\dispatcher\dispatcher.py", line 158, in feed_update
    response = await self.update.wrap_outer_middleware(
               ^^^^^^^^^^^^^^^^^^^^^^^^^^^^^^^^^^^^^^^^
  File "D:\Pyth_learn\Projects\e10b01a81dadc0acd00e7b38a2da7aa3\baga\.venv\Lib\site-packages\aiogram\dispatcher\middlewares\error.py", line 25, in __call__
    return await handler(event, data)
           ^^^^^^^^^^^^^^^^^^^^^^^^^^
  File "D:\Pyth_learn\Projects\e10b01a81dadc0acd00e7b38a2da7aa3\baga\.venv\Lib\site-packages\aiogram\dispatcher\middlewares\user_context.py", line 56, in __call__
    return await handler(event, data)
           ^^^^^^^^^^^^^^^^^^^^^^^^^^
  File "D:\Pyth_learn\Projects\e10b01a81dadc0acd00e7b38a2da7aa3\baga\.venv\Lib\site-packages\aiogram\fsm\middleware.py", line 42, in __call__
    return await handler(event, data)
           ^^^^^^^^^^^^^^^^^^^^^^^^^^
  File "D:\Pyth_learn\Projects\e10b01a81dadc0acd00e7b38a2da7aa3\baga\.venv\Lib\site-packages\aiogram\dispatcher\event\telegram.py", line 121, in trigger
    return await wrapped_inner(event, kwargs)
           ^^^^^^^^^^^^^^^^^^^^^^^^^^^^^^^^^^
  File "D:\Pyth_learn\Projects\e10b01a81dadc0acd00e7b38a2da7aa3\baga\.venv\Lib\site-packages\aiogram\dispatcher\event\handler.py", line 43, in call
    return await wrapped()
           ^^^^^^^^^^^^^^^
  File "D:\Pyth_learn\Projects\e10b01a81dadc0acd00e7b38a2da7aa3\baga\.venv\Lib\site-packages\aiogram\dispatcher\dispatcher.py", line 276, in _listen_update
    return await self.propagate_event(update_type=update_type, event=event, **kwargs)
           ^^^^^^^^^^^^^^^^^^^^^^^^^^^^^^^^^^^^^^^^^^^^^^^^^^^^^^^^^^^^^^^^^^^^^^^^^^
  File "D:\Pyth_learn\Projects\e10b01a81dadc0acd00e7b38a2da7aa3\baga\.venv\Lib\site-packages\aiogram\dispatcher\router.py", line 146, in propagate_event
    return await observer.wrap_outer_middleware(_wrapped, event=event, data=kwargs)
           ^^^^^^^^^^^^^^^^^^^^^^^^^^^^^^^^^^^^^^^^^^^^^^^^^^^^^^^^^^^^^^^^^^^^^^^^
  File "D:\Pyth_learn\Projects\e10b01a81dadc0acd00e7b38a2da7aa3\baga\.venv\Lib\site-packages\aiogram\dispatcher\router.py", line 141, in _wrapped
    return await self._propagate_event(
           ^^^^^^^^^^^^^^^^^^^^^^^^^^^^
  File "D:\Pyth_learn\Projects\e10b01a81dadc0acd00e7b38a2da7aa3\baga\.venv\Lib\site-packages\aiogram\dispatcher\router.py", line 174, in _propagate_event
    response = await router.propagate_event(update_type=update_type, event=event, **kwargs)
               ^^^^^^^^^^^^^^^^^^^^^^^^^^^^^^^^^^^^^^^^^^^^^^^^^^^^^^^^^^^^^^^^^^^^^^^^^^^^
  File "D:\Pyth_learn\Projects\e10b01a81dadc0acd00e7b38a2da7aa3\baga\.venv\Lib\site-packages\aiogram\dispatcher\router.py", line 146, in propagate_event
    return await observer.wrap_outer_middleware(_wrapped, event=event, data=kwargs)
           ^^^^^^^^^^^^^^^^^^^^^^^^^^^^^^^^^^^^^^^^^^^^^^^^^^^^^^^^^^^^^^^^^^^^^^^^
  File "D:\Pyth_learn\Projects\e10b01a81dadc0acd00e7b38a2da7aa3\baga\.venv\Lib\site-packages\aiogram\dispatcher\router.py", line 141, in _wrapped
    return await self._propagate_event(
           ^^^^^^^^^^^^^^^^^^^^^^^^^^^^
  File "D:\Pyth_learn\Projects\e10b01a81dadc0acd00e7b38a2da7aa3\baga\.venv\Lib\site-packages\aiogram\dispatcher\router.py", line 166, in _propagate_event
    response = await observer.trigger(event, **kwargs)
               ^^^^^^^^^^^^^^^^^^^^^^^^^^^^^^^^^^^^^^^
  File "D:\Pyth_learn\Projects\e10b01a81dadc0acd00e7b38a2da7aa3\baga\.venv\Lib\site-packages\aiogram\dispatcher\event\telegram.py", line 121, in trigger
    return await wrapped_inner(event, kwargs)
           ^^^^^^^^^^^^^^^^^^^^^^^^^^^^^^^^^^
  File "D:\Pyth_learn\Projects\e10b01a81dadc0acd00e7b38a2da7aa3\baga\app\user.py", line 66, in __call__
    return await handler(event, data)
           ^^^^^^^^^^^^^^^^^^^^^^^^^^
  File "D:\Pyth_learn\Projects\e10b01a81dadc0acd00e7b38a2da7aa3\baga\.venv\Lib\site-packages\aiogram\dispatcher\event\handler.py", line 43, in call
    return await wrapped()
           ^^^^^^^^^^^^^^^
  File "D:\Pyth_learn\Projects\e10b01a81dadc0acd00e7b38a2da7aa3\baga\app\user.py", line 391, in input_template
    reply_markup=await kb.input_template(save=True))
                 ^^^^^^^^^^^^^^^^^^^^^^^^^^^^^^^^^^
  File "D:\Pyth_learn\Projects\e10b01a81dadc0acd00e7b38a2da7aa3\baga\app\keyboards.py", line 58, in input_template
    for dct in templates:
TypeError: 'NoneType' object is not iterable
2025-04-28 21:49:01,248 - aiogram.event - ERROR - Cause exception while process update id=812799367 by bot id=6984364717
TypeError: 'NoneType' object is not iterable
Traceback (most recent call last):
  File "D:\Pyth_learn\Projects\e10b01a81dadc0acd00e7b38a2da7aa3\baga\.venv\Lib\site-packages\aiogram\dispatcher\dispatcher.py", line 309, in _process_update
    response = await self.feed_update(bot, update, **kwargs)
               ^^^^^^^^^^^^^^^^^^^^^^^^^^^^^^^^^^^^^^^^^^^^^
  File "D:\Pyth_learn\Projects\e10b01a81dadc0acd00e7b38a2da7aa3\baga\.venv\Lib\site-packages\aiogram\dispatcher\dispatcher.py", line 158, in feed_update
    response = await self.update.wrap_outer_middleware(
               ^^^^^^^^^^^^^^^^^^^^^^^^^^^^^^^^^^^^^^^^
  File "D:\Pyth_learn\Projects\e10b01a81dadc0acd00e7b38a2da7aa3\baga\.venv\Lib\site-packages\aiogram\dispatcher\middlewares\error.py", line 25, in __call__
    return await handler(event, data)
           ^^^^^^^^^^^^^^^^^^^^^^^^^^
  File "D:\Pyth_learn\Projects\e10b01a81dadc0acd00e7b38a2da7aa3\baga\.venv\Lib\site-packages\aiogram\dispatcher\middlewares\user_context.py", line 56, in __call__
    return await handler(event, data)
           ^^^^^^^^^^^^^^^^^^^^^^^^^^
  File "D:\Pyth_learn\Projects\e10b01a81dadc0acd00e7b38a2da7aa3\baga\.venv\Lib\site-packages\aiogram\fsm\middleware.py", line 42, in __call__
    return await handler(event, data)
           ^^^^^^^^^^^^^^^^^^^^^^^^^^
  File "D:\Pyth_learn\Projects\e10b01a81dadc0acd00e7b38a2da7aa3\baga\.venv\Lib\site-packages\aiogram\dispatcher\event\telegram.py", line 121, in trigger
    return await wrapped_inner(event, kwargs)
           ^^^^^^^^^^^^^^^^^^^^^^^^^^^^^^^^^^
  File "D:\Pyth_learn\Projects\e10b01a81dadc0acd00e7b38a2da7aa3\baga\.venv\Lib\site-packages\aiogram\dispatcher\event\handler.py", line 43, in call
    return await wrapped()
           ^^^^^^^^^^^^^^^
  File "D:\Pyth_learn\Projects\e10b01a81dadc0acd00e7b38a2da7aa3\baga\.venv\Lib\site-packages\aiogram\dispatcher\dispatcher.py", line 276, in _listen_update
    return await self.propagate_event(update_type=update_type, event=event, **kwargs)
           ^^^^^^^^^^^^^^^^^^^^^^^^^^^^^^^^^^^^^^^^^^^^^^^^^^^^^^^^^^^^^^^^^^^^^^^^^^
  File "D:\Pyth_learn\Projects\e10b01a81dadc0acd00e7b38a2da7aa3\baga\.venv\Lib\site-packages\aiogram\dispatcher\router.py", line 146, in propagate_event
    return await observer.wrap_outer_middleware(_wrapped, event=event, data=kwargs)
           ^^^^^^^^^^^^^^^^^^^^^^^^^^^^^^^^^^^^^^^^^^^^^^^^^^^^^^^^^^^^^^^^^^^^^^^^
  File "D:\Pyth_learn\Projects\e10b01a81dadc0acd00e7b38a2da7aa3\baga\.venv\Lib\site-packages\aiogram\dispatcher\router.py", line 141, in _wrapped
    return await self._propagate_event(
           ^^^^^^^^^^^^^^^^^^^^^^^^^^^^
  File "D:\Pyth_learn\Projects\e10b01a81dadc0acd00e7b38a2da7aa3\baga\.venv\Lib\site-packages\aiogram\dispatcher\router.py", line 174, in _propagate_event
    response = await router.propagate_event(update_type=update_type, event=event, **kwargs)
               ^^^^^^^^^^^^^^^^^^^^^^^^^^^^^^^^^^^^^^^^^^^^^^^^^^^^^^^^^^^^^^^^^^^^^^^^^^^^
  File "D:\Pyth_learn\Projects\e10b01a81dadc0acd00e7b38a2da7aa3\baga\.venv\Lib\site-packages\aiogram\dispatcher\router.py", line 146, in propagate_event
    return await observer.wrap_outer_middleware(_wrapped, event=event, data=kwargs)
           ^^^^^^^^^^^^^^^^^^^^^^^^^^^^^^^^^^^^^^^^^^^^^^^^^^^^^^^^^^^^^^^^^^^^^^^^
  File "D:\Pyth_learn\Projects\e10b01a81dadc0acd00e7b38a2da7aa3\baga\.venv\Lib\site-packages\aiogram\dispatcher\router.py", line 141, in _wrapped
    return await self._propagate_event(
           ^^^^^^^^^^^^^^^^^^^^^^^^^^^^
  File "D:\Pyth_learn\Projects\e10b01a81dadc0acd00e7b38a2da7aa3\baga\.venv\Lib\site-packages\aiogram\dispatcher\router.py", line 166, in _propagate_event
    response = await observer.trigger(event, **kwargs)
               ^^^^^^^^^^^^^^^^^^^^^^^^^^^^^^^^^^^^^^^
  File "D:\Pyth_learn\Projects\e10b01a81dadc0acd00e7b38a2da7aa3\baga\.venv\Lib\site-packages\aiogram\dispatcher\event\telegram.py", line 121, in trigger
    return await wrapped_inner(event, kwargs)
           ^^^^^^^^^^^^^^^^^^^^^^^^^^^^^^^^^^
  File "D:\Pyth_learn\Projects\e10b01a81dadc0acd00e7b38a2da7aa3\baga\app\user.py", line 66, in __call__
    return await handler(event, data)
           ^^^^^^^^^^^^^^^^^^^^^^^^^^
  File "D:\Pyth_learn\Projects\e10b01a81dadc0acd00e7b38a2da7aa3\baga\.venv\Lib\site-packages\aiogram\dispatcher\event\handler.py", line 43, in call
    return await wrapped()
           ^^^^^^^^^^^^^^^
  File "D:\Pyth_learn\Projects\e10b01a81dadc0acd00e7b38a2da7aa3\baga\app\user.py", line 391, in input_template
    reply_markup=await kb.input_template(save=True))
                 ^^^^^^^^^^^^^^^^^^^^^^^^^^^^^^^^^^
  File "D:\Pyth_learn\Projects\e10b01a81dadc0acd00e7b38a2da7aa3\baga\app\keyboards.py", line 58, in input_template
    for dct in templates:
TypeError: 'NoneType' object is not iterable
2025-04-28 22:02:21,358 - aiogram.event - ERROR - Cause exception while process update id=812799375 by bot id=6984364717
IndexError: list index out of range
Traceback (most recent call last):
  File "D:\Pyth_learn\Projects\e10b01a81dadc0acd00e7b38a2da7aa3\baga\.venv\Lib\site-packages\aiogram\dispatcher\dispatcher.py", line 309, in _process_update
    response = await self.feed_update(bot, update, **kwargs)
               ^^^^^^^^^^^^^^^^^^^^^^^^^^^^^^^^^^^^^^^^^^^^^
  File "D:\Pyth_learn\Projects\e10b01a81dadc0acd00e7b38a2da7aa3\baga\.venv\Lib\site-packages\aiogram\dispatcher\dispatcher.py", line 158, in feed_update
    response = await self.update.wrap_outer_middleware(
               ^^^^^^^^^^^^^^^^^^^^^^^^^^^^^^^^^^^^^^^^
  File "D:\Pyth_learn\Projects\e10b01a81dadc0acd00e7b38a2da7aa3\baga\.venv\Lib\site-packages\aiogram\dispatcher\middlewares\error.py", line 25, in __call__
    return await handler(event, data)
           ^^^^^^^^^^^^^^^^^^^^^^^^^^
  File "D:\Pyth_learn\Projects\e10b01a81dadc0acd00e7b38a2da7aa3\baga\.venv\Lib\site-packages\aiogram\dispatcher\middlewares\user_context.py", line 56, in __call__
    return await handler(event, data)
           ^^^^^^^^^^^^^^^^^^^^^^^^^^
  File "D:\Pyth_learn\Projects\e10b01a81dadc0acd00e7b38a2da7aa3\baga\.venv\Lib\site-packages\aiogram\fsm\middleware.py", line 42, in __call__
    return await handler(event, data)
           ^^^^^^^^^^^^^^^^^^^^^^^^^^
  File "D:\Pyth_learn\Projects\e10b01a81dadc0acd00e7b38a2da7aa3\baga\.venv\Lib\site-packages\aiogram\dispatcher\event\telegram.py", line 121, in trigger
    return await wrapped_inner(event, kwargs)
           ^^^^^^^^^^^^^^^^^^^^^^^^^^^^^^^^^^
  File "D:\Pyth_learn\Projects\e10b01a81dadc0acd00e7b38a2da7aa3\baga\.venv\Lib\site-packages\aiogram\dispatcher\event\handler.py", line 43, in call
    return await wrapped()
           ^^^^^^^^^^^^^^^
  File "D:\Pyth_learn\Projects\e10b01a81dadc0acd00e7b38a2da7aa3\baga\.venv\Lib\site-packages\aiogram\dispatcher\dispatcher.py", line 276, in _listen_update
    return await self.propagate_event(update_type=update_type, event=event, **kwargs)
           ^^^^^^^^^^^^^^^^^^^^^^^^^^^^^^^^^^^^^^^^^^^^^^^^^^^^^^^^^^^^^^^^^^^^^^^^^^
  File "D:\Pyth_learn\Projects\e10b01a81dadc0acd00e7b38a2da7aa3\baga\.venv\Lib\site-packages\aiogram\dispatcher\router.py", line 146, in propagate_event
    return await observer.wrap_outer_middleware(_wrapped, event=event, data=kwargs)
           ^^^^^^^^^^^^^^^^^^^^^^^^^^^^^^^^^^^^^^^^^^^^^^^^^^^^^^^^^^^^^^^^^^^^^^^^
  File "D:\Pyth_learn\Projects\e10b01a81dadc0acd00e7b38a2da7aa3\baga\.venv\Lib\site-packages\aiogram\dispatcher\router.py", line 141, in _wrapped
    return await self._propagate_event(
           ^^^^^^^^^^^^^^^^^^^^^^^^^^^^
  File "D:\Pyth_learn\Projects\e10b01a81dadc0acd00e7b38a2da7aa3\baga\.venv\Lib\site-packages\aiogram\dispatcher\router.py", line 174, in _propagate_event
    response = await router.propagate_event(update_type=update_type, event=event, **kwargs)
               ^^^^^^^^^^^^^^^^^^^^^^^^^^^^^^^^^^^^^^^^^^^^^^^^^^^^^^^^^^^^^^^^^^^^^^^^^^^^
  File "D:\Pyth_learn\Projects\e10b01a81dadc0acd00e7b38a2da7aa3\baga\.venv\Lib\site-packages\aiogram\dispatcher\router.py", line 146, in propagate_event
    return await observer.wrap_outer_middleware(_wrapped, event=event, data=kwargs)
           ^^^^^^^^^^^^^^^^^^^^^^^^^^^^^^^^^^^^^^^^^^^^^^^^^^^^^^^^^^^^^^^^^^^^^^^^
  File "D:\Pyth_learn\Projects\e10b01a81dadc0acd00e7b38a2da7aa3\baga\.venv\Lib\site-packages\aiogram\dispatcher\router.py", line 141, in _wrapped
    return await self._propagate_event(
           ^^^^^^^^^^^^^^^^^^^^^^^^^^^^
  File "D:\Pyth_learn\Projects\e10b01a81dadc0acd00e7b38a2da7aa3\baga\.venv\Lib\site-packages\aiogram\dispatcher\router.py", line 166, in _propagate_event
    response = await observer.trigger(event, **kwargs)
               ^^^^^^^^^^^^^^^^^^^^^^^^^^^^^^^^^^^^^^^
  File "D:\Pyth_learn\Projects\e10b01a81dadc0acd00e7b38a2da7aa3\baga\.venv\Lib\site-packages\aiogram\dispatcher\event\telegram.py", line 121, in trigger
    return await wrapped_inner(event, kwargs)
           ^^^^^^^^^^^^^^^^^^^^^^^^^^^^^^^^^^
  File "D:\Pyth_learn\Projects\e10b01a81dadc0acd00e7b38a2da7aa3\baga\app\user.py", line 66, in __call__
    return await handler(event, data)
           ^^^^^^^^^^^^^^^^^^^^^^^^^^
  File "D:\Pyth_learn\Projects\e10b01a81dadc0acd00e7b38a2da7aa3\baga\.venv\Lib\site-packages\aiogram\dispatcher\event\handler.py", line 43, in call
    return await wrapped()
           ^^^^^^^^^^^^^^^
  File "D:\Pyth_learn\Projects\e10b01a81dadc0acd00e7b38a2da7aa3\baga\app\user.py", line 349, in add_event
    reply_markup=await kb.input_template(templates=templates))
                 ^^^^^^^^^^^^^^^^^^^^^^^^^^^^^^^^^^^^^^^^^^^^
  File "D:\Pyth_learn\Projects\e10b01a81dadc0acd00e7b38a2da7aa3\baga\app\keyboards.py", line 65, in input_template
    title += f"{item.split(':')[1].strip()}; "
                ~~~~~~~~~~~~~~~^^^
IndexError: list index out of range
2025-04-28 22:02:51,047 - aiogram.event - ERROR - Cause exception while process update id=812799378 by bot id=6984364717
TypeError: save_template() got multiple values for argument 'state'
Traceback (most recent call last):
  File "D:\Pyth_learn\Projects\e10b01a81dadc0acd00e7b38a2da7aa3\baga\.venv\Lib\site-packages\aiogram\dispatcher\dispatcher.py", line 309, in _process_update
    response = await self.feed_update(bot, update, **kwargs)
               ^^^^^^^^^^^^^^^^^^^^^^^^^^^^^^^^^^^^^^^^^^^^^
  File "D:\Pyth_learn\Projects\e10b01a81dadc0acd00e7b38a2da7aa3\baga\.venv\Lib\site-packages\aiogram\dispatcher\dispatcher.py", line 158, in feed_update
    response = await self.update.wrap_outer_middleware(
               ^^^^^^^^^^^^^^^^^^^^^^^^^^^^^^^^^^^^^^^^
  File "D:\Pyth_learn\Projects\e10b01a81dadc0acd00e7b38a2da7aa3\baga\.venv\Lib\site-packages\aiogram\dispatcher\middlewares\error.py", line 25, in __call__
    return await handler(event, data)
           ^^^^^^^^^^^^^^^^^^^^^^^^^^
  File "D:\Pyth_learn\Projects\e10b01a81dadc0acd00e7b38a2da7aa3\baga\.venv\Lib\site-packages\aiogram\dispatcher\middlewares\user_context.py", line 56, in __call__
    return await handler(event, data)
           ^^^^^^^^^^^^^^^^^^^^^^^^^^
  File "D:\Pyth_learn\Projects\e10b01a81dadc0acd00e7b38a2da7aa3\baga\.venv\Lib\site-packages\aiogram\fsm\middleware.py", line 42, in __call__
    return await handler(event, data)
           ^^^^^^^^^^^^^^^^^^^^^^^^^^
  File "D:\Pyth_learn\Projects\e10b01a81dadc0acd00e7b38a2da7aa3\baga\.venv\Lib\site-packages\aiogram\dispatcher\event\telegram.py", line 121, in trigger
    return await wrapped_inner(event, kwargs)
           ^^^^^^^^^^^^^^^^^^^^^^^^^^^^^^^^^^
  File "D:\Pyth_learn\Projects\e10b01a81dadc0acd00e7b38a2da7aa3\baga\.venv\Lib\site-packages\aiogram\dispatcher\event\handler.py", line 43, in call
    return await wrapped()
           ^^^^^^^^^^^^^^^
  File "D:\Pyth_learn\Projects\e10b01a81dadc0acd00e7b38a2da7aa3\baga\.venv\Lib\site-packages\aiogram\dispatcher\dispatcher.py", line 276, in _listen_update
    return await self.propagate_event(update_type=update_type, event=event, **kwargs)
           ^^^^^^^^^^^^^^^^^^^^^^^^^^^^^^^^^^^^^^^^^^^^^^^^^^^^^^^^^^^^^^^^^^^^^^^^^^
  File "D:\Pyth_learn\Projects\e10b01a81dadc0acd00e7b38a2da7aa3\baga\.venv\Lib\site-packages\aiogram\dispatcher\router.py", line 146, in propagate_event
    return await observer.wrap_outer_middleware(_wrapped, event=event, data=kwargs)
           ^^^^^^^^^^^^^^^^^^^^^^^^^^^^^^^^^^^^^^^^^^^^^^^^^^^^^^^^^^^^^^^^^^^^^^^^
  File "D:\Pyth_learn\Projects\e10b01a81dadc0acd00e7b38a2da7aa3\baga\.venv\Lib\site-packages\aiogram\dispatcher\router.py", line 141, in _wrapped
    return await self._propagate_event(
           ^^^^^^^^^^^^^^^^^^^^^^^^^^^^
  File "D:\Pyth_learn\Projects\e10b01a81dadc0acd00e7b38a2da7aa3\baga\.venv\Lib\site-packages\aiogram\dispatcher\router.py", line 174, in _propagate_event
    response = await router.propagate_event(update_type=update_type, event=event, **kwargs)
               ^^^^^^^^^^^^^^^^^^^^^^^^^^^^^^^^^^^^^^^^^^^^^^^^^^^^^^^^^^^^^^^^^^^^^^^^^^^^
  File "D:\Pyth_learn\Projects\e10b01a81dadc0acd00e7b38a2da7aa3\baga\.venv\Lib\site-packages\aiogram\dispatcher\router.py", line 146, in propagate_event
    return await observer.wrap_outer_middleware(_wrapped, event=event, data=kwargs)
           ^^^^^^^^^^^^^^^^^^^^^^^^^^^^^^^^^^^^^^^^^^^^^^^^^^^^^^^^^^^^^^^^^^^^^^^^
  File "D:\Pyth_learn\Projects\e10b01a81dadc0acd00e7b38a2da7aa3\baga\.venv\Lib\site-packages\aiogram\dispatcher\router.py", line 141, in _wrapped
    return await self._propagate_event(
           ^^^^^^^^^^^^^^^^^^^^^^^^^^^^
  File "D:\Pyth_learn\Projects\e10b01a81dadc0acd00e7b38a2da7aa3\baga\.venv\Lib\site-packages\aiogram\dispatcher\router.py", line 166, in _propagate_event
    response = await observer.trigger(event, **kwargs)
               ^^^^^^^^^^^^^^^^^^^^^^^^^^^^^^^^^^^^^^^
  File "D:\Pyth_learn\Projects\e10b01a81dadc0acd00e7b38a2da7aa3\baga\.venv\Lib\site-packages\aiogram\dispatcher\event\telegram.py", line 121, in trigger
    return await wrapped_inner(event, kwargs)
           ^^^^^^^^^^^^^^^^^^^^^^^^^^^^^^^^^^
  File "D:\Pyth_learn\Projects\e10b01a81dadc0acd00e7b38a2da7aa3\baga\app\user.py", line 66, in __call__
    return await handler(event, data)
           ^^^^^^^^^^^^^^^^^^^^^^^^^^
  File "D:\Pyth_learn\Projects\e10b01a81dadc0acd00e7b38a2da7aa3\baga\.venv\Lib\site-packages\aiogram\dispatcher\event\handler.py", line 43, in call
    return await wrapped()
                 ^^^^^^^^^
TypeError: save_template() got multiple values for argument 'state'
2025-04-28 22:05:11,330 - aiogram.event - ERROR - Cause exception while process update id=812799382 by bot id=6984364717
TypeError: save_template() got multiple values for argument 'state'
Traceback (most recent call last):
  File "D:\Pyth_learn\Projects\e10b01a81dadc0acd00e7b38a2da7aa3\baga\.venv\Lib\site-packages\aiogram\dispatcher\dispatcher.py", line 309, in _process_update
    response = await self.feed_update(bot, update, **kwargs)
               ^^^^^^^^^^^^^^^^^^^^^^^^^^^^^^^^^^^^^^^^^^^^^
  File "D:\Pyth_learn\Projects\e10b01a81dadc0acd00e7b38a2da7aa3\baga\.venv\Lib\site-packages\aiogram\dispatcher\dispatcher.py", line 158, in feed_update
    response = await self.update.wrap_outer_middleware(
               ^^^^^^^^^^^^^^^^^^^^^^^^^^^^^^^^^^^^^^^^
  File "D:\Pyth_learn\Projects\e10b01a81dadc0acd00e7b38a2da7aa3\baga\.venv\Lib\site-packages\aiogram\dispatcher\middlewares\error.py", line 25, in __call__
    return await handler(event, data)
           ^^^^^^^^^^^^^^^^^^^^^^^^^^
  File "D:\Pyth_learn\Projects\e10b01a81dadc0acd00e7b38a2da7aa3\baga\.venv\Lib\site-packages\aiogram\dispatcher\middlewares\user_context.py", line 56, in __call__
    return await handler(event, data)
           ^^^^^^^^^^^^^^^^^^^^^^^^^^
  File "D:\Pyth_learn\Projects\e10b01a81dadc0acd00e7b38a2da7aa3\baga\.venv\Lib\site-packages\aiogram\fsm\middleware.py", line 42, in __call__
    return await handler(event, data)
           ^^^^^^^^^^^^^^^^^^^^^^^^^^
  File "D:\Pyth_learn\Projects\e10b01a81dadc0acd00e7b38a2da7aa3\baga\.venv\Lib\site-packages\aiogram\dispatcher\event\telegram.py", line 121, in trigger
    return await wrapped_inner(event, kwargs)
           ^^^^^^^^^^^^^^^^^^^^^^^^^^^^^^^^^^
  File "D:\Pyth_learn\Projects\e10b01a81dadc0acd00e7b38a2da7aa3\baga\.venv\Lib\site-packages\aiogram\dispatcher\event\handler.py", line 43, in call
    return await wrapped()
           ^^^^^^^^^^^^^^^
  File "D:\Pyth_learn\Projects\e10b01a81dadc0acd00e7b38a2da7aa3\baga\.venv\Lib\site-packages\aiogram\dispatcher\dispatcher.py", line 276, in _listen_update
    return await self.propagate_event(update_type=update_type, event=event, **kwargs)
           ^^^^^^^^^^^^^^^^^^^^^^^^^^^^^^^^^^^^^^^^^^^^^^^^^^^^^^^^^^^^^^^^^^^^^^^^^^
  File "D:\Pyth_learn\Projects\e10b01a81dadc0acd00e7b38a2da7aa3\baga\.venv\Lib\site-packages\aiogram\dispatcher\router.py", line 146, in propagate_event
    return await observer.wrap_outer_middleware(_wrapped, event=event, data=kwargs)
           ^^^^^^^^^^^^^^^^^^^^^^^^^^^^^^^^^^^^^^^^^^^^^^^^^^^^^^^^^^^^^^^^^^^^^^^^
  File "D:\Pyth_learn\Projects\e10b01a81dadc0acd00e7b38a2da7aa3\baga\.venv\Lib\site-packages\aiogram\dispatcher\router.py", line 141, in _wrapped
    return await self._propagate_event(
           ^^^^^^^^^^^^^^^^^^^^^^^^^^^^
  File "D:\Pyth_learn\Projects\e10b01a81dadc0acd00e7b38a2da7aa3\baga\.venv\Lib\site-packages\aiogram\dispatcher\router.py", line 174, in _propagate_event
    response = await router.propagate_event(update_type=update_type, event=event, **kwargs)
               ^^^^^^^^^^^^^^^^^^^^^^^^^^^^^^^^^^^^^^^^^^^^^^^^^^^^^^^^^^^^^^^^^^^^^^^^^^^^
  File "D:\Pyth_learn\Projects\e10b01a81dadc0acd00e7b38a2da7aa3\baga\.venv\Lib\site-packages\aiogram\dispatcher\router.py", line 146, in propagate_event
    return await observer.wrap_outer_middleware(_wrapped, event=event, data=kwargs)
           ^^^^^^^^^^^^^^^^^^^^^^^^^^^^^^^^^^^^^^^^^^^^^^^^^^^^^^^^^^^^^^^^^^^^^^^^
  File "D:\Pyth_learn\Projects\e10b01a81dadc0acd00e7b38a2da7aa3\baga\.venv\Lib\site-packages\aiogram\dispatcher\router.py", line 141, in _wrapped
    return await self._propagate_event(
           ^^^^^^^^^^^^^^^^^^^^^^^^^^^^
  File "D:\Pyth_learn\Projects\e10b01a81dadc0acd00e7b38a2da7aa3\baga\.venv\Lib\site-packages\aiogram\dispatcher\router.py", line 166, in _propagate_event
    response = await observer.trigger(event, **kwargs)
               ^^^^^^^^^^^^^^^^^^^^^^^^^^^^^^^^^^^^^^^
  File "D:\Pyth_learn\Projects\e10b01a81dadc0acd00e7b38a2da7aa3\baga\.venv\Lib\site-packages\aiogram\dispatcher\event\telegram.py", line 121, in trigger
    return await wrapped_inner(event, kwargs)
           ^^^^^^^^^^^^^^^^^^^^^^^^^^^^^^^^^^
  File "D:\Pyth_learn\Projects\e10b01a81dadc0acd00e7b38a2da7aa3\baga\app\user.py", line 66, in __call__
    return await handler(event, data)
           ^^^^^^^^^^^^^^^^^^^^^^^^^^
  File "D:\Pyth_learn\Projects\e10b01a81dadc0acd00e7b38a2da7aa3\baga\.venv\Lib\site-packages\aiogram\dispatcher\event\handler.py", line 43, in call
    return await wrapped()
                 ^^^^^^^^^
TypeError: save_template() got multiple values for argument 'state'
2025-04-28 22:44:10,383 - aiogram.event - ERROR - Cause exception while process update id=812799422 by bot id=6984364717
FieldError: Relation gym for models.Event not found
Traceback (most recent call last):
  File "D:\Pyth_learn\Projects\e10b01a81dadc0acd00e7b38a2da7aa3\baga\.venv\Lib\site-packages\aiogram\dispatcher\dispatcher.py", line 309, in _process_update
    response = await self.feed_update(bot, update, **kwargs)
               ^^^^^^^^^^^^^^^^^^^^^^^^^^^^^^^^^^^^^^^^^^^^^
  File "D:\Pyth_learn\Projects\e10b01a81dadc0acd00e7b38a2da7aa3\baga\.venv\Lib\site-packages\aiogram\dispatcher\dispatcher.py", line 158, in feed_update
    response = await self.update.wrap_outer_middleware(
               ^^^^^^^^^^^^^^^^^^^^^^^^^^^^^^^^^^^^^^^^
  File "D:\Pyth_learn\Projects\e10b01a81dadc0acd00e7b38a2da7aa3\baga\.venv\Lib\site-packages\aiogram\dispatcher\middlewares\error.py", line 25, in __call__
    return await handler(event, data)
           ^^^^^^^^^^^^^^^^^^^^^^^^^^
  File "D:\Pyth_learn\Projects\e10b01a81dadc0acd00e7b38a2da7aa3\baga\.venv\Lib\site-packages\aiogram\dispatcher\middlewares\user_context.py", line 56, in __call__
    return await handler(event, data)
           ^^^^^^^^^^^^^^^^^^^^^^^^^^
  File "D:\Pyth_learn\Projects\e10b01a81dadc0acd00e7b38a2da7aa3\baga\.venv\Lib\site-packages\aiogram\fsm\middleware.py", line 42, in __call__
    return await handler(event, data)
           ^^^^^^^^^^^^^^^^^^^^^^^^^^
  File "D:\Pyth_learn\Projects\e10b01a81dadc0acd00e7b38a2da7aa3\baga\.venv\Lib\site-packages\aiogram\dispatcher\event\telegram.py", line 121, in trigger
    return await wrapped_inner(event, kwargs)
           ^^^^^^^^^^^^^^^^^^^^^^^^^^^^^^^^^^
  File "D:\Pyth_learn\Projects\e10b01a81dadc0acd00e7b38a2da7aa3\baga\.venv\Lib\site-packages\aiogram\dispatcher\event\handler.py", line 43, in call
    return await wrapped()
           ^^^^^^^^^^^^^^^
  File "D:\Pyth_learn\Projects\e10b01a81dadc0acd00e7b38a2da7aa3\baga\.venv\Lib\site-packages\aiogram\dispatcher\dispatcher.py", line 276, in _listen_update
    return await self.propagate_event(update_type=update_type, event=event, **kwargs)
           ^^^^^^^^^^^^^^^^^^^^^^^^^^^^^^^^^^^^^^^^^^^^^^^^^^^^^^^^^^^^^^^^^^^^^^^^^^
  File "D:\Pyth_learn\Projects\e10b01a81dadc0acd00e7b38a2da7aa3\baga\.venv\Lib\site-packages\aiogram\dispatcher\router.py", line 146, in propagate_event
    return await observer.wrap_outer_middleware(_wrapped, event=event, data=kwargs)
           ^^^^^^^^^^^^^^^^^^^^^^^^^^^^^^^^^^^^^^^^^^^^^^^^^^^^^^^^^^^^^^^^^^^^^^^^
  File "D:\Pyth_learn\Projects\e10b01a81dadc0acd00e7b38a2da7aa3\baga\.venv\Lib\site-packages\aiogram\dispatcher\router.py", line 141, in _wrapped
    return await self._propagate_event(
           ^^^^^^^^^^^^^^^^^^^^^^^^^^^^
  File "D:\Pyth_learn\Projects\e10b01a81dadc0acd00e7b38a2da7aa3\baga\.venv\Lib\site-packages\aiogram\dispatcher\router.py", line 174, in _propagate_event
    response = await router.propagate_event(update_type=update_type, event=event, **kwargs)
               ^^^^^^^^^^^^^^^^^^^^^^^^^^^^^^^^^^^^^^^^^^^^^^^^^^^^^^^^^^^^^^^^^^^^^^^^^^^^
  File "D:\Pyth_learn\Projects\e10b01a81dadc0acd00e7b38a2da7aa3\baga\.venv\Lib\site-packages\aiogram\dispatcher\router.py", line 146, in propagate_event
    return await observer.wrap_outer_middleware(_wrapped, event=event, data=kwargs)
           ^^^^^^^^^^^^^^^^^^^^^^^^^^^^^^^^^^^^^^^^^^^^^^^^^^^^^^^^^^^^^^^^^^^^^^^^
  File "D:\Pyth_learn\Projects\e10b01a81dadc0acd00e7b38a2da7aa3\baga\.venv\Lib\site-packages\aiogram\dispatcher\router.py", line 141, in _wrapped
    return await self._propagate_event(
           ^^^^^^^^^^^^^^^^^^^^^^^^^^^^
  File "D:\Pyth_learn\Projects\e10b01a81dadc0acd00e7b38a2da7aa3\baga\.venv\Lib\site-packages\aiogram\dispatcher\router.py", line 166, in _propagate_event
    response = await observer.trigger(event, **kwargs)
               ^^^^^^^^^^^^^^^^^^^^^^^^^^^^^^^^^^^^^^^
  File "D:\Pyth_learn\Projects\e10b01a81dadc0acd00e7b38a2da7aa3\baga\.venv\Lib\site-packages\aiogram\dispatcher\event\telegram.py", line 121, in trigger
    return await wrapped_inner(event, kwargs)
           ^^^^^^^^^^^^^^^^^^^^^^^^^^^^^^^^^^
  File "D:\Pyth_learn\Projects\e10b01a81dadc0acd00e7b38a2da7aa3\baga\app\user.py", line 66, in __call__
    return await handler(event, data)
           ^^^^^^^^^^^^^^^^^^^^^^^^^^
  File "D:\Pyth_learn\Projects\e10b01a81dadc0acd00e7b38a2da7aa3\baga\.venv\Lib\site-packages\aiogram\dispatcher\event\handler.py", line 43, in call
    return await wrapped()
           ^^^^^^^^^^^^^^^
  File "D:\Pyth_learn\Projects\e10b01a81dadc0acd00e7b38a2da7aa3\baga\app\user.py", line 218, in show_trainings
    events = await db_req.get_event()
             ^^^^^^^^^^^^^^^^^^^^^^^^
  File "D:\Pyth_learn\Projects\e10b01a81dadc0acd00e7b38a2da7aa3\baga\app\database\requests.py", line 75, in get_event
    await (Event.all().prefetch_related('gym').
           ^^^^^^^^^^^^^^^^^^^^^^^^^^^^^^^^^^^
  File "D:\Pyth_learn\Projects\e10b01a81dadc0acd00e7b38a2da7aa3\baga\.venv\Lib\site-packages\tortoise\queryset.py", line 897, in prefetch_related
    raise FieldError(
tortoise.exceptions.FieldError: Relation gym for models.Event not found
2025-04-29 10:11:03,456 - aiogram.event - ERROR - Cause exception while process update id=812799458 by bot id=6984364717
KeyError: 'current_template'
Traceback (most recent call last):
  File "G:\BAKHTEEV\Pyth_projects\baga_restruct\New_Baga\venv\Lib\site-packages\aiogram\dispatcher\dispatcher.py", line 309, in _process_update
    response = await self.feed_update(bot, update, **kwargs)
               ^^^^^^^^^^^^^^^^^^^^^^^^^^^^^^^^^^^^^^^^^^^^^
  File "G:\BAKHTEEV\Pyth_projects\baga_restruct\New_Baga\venv\Lib\site-packages\aiogram\dispatcher\dispatcher.py", line 158, in feed_update
    response = await self.update.wrap_outer_middleware(
               ^^^^^^^^^^^^^^^^^^^^^^^^^^^^^^^^^^^^^^^^
  File "G:\BAKHTEEV\Pyth_projects\baga_restruct\New_Baga\venv\Lib\site-packages\aiogram\dispatcher\middlewares\error.py", line 25, in __call__
    return await handler(event, data)
           ^^^^^^^^^^^^^^^^^^^^^^^^^^
  File "G:\BAKHTEEV\Pyth_projects\baga_restruct\New_Baga\venv\Lib\site-packages\aiogram\dispatcher\middlewares\user_context.py", line 56, in __call__
    return await handler(event, data)
           ^^^^^^^^^^^^^^^^^^^^^^^^^^
  File "G:\BAKHTEEV\Pyth_projects\baga_restruct\New_Baga\venv\Lib\site-packages\aiogram\fsm\middleware.py", line 42, in __call__
    return await handler(event, data)
           ^^^^^^^^^^^^^^^^^^^^^^^^^^
  File "G:\BAKHTEEV\Pyth_projects\baga_restruct\New_Baga\venv\Lib\site-packages\aiogram\dispatcher\event\telegram.py", line 121, in trigger
    return await wrapped_inner(event, kwargs)
           ^^^^^^^^^^^^^^^^^^^^^^^^^^^^^^^^^^
  File "G:\BAKHTEEV\Pyth_projects\baga_restruct\New_Baga\venv\Lib\site-packages\aiogram\dispatcher\event\handler.py", line 43, in call
    return await wrapped()
           ^^^^^^^^^^^^^^^
  File "G:\BAKHTEEV\Pyth_projects\baga_restruct\New_Baga\venv\Lib\site-packages\aiogram\dispatcher\dispatcher.py", line 276, in _listen_update
    return await self.propagate_event(update_type=update_type, event=event, **kwargs)
           ^^^^^^^^^^^^^^^^^^^^^^^^^^^^^^^^^^^^^^^^^^^^^^^^^^^^^^^^^^^^^^^^^^^^^^^^^^
  File "G:\BAKHTEEV\Pyth_projects\baga_restruct\New_Baga\venv\Lib\site-packages\aiogram\dispatcher\router.py", line 146, in propagate_event
    return await observer.wrap_outer_middleware(_wrapped, event=event, data=kwargs)
           ^^^^^^^^^^^^^^^^^^^^^^^^^^^^^^^^^^^^^^^^^^^^^^^^^^^^^^^^^^^^^^^^^^^^^^^^
  File "G:\BAKHTEEV\Pyth_projects\baga_restruct\New_Baga\venv\Lib\site-packages\aiogram\dispatcher\router.py", line 141, in _wrapped
    return await self._propagate_event(
           ^^^^^^^^^^^^^^^^^^^^^^^^^^^^
  File "G:\BAKHTEEV\Pyth_projects\baga_restruct\New_Baga\venv\Lib\site-packages\aiogram\dispatcher\router.py", line 174, in _propagate_event
    response = await router.propagate_event(update_type=update_type, event=event, **kwargs)
               ^^^^^^^^^^^^^^^^^^^^^^^^^^^^^^^^^^^^^^^^^^^^^^^^^^^^^^^^^^^^^^^^^^^^^^^^^^^^
  File "G:\BAKHTEEV\Pyth_projects\baga_restruct\New_Baga\venv\Lib\site-packages\aiogram\dispatcher\router.py", line 146, in propagate_event
    return await observer.wrap_outer_middleware(_wrapped, event=event, data=kwargs)
           ^^^^^^^^^^^^^^^^^^^^^^^^^^^^^^^^^^^^^^^^^^^^^^^^^^^^^^^^^^^^^^^^^^^^^^^^
  File "G:\BAKHTEEV\Pyth_projects\baga_restruct\New_Baga\venv\Lib\site-packages\aiogram\dispatcher\router.py", line 141, in _wrapped
    return await self._propagate_event(
           ^^^^^^^^^^^^^^^^^^^^^^^^^^^^
  File "G:\BAKHTEEV\Pyth_projects\baga_restruct\New_Baga\venv\Lib\site-packages\aiogram\dispatcher\router.py", line 166, in _propagate_event
    response = await observer.trigger(event, **kwargs)
               ^^^^^^^^^^^^^^^^^^^^^^^^^^^^^^^^^^^^^^^
  File "G:\BAKHTEEV\Pyth_projects\baga_restruct\New_Baga\venv\Lib\site-packages\aiogram\dispatcher\event\telegram.py", line 121, in trigger
    return await wrapped_inner(event, kwargs)
           ^^^^^^^^^^^^^^^^^^^^^^^^^^^^^^^^^^
  File "G:\BAKHTEEV\Pyth_projects\baga_restruct\New_Baga\app\user.py", line 66, in __call__
    return await handler(event, data)
           ^^^^^^^^^^^^^^^^^^^^^^^^^^
  File "G:\BAKHTEEV\Pyth_projects\baga_restruct\New_Baga\venv\Lib\site-packages\aiogram\dispatcher\event\handler.py", line 43, in call
    return await wrapped()
           ^^^^^^^^^^^^^^^
  File "G:\BAKHTEEV\Pyth_projects\baga_restruct\New_Baga\app\user.py", line 420, in skip
    await db_req.create_template(text=data['current_template'])
                                      ~~~~^^^^^^^^^^^^^^^^^^^^
KeyError: 'current_template'
2025-04-29 12:09:01,950 - __main__ - ERROR - ERROR_on_Starting Bot...: list index out of range
2025-04-29 12:10:03,956 - __main__ - ERROR - ERROR_on_Starting Bot...: list index out of range
2025-04-29 12:14:02,738 - __main__ - ERROR - ERROR_on_Starting Bot...: list index out of range
2025-04-29 12:14:22,096 - __main__ - ERROR - ERROR_on_Starting Bot...: list index out of range
2025-04-29 12:15:09,165 - __main__ - ERROR - ERROR_on_Starting Bot...: name 'current_job_time' is not defined
2025-04-29 13:03:13,613 - __main__ - ERROR - ERROR_on_Starting Bot...: 'Router' object has no attribute 'tg_id'
2025-04-29 13:03:13,926 - aiogram.dispatcher - ERROR - Failed to fetch updates - TelegramConflictError: Telegram server says - Conflict: terminated by other getUpdates request; make sure that only one bot instance is running
2025-04-29 13:03:18,003 - aiogram.dispatcher - ERROR - Failed to fetch updates - TelegramConflictError: Telegram server says - Conflict: terminated by other getUpdates request; make sure that only one bot instance is running
2025-04-29 13:03:19,081 - aiogram.dispatcher - ERROR - Failed to fetch updates - TelegramConflictError: Telegram server says - Conflict: terminated by other getUpdates request; make sure that only one bot instance is running
2025-04-29 13:03:23,331 - aiogram.dispatcher - ERROR - Failed to fetch updates - TelegramConflictError: Telegram server says - Conflict: terminated by other getUpdates request; make sure that only one bot instance is running
2025-04-29 13:03:24,468 - aiogram.dispatcher - ERROR - Failed to fetch updates - TelegramConflictError: Telegram server says - Conflict: terminated by other getUpdates request; make sure that only one bot instance is running
2025-04-29 13:03:28,997 - aiogram.dispatcher - ERROR - Failed to fetch updates - TelegramConflictError: Telegram server says - Conflict: terminated by other getUpdates request; make sure that only one bot instance is running
2025-04-29 13:03:30,534 - aiogram.dispatcher - ERROR - Failed to fetch updates - TelegramConflictError: Telegram server says - Conflict: terminated by other getUpdates request; make sure that only one bot instance is running
2025-04-29 13:03:35,578 - aiogram.dispatcher - ERROR - Failed to fetch updates - TelegramConflictError: Telegram server says - Conflict: terminated by other getUpdates request; make sure that only one bot instance is running
2025-04-29 13:03:37,633 - aiogram.dispatcher - ERROR - Failed to fetch updates - TelegramConflictError: Telegram server says - Conflict: terminated by other getUpdates request; make sure that only one bot instance is running
2025-04-29 13:03:43,268 - aiogram.dispatcher - ERROR - Failed to fetch updates - TelegramConflictError: Telegram server says - Conflict: terminated by other getUpdates request; make sure that only one bot instance is running
2025-04-29 13:03:45,849 - aiogram.dispatcher - ERROR - Failed to fetch updates - TelegramConflictError: Telegram server says - Conflict: terminated by other getUpdates request; make sure that only one bot instance is running
2025-04-29 13:03:49,276 - aiogram.dispatcher - ERROR - Failed to fetch updates - TelegramConflictError: Telegram server says - Conflict: terminated by other getUpdates request; make sure that only one bot instance is running
2025-04-29 13:03:52,580 - aiogram.dispatcher - ERROR - Failed to fetch updates - TelegramConflictError: Telegram server says - Conflict: terminated by other getUpdates request; make sure that only one bot instance is running
2025-04-29 13:03:56,964 - aiogram.dispatcher - ERROR - Failed to fetch updates - TelegramConflictError: Telegram server says - Conflict: terminated by other getUpdates request; make sure that only one bot instance is running
2025-04-29 13:04:01,205 - aiogram.dispatcher - ERROR - Failed to fetch updates - TelegramConflictError: Telegram server says - Conflict: terminated by other getUpdates request; make sure that only one bot instance is running
2025-04-29 13:04:06,457 - aiogram.dispatcher - ERROR - Failed to fetch updates - TelegramConflictError: Telegram server says - Conflict: terminated by other getUpdates request; make sure that only one bot instance is running
2025-04-29 13:04:11,527 - aiogram.dispatcher - ERROR - Failed to fetch updates - TelegramConflictError: Telegram server says - Conflict: terminated by other getUpdates request; make sure that only one bot instance is running
2025-04-29 13:04:16,713 - aiogram.dispatcher - ERROR - Failed to fetch updates - TelegramConflictError: Telegram server says - Conflict: terminated by other getUpdates request; make sure that only one bot instance is running
2025-04-29 13:04:21,779 - aiogram.dispatcher - ERROR - Failed to fetch updates - TelegramConflictError: Telegram server says - Conflict: terminated by other getUpdates request; make sure that only one bot instance is running
2025-04-29 13:04:26,848 - aiogram.dispatcher - ERROR - Failed to fetch updates - TelegramConflictError: Telegram server says - Conflict: terminated by other getUpdates request; make sure that only one bot instance is running
2025-04-29 13:04:31,859 - aiogram.dispatcher - ERROR - Failed to fetch updates - TelegramConflictError: Telegram server says - Conflict: terminated by other getUpdates request; make sure that only one bot instance is running
2025-04-29 13:04:36,992 - aiogram.dispatcher - ERROR - Failed to fetch updates - TelegramConflictError: Telegram server says - Conflict: terminated by other getUpdates request; make sure that only one bot instance is running
2025-04-29 13:04:41,949 - aiogram.dispatcher - ERROR - Failed to fetch updates - TelegramConflictError: Telegram server says - Conflict: terminated by other getUpdates request; make sure that only one bot instance is running
2025-04-29 13:04:47,073 - aiogram.dispatcher - ERROR - Failed to fetch updates - TelegramConflictError: Telegram server says - Conflict: terminated by other getUpdates request; make sure that only one bot instance is running
2025-04-29 13:04:52,093 - aiogram.dispatcher - ERROR - Failed to fetch updates - TelegramConflictError: Telegram server says - Conflict: terminated by other getUpdates request; make sure that only one bot instance is running
2025-04-29 13:04:57,149 - aiogram.dispatcher - ERROR - Failed to fetch updates - TelegramConflictError: Telegram server says - Conflict: terminated by other getUpdates request; make sure that only one bot instance is running
2025-04-29 13:05:02,110 - aiogram.dispatcher - ERROR - Failed to fetch updates - TelegramConflictError: Telegram server says - Conflict: terminated by other getUpdates request; make sure that only one bot instance is running
2025-04-29 13:05:07,173 - aiogram.dispatcher - ERROR - Failed to fetch updates - TelegramConflictError: Telegram server says - Conflict: terminated by other getUpdates request; make sure that only one bot instance is running
2025-04-29 13:05:12,195 - aiogram.dispatcher - ERROR - Failed to fetch updates - TelegramConflictError: Telegram server says - Conflict: terminated by other getUpdates request; make sure that only one bot instance is running
2025-04-29 13:05:17,295 - aiogram.dispatcher - ERROR - Failed to fetch updates - TelegramConflictError: Telegram server says - Conflict: terminated by other getUpdates request; make sure that only one bot instance is running
2025-04-29 13:05:22,456 - aiogram.dispatcher - ERROR - Failed to fetch updates - TelegramConflictError: Telegram server says - Conflict: terminated by other getUpdates request; make sure that only one bot instance is running
2025-04-29 13:05:27,433 - aiogram.dispatcher - ERROR - Failed to fetch updates - TelegramConflictError: Telegram server says - Conflict: terminated by other getUpdates request; make sure that only one bot instance is running
2025-04-29 13:05:32,332 - aiogram.dispatcher - ERROR - Failed to fetch updates - TelegramConflictError: Telegram server says - Conflict: terminated by other getUpdates request; make sure that only one bot instance is running
2025-04-29 13:05:37,126 - aiogram.dispatcher - ERROR - Failed to fetch updates - TelegramConflictError: Telegram server says - Conflict: terminated by other getUpdates request; make sure that only one bot instance is running
2025-04-29 13:05:42,107 - aiogram.dispatcher - ERROR - Failed to fetch updates - TelegramConflictError: Telegram server says - Conflict: terminated by other getUpdates request; make sure that only one bot instance is running
2025-04-29 13:05:47,120 - aiogram.dispatcher - ERROR - Failed to fetch updates - TelegramConflictError: Telegram server says - Conflict: terminated by other getUpdates request; make sure that only one bot instance is running
2025-04-29 13:05:52,249 - aiogram.dispatcher - ERROR - Failed to fetch updates - TelegramConflictError: Telegram server says - Conflict: terminated by other getUpdates request; make sure that only one bot instance is running
2025-04-29 13:05:57,352 - aiogram.dispatcher - ERROR - Failed to fetch updates - TelegramConflictError: Telegram server says - Conflict: terminated by other getUpdates request; make sure that only one bot instance is running
2025-04-29 13:06:02,474 - aiogram.dispatcher - ERROR - Failed to fetch updates - TelegramConflictError: Telegram server says - Conflict: terminated by other getUpdates request; make sure that only one bot instance is running
2025-04-29 13:06:07,461 - aiogram.dispatcher - ERROR - Failed to fetch updates - TelegramConflictError: Telegram server says - Conflict: terminated by other getUpdates request; make sure that only one bot instance is running
2025-04-29 13:06:12,527 - aiogram.dispatcher - ERROR - Failed to fetch updates - TelegramConflictError: Telegram server says - Conflict: terminated by other getUpdates request; make sure that only one bot instance is running
2025-04-29 13:06:17,612 - aiogram.dispatcher - ERROR - Failed to fetch updates - TelegramConflictError: Telegram server says - Conflict: terminated by other getUpdates request; make sure that only one bot instance is running
2025-04-29 13:06:22,777 - aiogram.dispatcher - ERROR - Failed to fetch updates - TelegramConflictError: Telegram server says - Conflict: terminated by other getUpdates request; make sure that only one bot instance is running
2025-04-29 13:06:27,999 - aiogram.dispatcher - ERROR - Failed to fetch updates - TelegramConflictError: Telegram server says - Conflict: terminated by other getUpdates request; make sure that only one bot instance is running
2025-04-29 13:06:33,258 - aiogram.dispatcher - ERROR - Failed to fetch updates - TelegramConflictError: Telegram server says - Conflict: terminated by other getUpdates request; make sure that only one bot instance is running
2025-04-29 13:06:38,441 - aiogram.dispatcher - ERROR - Failed to fetch updates - TelegramConflictError: Telegram server says - Conflict: terminated by other getUpdates request; make sure that only one bot instance is running
2025-04-29 13:06:43,469 - aiogram.dispatcher - ERROR - Failed to fetch updates - TelegramConflictError: Telegram server says - Conflict: terminated by other getUpdates request; make sure that only one bot instance is running
2025-04-29 13:06:48,587 - aiogram.dispatcher - ERROR - Failed to fetch updates - TelegramConflictError: Telegram server says - Conflict: terminated by other getUpdates request; make sure that only one bot instance is running
2025-04-29 13:06:53,610 - aiogram.dispatcher - ERROR - Failed to fetch updates - TelegramConflictError: Telegram server says - Conflict: terminated by other getUpdates request; make sure that only one bot instance is running
2025-04-29 13:06:58,576 - aiogram.dispatcher - ERROR - Failed to fetch updates - TelegramConflictError: Telegram server says - Conflict: terminated by other getUpdates request; make sure that only one bot instance is running
2025-04-29 13:07:03,622 - aiogram.dispatcher - ERROR - Failed to fetch updates - TelegramConflictError: Telegram server says - Conflict: terminated by other getUpdates request; make sure that only one bot instance is running
2025-04-29 13:07:08,515 - aiogram.dispatcher - ERROR - Failed to fetch updates - TelegramConflictError: Telegram server says - Conflict: terminated by other getUpdates request; make sure that only one bot instance is running
2025-04-29 13:07:13,577 - aiogram.dispatcher - ERROR - Failed to fetch updates - TelegramConflictError: Telegram server says - Conflict: terminated by other getUpdates request; make sure that only one bot instance is running
2025-04-29 13:07:18,702 - aiogram.dispatcher - ERROR - Failed to fetch updates - TelegramConflictError: Telegram server says - Conflict: terminated by other getUpdates request; make sure that only one bot instance is running
2025-04-29 13:07:23,868 - aiogram.dispatcher - ERROR - Failed to fetch updates - TelegramConflictError: Telegram server says - Conflict: terminated by other getUpdates request; make sure that only one bot instance is running
2025-04-29 13:07:28,898 - aiogram.dispatcher - ERROR - Failed to fetch updates - TelegramConflictError: Telegram server says - Conflict: terminated by other getUpdates request; make sure that only one bot instance is running
2025-04-29 13:07:33,984 - aiogram.dispatcher - ERROR - Failed to fetch updates - TelegramConflictError: Telegram server says - Conflict: terminated by other getUpdates request; make sure that only one bot instance is running
2025-04-29 13:07:39,157 - aiogram.dispatcher - ERROR - Failed to fetch updates - TelegramConflictError: Telegram server says - Conflict: terminated by other getUpdates request; make sure that only one bot instance is running
2025-04-29 13:07:45,840 - aiogram.dispatcher - ERROR - Failed to fetch updates - TelegramConflictError: Telegram server says - Conflict: terminated by other getUpdates request; make sure that only one bot instance is running
2025-04-29 13:07:50,984 - aiogram.dispatcher - ERROR - Failed to fetch updates - TelegramConflictError: Telegram server says - Conflict: terminated by other getUpdates request; make sure that only one bot instance is running
2025-04-29 13:07:56,022 - aiogram.dispatcher - ERROR - Failed to fetch updates - TelegramConflictError: Telegram server says - Conflict: terminated by other getUpdates request; make sure that only one bot instance is running
2025-04-29 13:08:01,071 - aiogram.dispatcher - ERROR - Failed to fetch updates - TelegramConflictError: Telegram server says - Conflict: terminated by other getUpdates request; make sure that only one bot instance is running
2025-04-29 13:08:06,220 - aiogram.dispatcher - ERROR - Failed to fetch updates - TelegramConflictError: Telegram server says - Conflict: terminated by other getUpdates request; make sure that only one bot instance is running
2025-04-29 13:08:11,381 - aiogram.dispatcher - ERROR - Failed to fetch updates - TelegramConflictError: Telegram server says - Conflict: terminated by other getUpdates request; make sure that only one bot instance is running
2025-04-29 13:08:16,243 - aiogram.dispatcher - ERROR - Failed to fetch updates - TelegramConflictError: Telegram server says - Conflict: terminated by other getUpdates request; make sure that only one bot instance is running
2025-04-29 13:08:21,426 - aiogram.dispatcher - ERROR - Failed to fetch updates - TelegramConflictError: Telegram server says - Conflict: terminated by other getUpdates request; make sure that only one bot instance is running
2025-04-29 13:08:26,332 - aiogram.dispatcher - ERROR - Failed to fetch updates - TelegramConflictError: Telegram server says - Conflict: terminated by other getUpdates request; make sure that only one bot instance is running
2025-04-29 13:08:31,475 - aiogram.dispatcher - ERROR - Failed to fetch updates - TelegramConflictError: Telegram server says - Conflict: terminated by other getUpdates request; make sure that only one bot instance is running
2025-04-29 13:08:36,627 - aiogram.dispatcher - ERROR - Failed to fetch updates - TelegramConflictError: Telegram server says - Conflict: terminated by other getUpdates request; make sure that only one bot instance is running
2025-04-29 13:08:41,723 - aiogram.dispatcher - ERROR - Failed to fetch updates - TelegramConflictError: Telegram server says - Conflict: terminated by other getUpdates request; make sure that only one bot instance is running
2025-04-29 13:08:46,796 - aiogram.dispatcher - ERROR - Failed to fetch updates - TelegramConflictError: Telegram server says - Conflict: terminated by other getUpdates request; make sure that only one bot instance is running
2025-04-29 13:08:51,974 - aiogram.dispatcher - ERROR - Failed to fetch updates - TelegramConflictError: Telegram server says - Conflict: terminated by other getUpdates request; make sure that only one bot instance is running
2025-04-29 13:08:57,048 - aiogram.dispatcher - ERROR - Failed to fetch updates - TelegramConflictError: Telegram server says - Conflict: terminated by other getUpdates request; make sure that only one bot instance is running
2025-04-29 13:09:02,013 - aiogram.dispatcher - ERROR - Failed to fetch updates - TelegramConflictError: Telegram server says - Conflict: terminated by other getUpdates request; make sure that only one bot instance is running
2025-04-29 13:09:07,098 - aiogram.dispatcher - ERROR - Failed to fetch updates - TelegramConflictError: Telegram server says - Conflict: terminated by other getUpdates request; make sure that only one bot instance is running
2025-04-29 13:09:12,045 - aiogram.dispatcher - ERROR - Failed to fetch updates - TelegramConflictError: Telegram server says - Conflict: terminated by other getUpdates request; make sure that only one bot instance is running
2025-04-29 13:09:17,185 - aiogram.dispatcher - ERROR - Failed to fetch updates - TelegramConflictError: Telegram server says - Conflict: terminated by other getUpdates request; make sure that only one bot instance is running
2025-04-29 13:09:22,219 - aiogram.dispatcher - ERROR - Failed to fetch updates - TelegramConflictError: Telegram server says - Conflict: terminated by other getUpdates request; make sure that only one bot instance is running
2025-04-29 13:09:27,027 - aiogram.dispatcher - ERROR - Failed to fetch updates - TelegramConflictError: Telegram server says - Conflict: terminated by other getUpdates request; make sure that only one bot instance is running
2025-04-29 13:09:32,084 - aiogram.dispatcher - ERROR - Failed to fetch updates - TelegramConflictError: Telegram server says - Conflict: terminated by other getUpdates request; make sure that only one bot instance is running
2025-04-29 13:09:37,056 - aiogram.dispatcher - ERROR - Failed to fetch updates - TelegramConflictError: Telegram server says - Conflict: terminated by other getUpdates request; make sure that only one bot instance is running
2025-04-29 13:09:42,104 - aiogram.dispatcher - ERROR - Failed to fetch updates - TelegramConflictError: Telegram server says - Conflict: terminated by other getUpdates request; make sure that only one bot instance is running
2025-04-29 13:09:47,344 - aiogram.dispatcher - ERROR - Failed to fetch updates - TelegramConflictError: Telegram server says - Conflict: terminated by other getUpdates request; make sure that only one bot instance is running
2025-04-29 13:09:52,426 - aiogram.dispatcher - ERROR - Failed to fetch updates - TelegramConflictError: Telegram server says - Conflict: terminated by other getUpdates request; make sure that only one bot instance is running
2025-04-29 13:09:57,505 - aiogram.dispatcher - ERROR - Failed to fetch updates - TelegramConflictError: Telegram server says - Conflict: terminated by other getUpdates request; make sure that only one bot instance is running
2025-04-29 13:10:02,587 - aiogram.dispatcher - ERROR - Failed to fetch updates - TelegramConflictError: Telegram server says - Conflict: terminated by other getUpdates request; make sure that only one bot instance is running
2025-04-29 13:10:07,660 - aiogram.dispatcher - ERROR - Failed to fetch updates - TelegramConflictError: Telegram server says - Conflict: terminated by other getUpdates request; make sure that only one bot instance is running
2025-04-29 13:10:12,674 - aiogram.dispatcher - ERROR - Failed to fetch updates - TelegramConflictError: Telegram server says - Conflict: terminated by other getUpdates request; make sure that only one bot instance is running
2025-04-29 13:10:17,840 - aiogram.dispatcher - ERROR - Failed to fetch updates - TelegramConflictError: Telegram server says - Conflict: terminated by other getUpdates request; make sure that only one bot instance is running
2025-04-29 13:10:22,861 - aiogram.dispatcher - ERROR - Failed to fetch updates - TelegramConflictError: Telegram server says - Conflict: terminated by other getUpdates request; make sure that only one bot instance is running
2025-04-29 13:10:27,987 - aiogram.dispatcher - ERROR - Failed to fetch updates - TelegramConflictError: Telegram server says - Conflict: terminated by other getUpdates request; make sure that only one bot instance is running
2025-04-29 13:10:33,047 - aiogram.dispatcher - ERROR - Failed to fetch updates - TelegramConflictError: Telegram server says - Conflict: terminated by other getUpdates request; make sure that only one bot instance is running
2025-04-29 13:10:38,254 - aiogram.dispatcher - ERROR - Failed to fetch updates - TelegramConflictError: Telegram server says - Conflict: terminated by other getUpdates request; make sure that only one bot instance is running
2025-04-29 13:10:43,234 - aiogram.dispatcher - ERROR - Failed to fetch updates - TelegramConflictError: Telegram server says - Conflict: terminated by other getUpdates request; make sure that only one bot instance is running
2025-04-29 13:10:48,214 - aiogram.dispatcher - ERROR - Failed to fetch updates - TelegramConflictError: Telegram server says - Conflict: terminated by other getUpdates request; make sure that only one bot instance is running
2025-04-29 13:10:53,356 - aiogram.dispatcher - ERROR - Failed to fetch updates - TelegramConflictError: Telegram server says - Conflict: terminated by other getUpdates request; make sure that only one bot instance is running
2025-04-29 13:10:58,370 - aiogram.dispatcher - ERROR - Failed to fetch updates - TelegramConflictError: Telegram server says - Conflict: terminated by other getUpdates request; make sure that only one bot instance is running
2025-04-29 13:11:03,508 - aiogram.dispatcher - ERROR - Failed to fetch updates - TelegramConflictError: Telegram server says - Conflict: terminated by other getUpdates request; make sure that only one bot instance is running
2025-04-29 13:11:08,606 - aiogram.dispatcher - ERROR - Failed to fetch updates - TelegramConflictError: Telegram server says - Conflict: terminated by other getUpdates request; make sure that only one bot instance is running
2025-04-29 13:11:13,818 - aiogram.dispatcher - ERROR - Failed to fetch updates - TelegramConflictError: Telegram server says - Conflict: terminated by other getUpdates request; make sure that only one bot instance is running
2025-04-29 13:11:19,076 - aiogram.dispatcher - ERROR - Failed to fetch updates - TelegramConflictError: Telegram server says - Conflict: terminated by other getUpdates request; make sure that only one bot instance is running
2025-04-29 13:11:24,250 - aiogram.dispatcher - ERROR - Failed to fetch updates - TelegramConflictError: Telegram server says - Conflict: terminated by other getUpdates request; make sure that only one bot instance is running
2025-04-29 13:11:29,433 - aiogram.dispatcher - ERROR - Failed to fetch updates - TelegramConflictError: Telegram server says - Conflict: terminated by other getUpdates request; make sure that only one bot instance is running
2025-04-29 13:11:34,583 - aiogram.dispatcher - ERROR - Failed to fetch updates - TelegramConflictError: Telegram server says - Conflict: terminated by other getUpdates request; make sure that only one bot instance is running
2025-04-29 13:11:39,691 - aiogram.dispatcher - ERROR - Failed to fetch updates - TelegramConflictError: Telegram server says - Conflict: terminated by other getUpdates request; make sure that only one bot instance is running
2025-04-29 13:11:44,754 - aiogram.dispatcher - ERROR - Failed to fetch updates - TelegramConflictError: Telegram server says - Conflict: terminated by other getUpdates request; make sure that only one bot instance is running
2025-04-29 13:11:49,860 - aiogram.dispatcher - ERROR - Failed to fetch updates - TelegramConflictError: Telegram server says - Conflict: terminated by other getUpdates request; make sure that only one bot instance is running
2025-04-29 13:11:54,873 - aiogram.dispatcher - ERROR - Failed to fetch updates - TelegramConflictError: Telegram server says - Conflict: terminated by other getUpdates request; make sure that only one bot instance is running
2025-04-29 13:12:00,050 - aiogram.dispatcher - ERROR - Failed to fetch updates - TelegramConflictError: Telegram server says - Conflict: terminated by other getUpdates request; make sure that only one bot instance is running
2025-04-29 13:12:04,964 - aiogram.dispatcher - ERROR - Failed to fetch updates - TelegramConflictError: Telegram server says - Conflict: terminated by other getUpdates request; make sure that only one bot instance is running
2025-04-29 13:12:10,028 - aiogram.dispatcher - ERROR - Failed to fetch updates - TelegramConflictError: Telegram server says - Conflict: terminated by other getUpdates request; make sure that only one bot instance is running
2025-04-29 13:12:15,068 - aiogram.dispatcher - ERROR - Failed to fetch updates - TelegramConflictError: Telegram server says - Conflict: terminated by other getUpdates request; make sure that only one bot instance is running
2025-04-29 13:12:19,914 - aiogram.dispatcher - ERROR - Failed to fetch updates - TelegramConflictError: Telegram server says - Conflict: terminated by other getUpdates request; make sure that only one bot instance is running
2025-04-29 13:12:24,857 - aiogram.dispatcher - ERROR - Failed to fetch updates - TelegramConflictError: Telegram server says - Conflict: terminated by other getUpdates request; make sure that only one bot instance is running
2025-04-29 13:12:29,864 - aiogram.dispatcher - ERROR - Failed to fetch updates - TelegramConflictError: Telegram server says - Conflict: terminated by other getUpdates request; make sure that only one bot instance is running
2025-04-29 13:12:34,801 - aiogram.dispatcher - ERROR - Failed to fetch updates - TelegramConflictError: Telegram server says - Conflict: terminated by other getUpdates request; make sure that only one bot instance is running
2025-04-29 13:12:39,767 - aiogram.dispatcher - ERROR - Failed to fetch updates - TelegramConflictError: Telegram server says - Conflict: terminated by other getUpdates request; make sure that only one bot instance is running
2025-04-29 13:12:44,797 - aiogram.dispatcher - ERROR - Failed to fetch updates - TelegramConflictError: Telegram server says - Conflict: terminated by other getUpdates request; make sure that only one bot instance is running
2025-04-29 13:12:49,680 - aiogram.dispatcher - ERROR - Failed to fetch updates - TelegramConflictError: Telegram server says - Conflict: terminated by other getUpdates request; make sure that only one bot instance is running
2025-04-29 13:12:54,748 - aiogram.dispatcher - ERROR - Failed to fetch updates - TelegramConflictError: Telegram server says - Conflict: terminated by other getUpdates request; make sure that only one bot instance is running
2025-04-29 13:12:59,699 - aiogram.dispatcher - ERROR - Failed to fetch updates - TelegramConflictError: Telegram server says - Conflict: terminated by other getUpdates request; make sure that only one bot instance is running
2025-04-29 13:13:04,883 - aiogram.dispatcher - ERROR - Failed to fetch updates - TelegramConflictError: Telegram server says - Conflict: terminated by other getUpdates request; make sure that only one bot instance is running
2025-04-29 13:13:09,951 - aiogram.dispatcher - ERROR - Failed to fetch updates - TelegramConflictError: Telegram server says - Conflict: terminated by other getUpdates request; make sure that only one bot instance is running
2025-04-29 13:13:14,935 - aiogram.dispatcher - ERROR - Failed to fetch updates - TelegramConflictError: Telegram server says - Conflict: terminated by other getUpdates request; make sure that only one bot instance is running
2025-04-29 13:13:19,984 - aiogram.dispatcher - ERROR - Failed to fetch updates - TelegramConflictError: Telegram server says - Conflict: terminated by other getUpdates request; make sure that only one bot instance is running
2025-04-29 13:13:25,135 - aiogram.dispatcher - ERROR - Failed to fetch updates - TelegramConflictError: Telegram server says - Conflict: terminated by other getUpdates request; make sure that only one bot instance is running
2025-04-29 13:13:30,197 - aiogram.dispatcher - ERROR - Failed to fetch updates - TelegramConflictError: Telegram server says - Conflict: terminated by other getUpdates request; make sure that only one bot instance is running
2025-04-29 13:13:35,144 - aiogram.dispatcher - ERROR - Failed to fetch updates - TelegramConflictError: Telegram server says - Conflict: terminated by other getUpdates request; make sure that only one bot instance is running
2025-04-29 13:13:40,174 - aiogram.dispatcher - ERROR - Failed to fetch updates - TelegramConflictError: Telegram server says - Conflict: terminated by other getUpdates request; make sure that only one bot instance is running
2025-04-29 13:13:46,418 - aiogram.dispatcher - ERROR - Failed to fetch updates - TelegramConflictError: Telegram server says - Conflict: terminated by other getUpdates request; make sure that only one bot instance is running
2025-04-29 13:13:51,397 - aiogram.dispatcher - ERROR - Failed to fetch updates - TelegramConflictError: Telegram server says - Conflict: terminated by other getUpdates request; make sure that only one bot instance is running
2025-04-29 13:13:56,406 - aiogram.dispatcher - ERROR - Failed to fetch updates - TelegramConflictError: Telegram server says - Conflict: terminated by other getUpdates request; make sure that only one bot instance is running
2025-04-29 13:14:01,532 - aiogram.dispatcher - ERROR - Failed to fetch updates - TelegramConflictError: Telegram server says - Conflict: terminated by other getUpdates request; make sure that only one bot instance is running
2025-04-29 13:14:06,590 - aiogram.dispatcher - ERROR - Failed to fetch updates - TelegramConflictError: Telegram server says - Conflict: terminated by other getUpdates request; make sure that only one bot instance is running
2025-04-29 13:14:11,605 - aiogram.dispatcher - ERROR - Failed to fetch updates - TelegramConflictError: Telegram server says - Conflict: terminated by other getUpdates request; make sure that only one bot instance is running
2025-04-29 13:14:16,499 - aiogram.dispatcher - ERROR - Failed to fetch updates - TelegramConflictError: Telegram server says - Conflict: terminated by other getUpdates request; make sure that only one bot instance is running
2025-04-29 13:14:21,539 - aiogram.dispatcher - ERROR - Failed to fetch updates - TelegramConflictError: Telegram server says - Conflict: terminated by other getUpdates request; make sure that only one bot instance is running
2025-04-29 13:14:26,618 - aiogram.dispatcher - ERROR - Failed to fetch updates - TelegramConflictError: Telegram server says - Conflict: terminated by other getUpdates request; make sure that only one bot instance is running
2025-04-29 13:14:31,656 - aiogram.dispatcher - ERROR - Failed to fetch updates - TelegramConflictError: Telegram server says - Conflict: terminated by other getUpdates request; make sure that only one bot instance is running
2025-04-29 13:14:36,736 - aiogram.dispatcher - ERROR - Failed to fetch updates - TelegramConflictError: Telegram server says - Conflict: terminated by other getUpdates request; make sure that only one bot instance is running
2025-04-29 13:14:41,693 - aiogram.dispatcher - ERROR - Failed to fetch updates - TelegramConflictError: Telegram server says - Conflict: terminated by other getUpdates request; make sure that only one bot instance is running
2025-04-29 13:14:46,663 - aiogram.dispatcher - ERROR - Failed to fetch updates - TelegramConflictError: Telegram server says - Conflict: terminated by other getUpdates request; make sure that only one bot instance is running
2025-04-29 13:14:51,945 - aiogram.dispatcher - ERROR - Failed to fetch updates - TelegramConflictError: Telegram server says - Conflict: terminated by other getUpdates request; make sure that only one bot instance is running
2025-04-29 13:14:57,129 - aiogram.dispatcher - ERROR - Failed to fetch updates - TelegramConflictError: Telegram server says - Conflict: terminated by other getUpdates request; make sure that only one bot instance is running
2025-04-29 13:15:02,155 - aiogram.dispatcher - ERROR - Failed to fetch updates - TelegramConflictError: Telegram server says - Conflict: terminated by other getUpdates request; make sure that only one bot instance is running
2025-04-29 13:15:07,451 - aiogram.dispatcher - ERROR - Failed to fetch updates - TelegramConflictError: Telegram server says - Conflict: terminated by other getUpdates request; make sure that only one bot instance is running
2025-04-29 13:15:12,504 - aiogram.dispatcher - ERROR - Failed to fetch updates - TelegramConflictError: Telegram server says - Conflict: terminated by other getUpdates request; make sure that only one bot instance is running
2025-04-29 13:15:17,579 - aiogram.dispatcher - ERROR - Failed to fetch updates - TelegramConflictError: Telegram server says - Conflict: terminated by other getUpdates request; make sure that only one bot instance is running
2025-04-29 13:15:22,631 - aiogram.dispatcher - ERROR - Failed to fetch updates - TelegramConflictError: Telegram server says - Conflict: terminated by other getUpdates request; make sure that only one bot instance is running
2025-04-29 13:15:27,627 - aiogram.dispatcher - ERROR - Failed to fetch updates - TelegramConflictError: Telegram server says - Conflict: terminated by other getUpdates request; make sure that only one bot instance is running
2025-04-29 13:15:32,582 - aiogram.dispatcher - ERROR - Failed to fetch updates - TelegramConflictError: Telegram server says - Conflict: terminated by other getUpdates request; make sure that only one bot instance is running
2025-04-29 13:15:37,639 - aiogram.dispatcher - ERROR - Failed to fetch updates - TelegramConflictError: Telegram server says - Conflict: terminated by other getUpdates request; make sure that only one bot instance is running
2025-04-29 13:15:42,639 - aiogram.dispatcher - ERROR - Failed to fetch updates - TelegramConflictError: Telegram server says - Conflict: terminated by other getUpdates request; make sure that only one bot instance is running
2025-04-29 13:15:47,771 - aiogram.dispatcher - ERROR - Failed to fetch updates - TelegramConflictError: Telegram server says - Conflict: terminated by other getUpdates request; make sure that only one bot instance is running
2025-04-29 13:15:52,817 - aiogram.dispatcher - ERROR - Failed to fetch updates - TelegramConflictError: Telegram server says - Conflict: terminated by other getUpdates request; make sure that only one bot instance is running
2025-04-29 13:15:57,882 - aiogram.dispatcher - ERROR - Failed to fetch updates - TelegramConflictError: Telegram server says - Conflict: terminated by other getUpdates request; make sure that only one bot instance is running
2025-04-29 13:16:03,035 - aiogram.dispatcher - ERROR - Failed to fetch updates - TelegramConflictError: Telegram server says - Conflict: terminated by other getUpdates request; make sure that only one bot instance is running
2025-04-29 13:16:08,204 - aiogram.dispatcher - ERROR - Failed to fetch updates - TelegramConflictError: Telegram server says - Conflict: terminated by other getUpdates request; make sure that only one bot instance is running
2025-04-29 13:16:13,302 - aiogram.dispatcher - ERROR - Failed to fetch updates - TelegramConflictError: Telegram server says - Conflict: terminated by other getUpdates request; make sure that only one bot instance is running
2025-04-29 13:16:18,355 - aiogram.dispatcher - ERROR - Failed to fetch updates - TelegramConflictError: Telegram server says - Conflict: terminated by other getUpdates request; make sure that only one bot instance is running
2025-04-29 13:16:23,498 - aiogram.dispatcher - ERROR - Failed to fetch updates - TelegramConflictError: Telegram server says - Conflict: terminated by other getUpdates request; make sure that only one bot instance is running
2025-04-29 13:16:28,594 - aiogram.dispatcher - ERROR - Failed to fetch updates - TelegramConflictError: Telegram server says - Conflict: terminated by other getUpdates request; make sure that only one bot instance is running
2025-04-29 13:16:33,702 - aiogram.dispatcher - ERROR - Failed to fetch updates - TelegramConflictError: Telegram server says - Conflict: terminated by other getUpdates request; make sure that only one bot instance is running
2025-04-29 13:16:38,691 - aiogram.dispatcher - ERROR - Failed to fetch updates - TelegramConflictError: Telegram server says - Conflict: terminated by other getUpdates request; make sure that only one bot instance is running
2025-04-29 13:16:44,243 - aiogram.dispatcher - ERROR - Failed to fetch updates - TelegramConflictError: Telegram server says - Conflict: terminated by other getUpdates request; make sure that only one bot instance is running
2025-04-29 13:16:49,299 - aiogram.dispatcher - ERROR - Failed to fetch updates - TelegramConflictError: Telegram server says - Conflict: terminated by other getUpdates request; make sure that only one bot instance is running
2025-04-29 13:16:54,264 - aiogram.dispatcher - ERROR - Failed to fetch updates - TelegramConflictError: Telegram server says - Conflict: terminated by other getUpdates request; make sure that only one bot instance is running
2025-04-29 13:16:59,382 - aiogram.dispatcher - ERROR - Failed to fetch updates - TelegramConflictError: Telegram server says - Conflict: terminated by other getUpdates request; make sure that only one bot instance is running
2025-04-29 13:17:04,446 - aiogram.dispatcher - ERROR - Failed to fetch updates - TelegramConflictError: Telegram server says - Conflict: terminated by other getUpdates request; make sure that only one bot instance is running
2025-04-29 13:17:09,655 - aiogram.dispatcher - ERROR - Failed to fetch updates - TelegramConflictError: Telegram server says - Conflict: terminated by other getUpdates request; make sure that only one bot instance is running
2025-04-29 13:17:14,781 - aiogram.dispatcher - ERROR - Failed to fetch updates - TelegramConflictError: Telegram server says - Conflict: terminated by other getUpdates request; make sure that only one bot instance is running
2025-04-29 13:17:20,014 - aiogram.dispatcher - ERROR - Failed to fetch updates - TelegramConflictError: Telegram server says - Conflict: terminated by other getUpdates request; make sure that only one bot instance is running
2025-04-29 13:17:24,992 - aiogram.dispatcher - ERROR - Failed to fetch updates - TelegramConflictError: Telegram server says - Conflict: terminated by other getUpdates request; make sure that only one bot instance is running
2025-04-29 13:17:29,931 - aiogram.dispatcher - ERROR - Failed to fetch updates - TelegramConflictError: Telegram server says - Conflict: terminated by other getUpdates request; make sure that only one bot instance is running
2025-04-29 13:17:35,002 - aiogram.dispatcher - ERROR - Failed to fetch updates - TelegramConflictError: Telegram server says - Conflict: terminated by other getUpdates request; make sure that only one bot instance is running
2025-04-29 13:17:39,993 - aiogram.dispatcher - ERROR - Failed to fetch updates - TelegramConflictError: Telegram server says - Conflict: terminated by other getUpdates request; make sure that only one bot instance is running
2025-04-29 13:17:44,924 - aiogram.dispatcher - ERROR - Failed to fetch updates - TelegramConflictError: Telegram server says - Conflict: terminated by other getUpdates request; make sure that only one bot instance is running
2025-04-29 13:17:50,128 - aiogram.dispatcher - ERROR - Failed to fetch updates - TelegramConflictError: Telegram server says - Conflict: terminated by other getUpdates request; make sure that only one bot instance is running
2025-04-29 13:17:55,234 - aiogram.dispatcher - ERROR - Failed to fetch updates - TelegramConflictError: Telegram server says - Conflict: terminated by other getUpdates request; make sure that only one bot instance is running
2025-04-29 13:18:00,184 - aiogram.dispatcher - ERROR - Failed to fetch updates - TelegramConflictError: Telegram server says - Conflict: terminated by other getUpdates request; make sure that only one bot instance is running
2025-04-29 13:18:05,201 - aiogram.dispatcher - ERROR - Failed to fetch updates - TelegramConflictError: Telegram server says - Conflict: terminated by other getUpdates request; make sure that only one bot instance is running
2025-04-29 13:18:10,267 - aiogram.dispatcher - ERROR - Failed to fetch updates - TelegramConflictError: Telegram server says - Conflict: terminated by other getUpdates request; make sure that only one bot instance is running
2025-04-29 13:18:15,404 - aiogram.dispatcher - ERROR - Failed to fetch updates - TelegramConflictError: Telegram server says - Conflict: terminated by other getUpdates request; make sure that only one bot instance is running
2025-04-29 13:18:20,432 - aiogram.dispatcher - ERROR - Failed to fetch updates - TelegramConflictError: Telegram server says - Conflict: terminated by other getUpdates request; make sure that only one bot instance is running
2025-04-29 13:18:25,592 - aiogram.dispatcher - ERROR - Failed to fetch updates - TelegramConflictError: Telegram server says - Conflict: terminated by other getUpdates request; make sure that only one bot instance is running
2025-04-29 13:18:30,727 - aiogram.dispatcher - ERROR - Failed to fetch updates - TelegramConflictError: Telegram server says - Conflict: terminated by other getUpdates request; make sure that only one bot instance is running
2025-04-29 13:18:35,696 - aiogram.dispatcher - ERROR - Failed to fetch updates - TelegramConflictError: Telegram server says - Conflict: terminated by other getUpdates request; make sure that only one bot instance is running
2025-04-29 13:18:40,861 - aiogram.dispatcher - ERROR - Failed to fetch updates - TelegramConflictError: Telegram server says - Conflict: terminated by other getUpdates request; make sure that only one bot instance is running
2025-04-29 13:18:45,783 - aiogram.dispatcher - ERROR - Failed to fetch updates - TelegramConflictError: Telegram server says - Conflict: terminated by other getUpdates request; make sure that only one bot instance is running
2025-04-29 13:18:50,795 - aiogram.dispatcher - ERROR - Failed to fetch updates - TelegramConflictError: Telegram server says - Conflict: terminated by other getUpdates request; make sure that only one bot instance is running
2025-04-29 13:18:55,964 - aiogram.dispatcher - ERROR - Failed to fetch updates - TelegramConflictError: Telegram server says - Conflict: terminated by other getUpdates request; make sure that only one bot instance is running
2025-04-29 13:19:00,992 - aiogram.dispatcher - ERROR - Failed to fetch updates - TelegramConflictError: Telegram server says - Conflict: terminated by other getUpdates request; make sure that only one bot instance is running
2025-04-29 13:19:06,091 - aiogram.dispatcher - ERROR - Failed to fetch updates - TelegramConflictError: Telegram server says - Conflict: terminated by other getUpdates request; make sure that only one bot instance is running
2025-04-29 13:19:11,093 - aiogram.dispatcher - ERROR - Failed to fetch updates - TelegramConflictError: Telegram server says - Conflict: terminated by other getUpdates request; make sure that only one bot instance is running
2025-04-29 13:19:16,168 - aiogram.dispatcher - ERROR - Failed to fetch updates - TelegramConflictError: Telegram server says - Conflict: terminated by other getUpdates request; make sure that only one bot instance is running
2025-04-29 13:19:21,290 - aiogram.dispatcher - ERROR - Failed to fetch updates - TelegramConflictError: Telegram server says - Conflict: terminated by other getUpdates request; make sure that only one bot instance is running
2025-04-29 13:19:26,283 - aiogram.dispatcher - ERROR - Failed to fetch updates - TelegramConflictError: Telegram server says - Conflict: terminated by other getUpdates request; make sure that only one bot instance is running
2025-04-29 13:19:31,421 - aiogram.dispatcher - ERROR - Failed to fetch updates - TelegramConflictError: Telegram server says - Conflict: terminated by other getUpdates request; make sure that only one bot instance is running
2025-04-29 13:19:36,635 - aiogram.dispatcher - ERROR - Failed to fetch updates - TelegramConflictError: Telegram server says - Conflict: terminated by other getUpdates request; make sure that only one bot instance is running
2025-04-29 13:19:41,836 - aiogram.dispatcher - ERROR - Failed to fetch updates - TelegramConflictError: Telegram server says - Conflict: terminated by other getUpdates request; make sure that only one bot instance is running
2025-04-29 13:19:46,819 - aiogram.dispatcher - ERROR - Failed to fetch updates - TelegramConflictError: Telegram server says - Conflict: terminated by other getUpdates request; make sure that only one bot instance is running
2025-04-29 13:19:51,878 - aiogram.dispatcher - ERROR - Failed to fetch updates - TelegramConflictError: Telegram server says - Conflict: terminated by other getUpdates request; make sure that only one bot instance is running
2025-04-29 13:19:56,972 - aiogram.dispatcher - ERROR - Failed to fetch updates - TelegramConflictError: Telegram server says - Conflict: terminated by other getUpdates request; make sure that only one bot instance is running
2025-04-29 13:20:02,028 - aiogram.dispatcher - ERROR - Failed to fetch updates - TelegramConflictError: Telegram server says - Conflict: terminated by other getUpdates request; make sure that only one bot instance is running
2025-04-29 13:20:07,190 - aiogram.dispatcher - ERROR - Failed to fetch updates - TelegramConflictError: Telegram server says - Conflict: terminated by other getUpdates request; make sure that only one bot instance is running
2025-04-29 13:20:12,527 - aiogram.dispatcher - ERROR - Failed to fetch updates - TelegramConflictError: Telegram server says - Conflict: terminated by other getUpdates request; make sure that only one bot instance is running
2025-04-29 13:20:17,580 - aiogram.dispatcher - ERROR - Failed to fetch updates - TelegramConflictError: Telegram server says - Conflict: terminated by other getUpdates request; make sure that only one bot instance is running
2025-04-29 13:20:22,674 - aiogram.dispatcher - ERROR - Failed to fetch updates - TelegramConflictError: Telegram server says - Conflict: terminated by other getUpdates request; make sure that only one bot instance is running
2025-04-29 13:20:27,688 - aiogram.dispatcher - ERROR - Failed to fetch updates - TelegramConflictError: Telegram server says - Conflict: terminated by other getUpdates request; make sure that only one bot instance is running
2025-04-29 13:20:33,040 - aiogram.dispatcher - ERROR - Failed to fetch updates - TelegramConflictError: Telegram server says - Conflict: terminated by other getUpdates request; make sure that only one bot instance is running
2025-04-29 13:20:38,150 - aiogram.dispatcher - ERROR - Failed to fetch updates - TelegramConflictError: Telegram server says - Conflict: terminated by other getUpdates request; make sure that only one bot instance is running
2025-04-29 13:20:43,375 - aiogram.dispatcher - ERROR - Failed to fetch updates - TelegramConflictError: Telegram server says - Conflict: terminated by other getUpdates request; make sure that only one bot instance is running
2025-04-29 13:20:48,514 - aiogram.dispatcher - ERROR - Failed to fetch updates - TelegramConflictError: Telegram server says - Conflict: terminated by other getUpdates request; make sure that only one bot instance is running
2025-04-29 13:20:53,484 - aiogram.dispatcher - ERROR - Failed to fetch updates - TelegramConflictError: Telegram server says - Conflict: terminated by other getUpdates request; make sure that only one bot instance is running
2025-04-29 13:20:58,475 - aiogram.dispatcher - ERROR - Failed to fetch updates - TelegramConflictError: Telegram server says - Conflict: terminated by other getUpdates request; make sure that only one bot instance is running
2025-04-29 13:21:03,636 - aiogram.dispatcher - ERROR - Failed to fetch updates - TelegramConflictError: Telegram server says - Conflict: terminated by other getUpdates request; make sure that only one bot instance is running
2025-04-29 13:21:08,762 - aiogram.dispatcher - ERROR - Failed to fetch updates - TelegramConflictError: Telegram server says - Conflict: terminated by other getUpdates request; make sure that only one bot instance is running
2025-04-29 13:21:13,742 - aiogram.dispatcher - ERROR - Failed to fetch updates - TelegramConflictError: Telegram server says - Conflict: terminated by other getUpdates request; make sure that only one bot instance is running
2025-04-29 13:21:18,841 - aiogram.dispatcher - ERROR - Failed to fetch updates - TelegramConflictError: Telegram server says - Conflict: terminated by other getUpdates request; make sure that only one bot instance is running
2025-04-29 13:21:24,500 - aiogram.dispatcher - ERROR - Failed to fetch updates - TelegramConflictError: Telegram server says - Conflict: terminated by other getUpdates request; make sure that only one bot instance is running
2025-04-29 13:21:29,480 - aiogram.dispatcher - ERROR - Failed to fetch updates - TelegramConflictError: Telegram server says - Conflict: terminated by other getUpdates request; make sure that only one bot instance is running
2025-04-29 13:21:34,622 - aiogram.dispatcher - ERROR - Failed to fetch updates - TelegramConflictError: Telegram server says - Conflict: terminated by other getUpdates request; make sure that only one bot instance is running
2025-04-29 13:21:39,774 - aiogram.dispatcher - ERROR - Failed to fetch updates - TelegramConflictError: Telegram server says - Conflict: terminated by other getUpdates request; make sure that only one bot instance is running
2025-04-29 13:21:44,759 - aiogram.dispatcher - ERROR - Failed to fetch updates - TelegramConflictError: Telegram server says - Conflict: terminated by other getUpdates request; make sure that only one bot instance is running
2025-04-29 13:21:49,641 - aiogram.dispatcher - ERROR - Failed to fetch updates - TelegramConflictError: Telegram server says - Conflict: terminated by other getUpdates request; make sure that only one bot instance is running
2025-04-29 13:21:55,039 - aiogram.dispatcher - ERROR - Failed to fetch updates - TelegramConflictError: Telegram server says - Conflict: terminated by other getUpdates request; make sure that only one bot instance is running
2025-04-29 13:22:00,266 - aiogram.dispatcher - ERROR - Failed to fetch updates - TelegramConflictError: Telegram server says - Conflict: terminated by other getUpdates request; make sure that only one bot instance is running
2025-04-29 13:22:05,324 - aiogram.dispatcher - ERROR - Failed to fetch updates - TelegramConflictError: Telegram server says - Conflict: terminated by other getUpdates request; make sure that only one bot instance is running
2025-04-29 13:22:10,348 - aiogram.dispatcher - ERROR - Failed to fetch updates - TelegramConflictError: Telegram server says - Conflict: terminated by other getUpdates request; make sure that only one bot instance is running
2025-04-29 13:22:15,362 - aiogram.dispatcher - ERROR - Failed to fetch updates - TelegramConflictError: Telegram server says - Conflict: terminated by other getUpdates request; make sure that only one bot instance is running
2025-04-29 13:22:20,462 - aiogram.dispatcher - ERROR - Failed to fetch updates - TelegramConflictError: Telegram server says - Conflict: terminated by other getUpdates request; make sure that only one bot instance is running
2025-04-29 13:22:25,599 - aiogram.dispatcher - ERROR - Failed to fetch updates - TelegramConflictError: Telegram server says - Conflict: terminated by other getUpdates request; make sure that only one bot instance is running
2025-04-29 13:22:30,592 - aiogram.dispatcher - ERROR - Failed to fetch updates - TelegramConflictError: Telegram server says - Conflict: terminated by other getUpdates request; make sure that only one bot instance is running
2025-04-29 13:22:35,726 - aiogram.dispatcher - ERROR - Failed to fetch updates - TelegramConflictError: Telegram server says - Conflict: terminated by other getUpdates request; make sure that only one bot instance is running
2025-04-29 13:22:41,002 - aiogram.dispatcher - ERROR - Failed to fetch updates - TelegramConflictError: Telegram server says - Conflict: terminated by other getUpdates request; make sure that only one bot instance is running
2025-04-29 13:22:46,009 - aiogram.dispatcher - ERROR - Failed to fetch updates - TelegramConflictError: Telegram server says - Conflict: terminated by other getUpdates request; make sure that only one bot instance is running
2025-04-29 13:22:51,006 - aiogram.dispatcher - ERROR - Failed to fetch updates - TelegramConflictError: Telegram server says - Conflict: terminated by other getUpdates request; make sure that only one bot instance is running
2025-04-29 13:22:55,933 - aiogram.dispatcher - ERROR - Failed to fetch updates - TelegramConflictError: Telegram server says - Conflict: terminated by other getUpdates request; make sure that only one bot instance is running
2025-04-29 13:23:01,055 - aiogram.dispatcher - ERROR - Failed to fetch updates - TelegramConflictError: Telegram server says - Conflict: terminated by other getUpdates request; make sure that only one bot instance is running
2025-04-29 13:23:06,216 - aiogram.dispatcher - ERROR - Failed to fetch updates - TelegramConflictError: Telegram server says - Conflict: terminated by other getUpdates request; make sure that only one bot instance is running
2025-04-29 13:23:11,242 - aiogram.dispatcher - ERROR - Failed to fetch updates - TelegramConflictError: Telegram server says - Conflict: terminated by other getUpdates request; make sure that only one bot instance is running
2025-04-29 13:23:16,390 - aiogram.dispatcher - ERROR - Failed to fetch updates - TelegramConflictError: Telegram server says - Conflict: terminated by other getUpdates request; make sure that only one bot instance is running
2025-04-29 13:23:21,363 - aiogram.dispatcher - ERROR - Failed to fetch updates - TelegramConflictError: Telegram server says - Conflict: terminated by other getUpdates request; make sure that only one bot instance is running
2025-04-29 13:23:26,313 - aiogram.dispatcher - ERROR - Failed to fetch updates - TelegramConflictError: Telegram server says - Conflict: terminated by other getUpdates request; make sure that only one bot instance is running
2025-04-29 13:23:31,373 - aiogram.dispatcher - ERROR - Failed to fetch updates - TelegramConflictError: Telegram server says - Conflict: terminated by other getUpdates request; make sure that only one bot instance is running
2025-04-29 13:23:36,833 - aiogram.dispatcher - ERROR - Failed to fetch updates - TelegramConflictError: Telegram server says - Conflict: terminated by other getUpdates request; make sure that only one bot instance is running
2025-04-29 13:23:41,901 - aiogram.dispatcher - ERROR - Failed to fetch updates - TelegramConflictError: Telegram server says - Conflict: terminated by other getUpdates request; make sure that only one bot instance is running
2025-04-29 13:23:46,970 - aiogram.dispatcher - ERROR - Failed to fetch updates - TelegramConflictError: Telegram server says - Conflict: terminated by other getUpdates request; make sure that only one bot instance is running
2025-04-29 13:23:52,021 - aiogram.dispatcher - ERROR - Failed to fetch updates - TelegramConflictError: Telegram server says - Conflict: terminated by other getUpdates request; make sure that only one bot instance is running
2025-04-29 13:23:57,018 - aiogram.dispatcher - ERROR - Failed to fetch updates - TelegramConflictError: Telegram server says - Conflict: terminated by other getUpdates request; make sure that only one bot instance is running
2025-04-29 13:24:02,048 - aiogram.dispatcher - ERROR - Failed to fetch updates - TelegramConflictError: Telegram server says - Conflict: terminated by other getUpdates request; make sure that only one bot instance is running
2025-04-29 13:24:07,005 - aiogram.dispatcher - ERROR - Failed to fetch updates - TelegramConflictError: Telegram server says - Conflict: terminated by other getUpdates request; make sure that only one bot instance is running
2025-04-29 13:24:12,059 - aiogram.dispatcher - ERROR - Failed to fetch updates - TelegramConflictError: Telegram server says - Conflict: terminated by other getUpdates request; make sure that only one bot instance is running
2025-04-29 13:24:17,221 - aiogram.dispatcher - ERROR - Failed to fetch updates - TelegramConflictError: Telegram server says - Conflict: terminated by other getUpdates request; make sure that only one bot instance is running
2025-04-29 13:24:22,328 - aiogram.dispatcher - ERROR - Failed to fetch updates - TelegramConflictError: Telegram server says - Conflict: terminated by other getUpdates request; make sure that only one bot instance is running
2025-04-29 13:24:27,435 - aiogram.dispatcher - ERROR - Failed to fetch updates - TelegramConflictError: Telegram server says - Conflict: terminated by other getUpdates request; make sure that only one bot instance is running
2025-04-29 13:24:32,514 - aiogram.dispatcher - ERROR - Failed to fetch updates - TelegramConflictError: Telegram server says - Conflict: terminated by other getUpdates request; make sure that only one bot instance is running
2025-04-29 13:24:37,696 - aiogram.dispatcher - ERROR - Failed to fetch updates - TelegramConflictError: Telegram server says - Conflict: terminated by other getUpdates request; make sure that only one bot instance is running
2025-04-29 13:24:42,826 - aiogram.dispatcher - ERROR - Failed to fetch updates - TelegramConflictError: Telegram server says - Conflict: terminated by other getUpdates request; make sure that only one bot instance is running
2025-04-29 13:24:47,894 - aiogram.dispatcher - ERROR - Failed to fetch updates - TelegramConflictError: Telegram server says - Conflict: terminated by other getUpdates request; make sure that only one bot instance is running
2025-04-29 13:24:53,056 - aiogram.dispatcher - ERROR - Failed to fetch updates - TelegramConflictError: Telegram server says - Conflict: terminated by other getUpdates request; make sure that only one bot instance is running
2025-04-29 13:24:58,023 - aiogram.dispatcher - ERROR - Failed to fetch updates - TelegramConflictError: Telegram server says - Conflict: terminated by other getUpdates request; make sure that only one bot instance is running
2025-04-29 13:25:03,044 - aiogram.dispatcher - ERROR - Failed to fetch updates - TelegramConflictError: Telegram server says - Conflict: terminated by other getUpdates request; make sure that only one bot instance is running
2025-04-29 13:25:08,117 - aiogram.dispatcher - ERROR - Failed to fetch updates - TelegramConflictError: Telegram server says - Conflict: terminated by other getUpdates request; make sure that only one bot instance is running
2025-04-29 13:25:13,250 - aiogram.dispatcher - ERROR - Failed to fetch updates - TelegramConflictError: Telegram server says - Conflict: terminated by other getUpdates request; make sure that only one bot instance is running
2025-04-29 13:25:18,103 - aiogram.dispatcher - ERROR - Failed to fetch updates - TelegramConflictError: Telegram server says - Conflict: terminated by other getUpdates request; make sure that only one bot instance is running
2025-04-29 13:25:23,346 - aiogram.dispatcher - ERROR - Failed to fetch updates - TelegramConflictError: Telegram server says - Conflict: terminated by other getUpdates request; make sure that only one bot instance is running
2025-04-29 13:25:28,305 - aiogram.dispatcher - ERROR - Failed to fetch updates - TelegramConflictError: Telegram server says - Conflict: terminated by other getUpdates request; make sure that only one bot instance is running
2025-04-29 13:25:33,193 - aiogram.dispatcher - ERROR - Failed to fetch updates - TelegramConflictError: Telegram server says - Conflict: terminated by other getUpdates request; make sure that only one bot instance is running
2025-04-29 13:25:38,211 - aiogram.dispatcher - ERROR - Failed to fetch updates - TelegramConflictError: Telegram server says - Conflict: terminated by other getUpdates request; make sure that only one bot instance is running
2025-04-29 13:25:43,269 - aiogram.dispatcher - ERROR - Failed to fetch updates - TelegramConflictError: Telegram server says - Conflict: terminated by other getUpdates request; make sure that only one bot instance is running
2025-04-29 13:25:48,426 - aiogram.dispatcher - ERROR - Failed to fetch updates - TelegramConflictError: Telegram server says - Conflict: terminated by other getUpdates request; make sure that only one bot instance is running
2025-04-29 13:25:53,489 - aiogram.dispatcher - ERROR - Failed to fetch updates - TelegramConflictError: Telegram server says - Conflict: terminated by other getUpdates request; make sure that only one bot instance is running
2025-04-29 13:25:58,474 - aiogram.dispatcher - ERROR - Failed to fetch updates - TelegramConflictError: Telegram server says - Conflict: terminated by other getUpdates request; make sure that only one bot instance is running
2025-04-29 13:26:03,484 - aiogram.dispatcher - ERROR - Failed to fetch updates - TelegramConflictError: Telegram server says - Conflict: terminated by other getUpdates request; make sure that only one bot instance is running
2025-04-29 13:26:08,582 - aiogram.dispatcher - ERROR - Failed to fetch updates - TelegramConflictError: Telegram server says - Conflict: terminated by other getUpdates request; make sure that only one bot instance is running
2025-04-29 13:26:13,639 - aiogram.dispatcher - ERROR - Failed to fetch updates - TelegramConflictError: Telegram server says - Conflict: terminated by other getUpdates request; make sure that only one bot instance is running
2025-04-29 13:26:18,692 - aiogram.dispatcher - ERROR - Failed to fetch updates - TelegramConflictError: Telegram server says - Conflict: terminated by other getUpdates request; make sure that only one bot instance is running
2025-04-29 13:26:23,749 - aiogram.dispatcher - ERROR - Failed to fetch updates - TelegramConflictError: Telegram server says - Conflict: terminated by other getUpdates request; make sure that only one bot instance is running
2025-04-29 13:26:28,819 - aiogram.dispatcher - ERROR - Failed to fetch updates - TelegramConflictError: Telegram server says - Conflict: terminated by other getUpdates request; make sure that only one bot instance is running
2025-04-29 13:26:34,024 - aiogram.dispatcher - ERROR - Failed to fetch updates - TelegramConflictError: Telegram server says - Conflict: terminated by other getUpdates request; make sure that only one bot instance is running
2025-04-29 13:26:39,181 - aiogram.dispatcher - ERROR - Failed to fetch updates - TelegramConflictError: Telegram server says - Conflict: terminated by other getUpdates request; make sure that only one bot instance is running
2025-04-29 13:26:44,203 - aiogram.dispatcher - ERROR - Failed to fetch updates - TelegramConflictError: Telegram server says - Conflict: terminated by other getUpdates request; make sure that only one bot instance is running
2025-04-29 13:26:49,341 - aiogram.dispatcher - ERROR - Failed to fetch updates - TelegramConflictError: Telegram server says - Conflict: terminated by other getUpdates request; make sure that only one bot instance is running
2025-04-29 13:26:54,283 - aiogram.dispatcher - ERROR - Failed to fetch updates - TelegramConflictError: Telegram server says - Conflict: terminated by other getUpdates request; make sure that only one bot instance is running
2025-04-29 13:26:59,351 - aiogram.dispatcher - ERROR - Failed to fetch updates - TelegramConflictError: Telegram server says - Conflict: terminated by other getUpdates request; make sure that only one bot instance is running
2025-04-29 13:27:04,487 - aiogram.dispatcher - ERROR - Failed to fetch updates - TelegramConflictError: Telegram server says - Conflict: terminated by other getUpdates request; make sure that only one bot instance is running
2025-04-29 13:27:09,635 - aiogram.dispatcher - ERROR - Failed to fetch updates - TelegramConflictError: Telegram server says - Conflict: terminated by other getUpdates request; make sure that only one bot instance is running
2025-04-29 13:27:14,674 - aiogram.dispatcher - ERROR - Failed to fetch updates - TelegramConflictError: Telegram server says - Conflict: terminated by other getUpdates request; make sure that only one bot instance is running
2025-04-29 13:27:19,800 - aiogram.dispatcher - ERROR - Failed to fetch updates - TelegramConflictError: Telegram server says - Conflict: terminated by other getUpdates request; make sure that only one bot instance is running
2025-04-29 13:27:24,884 - aiogram.dispatcher - ERROR - Failed to fetch updates - TelegramConflictError: Telegram server says - Conflict: terminated by other getUpdates request; make sure that only one bot instance is running
2025-04-29 13:27:29,924 - aiogram.dispatcher - ERROR - Failed to fetch updates - TelegramConflictError: Telegram server says - Conflict: terminated by other getUpdates request; make sure that only one bot instance is running
2025-04-29 13:27:35,147 - aiogram.dispatcher - ERROR - Failed to fetch updates - TelegramConflictError: Telegram server says - Conflict: terminated by other getUpdates request; make sure that only one bot instance is running
2025-04-29 13:27:40,387 - aiogram.dispatcher - ERROR - Failed to fetch updates - TelegramConflictError: Telegram server says - Conflict: terminated by other getUpdates request; make sure that only one bot instance is running
2025-04-29 13:27:45,378 - aiogram.dispatcher - ERROR - Failed to fetch updates - TelegramConflictError: Telegram server says - Conflict: terminated by other getUpdates request; make sure that only one bot instance is running
2025-04-29 13:27:50,524 - aiogram.dispatcher - ERROR - Failed to fetch updates - TelegramConflictError: Telegram server says - Conflict: terminated by other getUpdates request; make sure that only one bot instance is running
2025-04-29 13:27:55,669 - aiogram.dispatcher - ERROR - Failed to fetch updates - TelegramConflictError: Telegram server says - Conflict: terminated by other getUpdates request; make sure that only one bot instance is running
2025-04-29 13:28:00,763 - aiogram.dispatcher - ERROR - Failed to fetch updates - TelegramConflictError: Telegram server says - Conflict: terminated by other getUpdates request; make sure that only one bot instance is running
2025-04-29 13:28:05,770 - aiogram.dispatcher - ERROR - Failed to fetch updates - TelegramConflictError: Telegram server says - Conflict: terminated by other getUpdates request; make sure that only one bot instance is running
2025-04-29 13:28:10,857 - aiogram.dispatcher - ERROR - Failed to fetch updates - TelegramConflictError: Telegram server says - Conflict: terminated by other getUpdates request; make sure that only one bot instance is running
2025-04-29 13:28:16,033 - aiogram.dispatcher - ERROR - Failed to fetch updates - TelegramConflictError: Telegram server says - Conflict: terminated by other getUpdates request; make sure that only one bot instance is running
2025-04-29 13:28:21,133 - aiogram.dispatcher - ERROR - Failed to fetch updates - TelegramConflictError: Telegram server says - Conflict: terminated by other getUpdates request; make sure that only one bot instance is running
2025-04-29 13:28:26,267 - aiogram.dispatcher - ERROR - Failed to fetch updates - TelegramConflictError: Telegram server says - Conflict: terminated by other getUpdates request; make sure that only one bot instance is running
2025-04-29 13:28:31,383 - aiogram.dispatcher - ERROR - Failed to fetch updates - TelegramConflictError: Telegram server says - Conflict: terminated by other getUpdates request; make sure that only one bot instance is running
2025-04-29 13:28:36,769 - aiogram.dispatcher - ERROR - Failed to fetch updates - TelegramConflictError: Telegram server says - Conflict: terminated by other getUpdates request; make sure that only one bot instance is running
2025-04-29 13:28:41,732 - aiogram.dispatcher - ERROR - Failed to fetch updates - TelegramConflictError: Telegram server says - Conflict: terminated by other getUpdates request; make sure that only one bot instance is running
2025-04-29 13:28:46,799 - aiogram.dispatcher - ERROR - Failed to fetch updates - TelegramConflictError: Telegram server says - Conflict: terminated by other getUpdates request; make sure that only one bot instance is running
2025-04-29 13:28:52,516 - aiogram.dispatcher - ERROR - Failed to fetch updates - TelegramConflictError: Telegram server says - Conflict: terminated by other getUpdates request; make sure that only one bot instance is running
2025-04-29 13:28:57,634 - aiogram.dispatcher - ERROR - Failed to fetch updates - TelegramConflictError: Telegram server says - Conflict: terminated by other getUpdates request; make sure that only one bot instance is running
2025-04-29 13:29:02,571 - aiogram.dispatcher - ERROR - Failed to fetch updates - TelegramConflictError: Telegram server says - Conflict: terminated by other getUpdates request; make sure that only one bot instance is running
2025-04-29 13:29:07,601 - aiogram.dispatcher - ERROR - Failed to fetch updates - TelegramConflictError: Telegram server says - Conflict: terminated by other getUpdates request; make sure that only one bot instance is running
2025-04-29 13:29:12,723 - aiogram.dispatcher - ERROR - Failed to fetch updates - TelegramConflictError: Telegram server says - Conflict: terminated by other getUpdates request; make sure that only one bot instance is running
2025-04-29 13:29:17,919 - aiogram.dispatcher - ERROR - Failed to fetch updates - TelegramConflictError: Telegram server says - Conflict: terminated by other getUpdates request; make sure that only one bot instance is running
2025-04-29 13:29:23,061 - aiogram.dispatcher - ERROR - Failed to fetch updates - TelegramConflictError: Telegram server says - Conflict: terminated by other getUpdates request; make sure that only one bot instance is running
2025-04-29 13:29:28,077 - aiogram.dispatcher - ERROR - Failed to fetch updates - TelegramConflictError: Telegram server says - Conflict: terminated by other getUpdates request; make sure that only one bot instance is running
2025-04-29 13:29:33,266 - aiogram.dispatcher - ERROR - Failed to fetch updates - TelegramConflictError: Telegram server says - Conflict: terminated by other getUpdates request; make sure that only one bot instance is running
2025-04-29 13:29:38,419 - aiogram.dispatcher - ERROR - Failed to fetch updates - TelegramConflictError: Telegram server says - Conflict: terminated by other getUpdates request; make sure that only one bot instance is running
2025-04-29 13:29:43,524 - aiogram.dispatcher - ERROR - Failed to fetch updates - TelegramConflictError: Telegram server says - Conflict: terminated by other getUpdates request; make sure that only one bot instance is running
2025-04-29 13:29:48,617 - aiogram.dispatcher - ERROR - Failed to fetch updates - TelegramConflictError: Telegram server says - Conflict: terminated by other getUpdates request; make sure that only one bot instance is running
2025-04-29 13:29:53,626 - aiogram.dispatcher - ERROR - Failed to fetch updates - TelegramConflictError: Telegram server says - Conflict: terminated by other getUpdates request; make sure that only one bot instance is running
2025-04-29 13:29:58,905 - aiogram.dispatcher - ERROR - Failed to fetch updates - TelegramConflictError: Telegram server says - Conflict: terminated by other getUpdates request; make sure that only one bot instance is running
2025-04-29 13:30:03,734 - aiogram.dispatcher - ERROR - Failed to fetch updates - TelegramConflictError: Telegram server says - Conflict: terminated by other getUpdates request; make sure that only one bot instance is running
2025-04-29 13:30:08,796 - aiogram.dispatcher - ERROR - Failed to fetch updates - TelegramConflictError: Telegram server says - Conflict: terminated by other getUpdates request; make sure that only one bot instance is running
2025-04-29 13:30:13,910 - aiogram.dispatcher - ERROR - Failed to fetch updates - TelegramConflictError: Telegram server says - Conflict: terminated by other getUpdates request; make sure that only one bot instance is running
2025-04-29 13:30:18,925 - aiogram.dispatcher - ERROR - Failed to fetch updates - TelegramConflictError: Telegram server says - Conflict: terminated by other getUpdates request; make sure that only one bot instance is running
2025-04-29 13:30:23,890 - aiogram.dispatcher - ERROR - Failed to fetch updates - TelegramConflictError: Telegram server says - Conflict: terminated by other getUpdates request; make sure that only one bot instance is running
2025-04-29 13:30:29,074 - aiogram.dispatcher - ERROR - Failed to fetch updates - TelegramConflictError: Telegram server says - Conflict: terminated by other getUpdates request; make sure that only one bot instance is running
2025-04-29 13:30:34,190 - aiogram.dispatcher - ERROR - Failed to fetch updates - TelegramConflictError: Telegram server says - Conflict: terminated by other getUpdates request; make sure that only one bot instance is running
2025-04-29 13:30:39,307 - aiogram.dispatcher - ERROR - Failed to fetch updates - TelegramConflictError: Telegram server says - Conflict: terminated by other getUpdates request; make sure that only one bot instance is running
2025-04-29 13:30:44,472 - aiogram.dispatcher - ERROR - Failed to fetch updates - TelegramConflictError: Telegram server says - Conflict: terminated by other getUpdates request; make sure that only one bot instance is running
2025-04-29 13:30:49,473 - aiogram.dispatcher - ERROR - Failed to fetch updates - TelegramConflictError: Telegram server says - Conflict: terminated by other getUpdates request; make sure that only one bot instance is running
2025-04-29 13:30:54,551 - aiogram.dispatcher - ERROR - Failed to fetch updates - TelegramConflictError: Telegram server says - Conflict: terminated by other getUpdates request; make sure that only one bot instance is running
2025-04-29 13:30:59,666 - aiogram.dispatcher - ERROR - Failed to fetch updates - TelegramConflictError: Telegram server says - Conflict: terminated by other getUpdates request; make sure that only one bot instance is running
2025-04-29 13:31:04,721 - aiogram.dispatcher - ERROR - Failed to fetch updates - TelegramConflictError: Telegram server says - Conflict: terminated by other getUpdates request; make sure that only one bot instance is running
2025-04-29 13:31:09,683 - aiogram.dispatcher - ERROR - Failed to fetch updates - TelegramConflictError: Telegram server says - Conflict: terminated by other getUpdates request; make sure that only one bot instance is running
2025-04-29 13:31:14,848 - aiogram.dispatcher - ERROR - Failed to fetch updates - TelegramConflictError: Telegram server says - Conflict: terminated by other getUpdates request; make sure that only one bot instance is running
2025-04-29 13:31:19,887 - aiogram.dispatcher - ERROR - Failed to fetch updates - TelegramConflictError: Telegram server says - Conflict: terminated by other getUpdates request; make sure that only one bot instance is running
2025-04-29 13:31:25,033 - aiogram.dispatcher - ERROR - Failed to fetch updates - TelegramConflictError: Telegram server says - Conflict: terminated by other getUpdates request; make sure that only one bot instance is running
2025-04-29 13:31:30,137 - aiogram.dispatcher - ERROR - Failed to fetch updates - TelegramConflictError: Telegram server says - Conflict: terminated by other getUpdates request; make sure that only one bot instance is running
2025-04-29 13:31:35,210 - aiogram.dispatcher - ERROR - Failed to fetch updates - TelegramConflictError: Telegram server says - Conflict: terminated by other getUpdates request; make sure that only one bot instance is running
2025-04-29 13:31:40,195 - aiogram.dispatcher - ERROR - Failed to fetch updates - TelegramConflictError: Telegram server says - Conflict: terminated by other getUpdates request; make sure that only one bot instance is running
2025-04-29 13:31:45,292 - aiogram.dispatcher - ERROR - Failed to fetch updates - TelegramConflictError: Telegram server says - Conflict: terminated by other getUpdates request; make sure that only one bot instance is running
2025-04-29 13:31:50,291 - aiogram.dispatcher - ERROR - Failed to fetch updates - TelegramConflictError: Telegram server says - Conflict: terminated by other getUpdates request; make sure that only one bot instance is running
2025-04-29 13:31:55,334 - aiogram.dispatcher - ERROR - Failed to fetch updates - TelegramConflictError: Telegram server says - Conflict: terminated by other getUpdates request; make sure that only one bot instance is running
2025-04-29 13:32:00,329 - aiogram.dispatcher - ERROR - Failed to fetch updates - TelegramConflictError: Telegram server says - Conflict: terminated by other getUpdates request; make sure that only one bot instance is running
2025-04-29 13:32:05,502 - aiogram.dispatcher - ERROR - Failed to fetch updates - TelegramConflictError: Telegram server says - Conflict: terminated by other getUpdates request; make sure that only one bot instance is running
2025-04-29 13:32:10,583 - aiogram.dispatcher - ERROR - Failed to fetch updates - TelegramConflictError: Telegram server says - Conflict: terminated by other getUpdates request; make sure that only one bot instance is running
2025-04-29 13:32:15,684 - aiogram.dispatcher - ERROR - Failed to fetch updates - TelegramConflictError: Telegram server says - Conflict: terminated by other getUpdates request; make sure that only one bot instance is running
2025-04-29 13:32:20,784 - aiogram.dispatcher - ERROR - Failed to fetch updates - TelegramConflictError: Telegram server says - Conflict: terminated by other getUpdates request; make sure that only one bot instance is running
2025-04-29 13:32:25,848 - aiogram.dispatcher - ERROR - Failed to fetch updates - TelegramConflictError: Telegram server says - Conflict: terminated by other getUpdates request; make sure that only one bot instance is running
2025-04-29 13:32:30,999 - aiogram.dispatcher - ERROR - Failed to fetch updates - TelegramConflictError: Telegram server says - Conflict: terminated by other getUpdates request; make sure that only one bot instance is running
2025-04-29 13:32:36,106 - aiogram.dispatcher - ERROR - Failed to fetch updates - TelegramConflictError: Telegram server says - Conflict: terminated by other getUpdates request; make sure that only one bot instance is running
2025-04-29 13:32:41,213 - aiogram.dispatcher - ERROR - Failed to fetch updates - TelegramConflictError: Telegram server says - Conflict: terminated by other getUpdates request; make sure that only one bot instance is running
2025-04-29 13:32:46,285 - aiogram.dispatcher - ERROR - Failed to fetch updates - TelegramConflictError: Telegram server says - Conflict: terminated by other getUpdates request; make sure that only one bot instance is running
2025-04-29 13:32:51,353 - aiogram.dispatcher - ERROR - Failed to fetch updates - TelegramConflictError: Telegram server says - Conflict: terminated by other getUpdates request; make sure that only one bot instance is running
2025-04-29 13:32:56,335 - aiogram.dispatcher - ERROR - Failed to fetch updates - TelegramConflictError: Telegram server says - Conflict: terminated by other getUpdates request; make sure that only one bot instance is running
2025-04-29 13:33:01,302 - aiogram.dispatcher - ERROR - Failed to fetch updates - TelegramConflictError: Telegram server says - Conflict: terminated by other getUpdates request; make sure that only one bot instance is running
2025-04-29 13:33:06,495 - aiogram.dispatcher - ERROR - Failed to fetch updates - TelegramConflictError: Telegram server says - Conflict: terminated by other getUpdates request; make sure that only one bot instance is running
2025-04-29 13:33:11,729 - aiogram.dispatcher - ERROR - Failed to fetch updates - TelegramConflictError: Telegram server says - Conflict: terminated by other getUpdates request; make sure that only one bot instance is running
2025-04-29 13:33:17,019 - aiogram.dispatcher - ERROR - Failed to fetch updates - TelegramConflictError: Telegram server says - Conflict: terminated by other getUpdates request; make sure that only one bot instance is running
2025-04-29 13:33:22,340 - aiogram.dispatcher - ERROR - Failed to fetch updates - TelegramConflictError: Telegram server says - Conflict: terminated by other getUpdates request; make sure that only one bot instance is running
2025-04-29 13:33:27,226 - aiogram.dispatcher - ERROR - Failed to fetch updates - TelegramConflictError: Telegram server says - Conflict: terminated by other getUpdates request; make sure that only one bot instance is running
2025-04-29 13:33:32,416 - aiogram.dispatcher - ERROR - Failed to fetch updates - TelegramConflictError: Telegram server says - Conflict: terminated by other getUpdates request; make sure that only one bot instance is running
2025-04-29 13:33:37,446 - aiogram.dispatcher - ERROR - Failed to fetch updates - TelegramConflictError: Telegram server says - Conflict: terminated by other getUpdates request; make sure that only one bot instance is running
2025-04-29 13:33:42,372 - aiogram.dispatcher - ERROR - Failed to fetch updates - TelegramConflictError: Telegram server says - Conflict: terminated by other getUpdates request; make sure that only one bot instance is running
2025-04-29 13:33:47,433 - aiogram.dispatcher - ERROR - Failed to fetch updates - TelegramConflictError: Telegram server says - Conflict: terminated by other getUpdates request; make sure that only one bot instance is running
2025-04-29 13:33:52,679 - aiogram.dispatcher - ERROR - Failed to fetch updates - TelegramConflictError: Telegram server says - Conflict: terminated by other getUpdates request; make sure that only one bot instance is running
2025-04-29 13:33:57,688 - aiogram.dispatcher - ERROR - Failed to fetch updates - TelegramConflictError: Telegram server says - Conflict: terminated by other getUpdates request; make sure that only one bot instance is running
2025-04-29 13:34:02,809 - aiogram.dispatcher - ERROR - Failed to fetch updates - TelegramConflictError: Telegram server says - Conflict: terminated by other getUpdates request; make sure that only one bot instance is running
2025-04-29 13:34:07,784 - aiogram.dispatcher - ERROR - Failed to fetch updates - TelegramConflictError: Telegram server says - Conflict: terminated by other getUpdates request; make sure that only one bot instance is running
2025-04-29 13:34:12,603 - aiogram.dispatcher - ERROR - Failed to fetch updates - TelegramConflictError: Telegram server says - Conflict: terminated by other getUpdates request; make sure that only one bot instance is running
2025-04-29 13:34:17,839 - aiogram.dispatcher - ERROR - Failed to fetch updates - TelegramConflictError: Telegram server says - Conflict: terminated by other getUpdates request; make sure that only one bot instance is running
2025-04-29 13:34:22,896 - aiogram.dispatcher - ERROR - Failed to fetch updates - TelegramConflictError: Telegram server says - Conflict: terminated by other getUpdates request; make sure that only one bot instance is running
2025-04-29 13:34:27,883 - aiogram.dispatcher - ERROR - Failed to fetch updates - TelegramConflictError: Telegram server says - Conflict: terminated by other getUpdates request; make sure that only one bot instance is running
2025-04-29 13:34:33,132 - aiogram.dispatcher - ERROR - Failed to fetch updates - TelegramConflictError: Telegram server says - Conflict: terminated by other getUpdates request; make sure that only one bot instance is running
2025-04-29 13:34:38,045 - aiogram.dispatcher - ERROR - Failed to fetch updates - TelegramConflictError: Telegram server says - Conflict: terminated by other getUpdates request; make sure that only one bot instance is running
2025-04-29 13:34:43,157 - aiogram.dispatcher - ERROR - Failed to fetch updates - TelegramConflictError: Telegram server says - Conflict: terminated by other getUpdates request; make sure that only one bot instance is running
2025-04-29 13:34:48,176 - aiogram.dispatcher - ERROR - Failed to fetch updates - TelegramConflictError: Telegram server says - Conflict: terminated by other getUpdates request; make sure that only one bot instance is running
2025-04-29 13:34:53,157 - aiogram.dispatcher - ERROR - Failed to fetch updates - TelegramConflictError: Telegram server says - Conflict: terminated by other getUpdates request; make sure that only one bot instance is running
2025-04-29 13:34:58,271 - aiogram.dispatcher - ERROR - Failed to fetch updates - TelegramConflictError: Telegram server says - Conflict: terminated by other getUpdates request; make sure that only one bot instance is running
2025-04-29 13:35:03,497 - aiogram.dispatcher - ERROR - Failed to fetch updates - TelegramConflictError: Telegram server says - Conflict: terminated by other getUpdates request; make sure that only one bot instance is running
2025-04-29 13:35:08,544 - aiogram.dispatcher - ERROR - Failed to fetch updates - TelegramConflictError: Telegram server says - Conflict: terminated by other getUpdates request; make sure that only one bot instance is running
2025-04-29 13:35:13,608 - aiogram.dispatcher - ERROR - Failed to fetch updates - TelegramConflictError: Telegram server says - Conflict: terminated by other getUpdates request; make sure that only one bot instance is running
2025-04-29 13:35:18,582 - aiogram.dispatcher - ERROR - Failed to fetch updates - TelegramConflictError: Telegram server says - Conflict: terminated by other getUpdates request; make sure that only one bot instance is running
2025-04-29 13:35:23,605 - aiogram.dispatcher - ERROR - Failed to fetch updates - TelegramConflictError: Telegram server says - Conflict: terminated by other getUpdates request; make sure that only one bot instance is running
2025-04-29 13:35:28,861 - aiogram.dispatcher - ERROR - Failed to fetch updates - TelegramConflictError: Telegram server says - Conflict: terminated by other getUpdates request; make sure that only one bot instance is running
2025-04-29 13:35:34,006 - aiogram.dispatcher - ERROR - Failed to fetch updates - TelegramConflictError: Telegram server says - Conflict: terminated by other getUpdates request; make sure that only one bot instance is running
2025-04-29 13:35:39,142 - aiogram.dispatcher - ERROR - Failed to fetch updates - TelegramConflictError: Telegram server says - Conflict: terminated by other getUpdates request; make sure that only one bot instance is running
2025-04-29 13:35:44,189 - aiogram.dispatcher - ERROR - Failed to fetch updates - TelegramConflictError: Telegram server says - Conflict: terminated by other getUpdates request; make sure that only one bot instance is running
2025-04-29 13:35:49,275 - aiogram.dispatcher - ERROR - Failed to fetch updates - TelegramConflictError: Telegram server says - Conflict: terminated by other getUpdates request; make sure that only one bot instance is running
2025-04-29 13:35:54,289 - aiogram.dispatcher - ERROR - Failed to fetch updates - TelegramConflictError: Telegram server says - Conflict: terminated by other getUpdates request; make sure that only one bot instance is running
2025-04-29 13:35:59,254 - aiogram.dispatcher - ERROR - Failed to fetch updates - TelegramConflictError: Telegram server says - Conflict: terminated by other getUpdates request; make sure that only one bot instance is running
2025-04-29 13:36:04,322 - aiogram.dispatcher - ERROR - Failed to fetch updates - TelegramConflictError: Telegram server says - Conflict: terminated by other getUpdates request; make sure that only one bot instance is running
2025-04-29 13:36:09,355 - aiogram.dispatcher - ERROR - Failed to fetch updates - TelegramConflictError: Telegram server says - Conflict: terminated by other getUpdates request; make sure that only one bot instance is running
2025-04-29 13:36:14,394 - aiogram.dispatcher - ERROR - Failed to fetch updates - TelegramConflictError: Telegram server says - Conflict: terminated by other getUpdates request; make sure that only one bot instance is running
2025-04-29 13:36:19,324 - aiogram.dispatcher - ERROR - Failed to fetch updates - TelegramConflictError: Telegram server says - Conflict: terminated by other getUpdates request; make sure that only one bot instance is running
2025-04-29 13:36:24,418 - aiogram.dispatcher - ERROR - Failed to fetch updates - TelegramConflictError: Telegram server says - Conflict: terminated by other getUpdates request; make sure that only one bot instance is running
2025-04-29 13:36:29,546 - aiogram.dispatcher - ERROR - Failed to fetch updates - TelegramConflictError: Telegram server says - Conflict: terminated by other getUpdates request; make sure that only one bot instance is running
2025-04-29 13:36:34,842 - aiogram.dispatcher - ERROR - Failed to fetch updates - TelegramConflictError: Telegram server says - Conflict: terminated by other getUpdates request; make sure that only one bot instance is running
2025-04-29 13:36:39,813 - aiogram.dispatcher - ERROR - Failed to fetch updates - TelegramConflictError: Telegram server says - Conflict: terminated by other getUpdates request; make sure that only one bot instance is running
2025-04-29 13:36:44,882 - aiogram.dispatcher - ERROR - Failed to fetch updates - TelegramConflictError: Telegram server says - Conflict: terminated by other getUpdates request; make sure that only one bot instance is running
2025-04-29 13:36:49,885 - aiogram.dispatcher - ERROR - Failed to fetch updates - TelegramConflictError: Telegram server says - Conflict: terminated by other getUpdates request; make sure that only one bot instance is running
2025-04-29 13:36:55,129 - aiogram.dispatcher - ERROR - Failed to fetch updates - TelegramConflictError: Telegram server says - Conflict: terminated by other getUpdates request; make sure that only one bot instance is running
2025-04-29 13:37:00,345 - aiogram.dispatcher - ERROR - Failed to fetch updates - TelegramConflictError: Telegram server says - Conflict: terminated by other getUpdates request; make sure that only one bot instance is running
2025-04-29 13:37:05,419 - aiogram.dispatcher - ERROR - Failed to fetch updates - TelegramConflictError: Telegram server says - Conflict: terminated by other getUpdates request; make sure that only one bot instance is running
2025-04-29 13:37:10,696 - aiogram.dispatcher - ERROR - Failed to fetch updates - TelegramConflictError: Telegram server says - Conflict: terminated by other getUpdates request; make sure that only one bot instance is running
2025-04-29 13:37:15,803 - aiogram.dispatcher - ERROR - Failed to fetch updates - TelegramConflictError: Telegram server says - Conflict: terminated by other getUpdates request; make sure that only one bot instance is running
2025-04-29 13:37:20,897 - aiogram.dispatcher - ERROR - Failed to fetch updates - TelegramConflictError: Telegram server says - Conflict: terminated by other getUpdates request; make sure that only one bot instance is running
2025-04-29 13:37:25,970 - aiogram.dispatcher - ERROR - Failed to fetch updates - TelegramConflictError: Telegram server says - Conflict: terminated by other getUpdates request; make sure that only one bot instance is running
2025-04-29 13:37:31,010 - aiogram.dispatcher - ERROR - Failed to fetch updates - TelegramConflictError: Telegram server says - Conflict: terminated by other getUpdates request; make sure that only one bot instance is running
2025-04-29 13:37:36,256 - aiogram.dispatcher - ERROR - Failed to fetch updates - TelegramConflictError: Telegram server says - Conflict: terminated by other getUpdates request; make sure that only one bot instance is running
2025-04-29 13:37:41,330 - aiogram.dispatcher - ERROR - Failed to fetch updates - TelegramConflictError: Telegram server says - Conflict: terminated by other getUpdates request; make sure that only one bot instance is running
2025-04-29 13:37:46,351 - aiogram.dispatcher - ERROR - Failed to fetch updates - TelegramConflictError: Telegram server says - Conflict: terminated by other getUpdates request; make sure that only one bot instance is running
2025-04-29 13:37:51,354 - aiogram.dispatcher - ERROR - Failed to fetch updates - TelegramConflictError: Telegram server says - Conflict: terminated by other getUpdates request; make sure that only one bot instance is running
2025-04-29 13:37:56,372 - aiogram.dispatcher - ERROR - Failed to fetch updates - TelegramConflictError: Telegram server says - Conflict: terminated by other getUpdates request; make sure that only one bot instance is running
2025-04-29 13:38:01,352 - aiogram.dispatcher - ERROR - Failed to fetch updates - TelegramConflictError: Telegram server says - Conflict: terminated by other getUpdates request; make sure that only one bot instance is running
2025-04-29 13:38:06,404 - aiogram.dispatcher - ERROR - Failed to fetch updates - TelegramConflictError: Telegram server says - Conflict: terminated by other getUpdates request; make sure that only one bot instance is running
2025-04-29 13:38:11,365 - aiogram.dispatcher - ERROR - Failed to fetch updates - TelegramConflictError: Telegram server says - Conflict: terminated by other getUpdates request; make sure that only one bot instance is running
2025-04-29 13:38:16,475 - aiogram.dispatcher - ERROR - Failed to fetch updates - TelegramConflictError: Telegram server says - Conflict: terminated by other getUpdates request; make sure that only one bot instance is running
2025-04-29 13:38:21,478 - aiogram.dispatcher - ERROR - Failed to fetch updates - TelegramConflictError: Telegram server says - Conflict: terminated by other getUpdates request; make sure that only one bot instance is running
2025-04-29 13:38:26,463 - aiogram.dispatcher - ERROR - Failed to fetch updates - TelegramConflictError: Telegram server says - Conflict: terminated by other getUpdates request; make sure that only one bot instance is running
2025-04-29 13:38:31,435 - aiogram.dispatcher - ERROR - Failed to fetch updates - TelegramConflictError: Telegram server says - Conflict: terminated by other getUpdates request; make sure that only one bot instance is running
2025-04-29 13:38:36,417 - aiogram.dispatcher - ERROR - Failed to fetch updates - TelegramConflictError: Telegram server says - Conflict: terminated by other getUpdates request; make sure that only one bot instance is running
2025-04-29 13:38:41,543 - aiogram.dispatcher - ERROR - Failed to fetch updates - TelegramConflictError: Telegram server says - Conflict: terminated by other getUpdates request; make sure that only one bot instance is running
2025-04-29 13:38:46,596 - aiogram.dispatcher - ERROR - Failed to fetch updates - TelegramConflictError: Telegram server says - Conflict: terminated by other getUpdates request; make sure that only one bot instance is running
2025-04-29 13:38:51,806 - aiogram.dispatcher - ERROR - Failed to fetch updates - TelegramConflictError: Telegram server says - Conflict: terminated by other getUpdates request; make sure that only one bot instance is running
2025-04-29 13:38:56,785 - aiogram.dispatcher - ERROR - Failed to fetch updates - TelegramConflictError: Telegram server says - Conflict: terminated by other getUpdates request; make sure that only one bot instance is running
2025-04-29 13:39:01,853 - aiogram.dispatcher - ERROR - Failed to fetch updates - TelegramConflictError: Telegram server says - Conflict: terminated by other getUpdates request; make sure that only one bot instance is running
2025-04-29 13:39:07,066 - aiogram.dispatcher - ERROR - Failed to fetch updates - TelegramConflictError: Telegram server says - Conflict: terminated by other getUpdates request; make sure that only one bot instance is running
2025-04-29 13:39:12,078 - aiogram.dispatcher - ERROR - Failed to fetch updates - TelegramConflictError: Telegram server says - Conflict: terminated by other getUpdates request; make sure that only one bot instance is running
2025-04-29 13:39:17,213 - aiogram.dispatcher - ERROR - Failed to fetch updates - TelegramConflictError: Telegram server says - Conflict: terminated by other getUpdates request; make sure that only one bot instance is running
2025-04-29 13:39:22,186 - aiogram.dispatcher - ERROR - Failed to fetch updates - TelegramConflictError: Telegram server says - Conflict: terminated by other getUpdates request; make sure that only one bot instance is running
2025-04-29 13:39:27,329 - aiogram.dispatcher - ERROR - Failed to fetch updates - TelegramConflictError: Telegram server says - Conflict: terminated by other getUpdates request; make sure that only one bot instance is running
2025-04-29 13:39:32,095 - aiogram.dispatcher - ERROR - Failed to fetch updates - TelegramConflictError: Telegram server says - Conflict: terminated by other getUpdates request; make sure that only one bot instance is running
2025-04-29 13:39:37,233 - aiogram.dispatcher - ERROR - Failed to fetch updates - TelegramConflictError: Telegram server says - Conflict: terminated by other getUpdates request; make sure that only one bot instance is running
2025-04-29 13:39:42,358 - aiogram.dispatcher - ERROR - Failed to fetch updates - TelegramConflictError: Telegram server says - Conflict: terminated by other getUpdates request; make sure that only one bot instance is running
2025-04-29 13:39:47,484 - aiogram.dispatcher - ERROR - Failed to fetch updates - TelegramConflictError: Telegram server says - Conflict: terminated by other getUpdates request; make sure that only one bot instance is running
2025-04-29 13:39:52,564 - aiogram.dispatcher - ERROR - Failed to fetch updates - TelegramConflictError: Telegram server says - Conflict: terminated by other getUpdates request; make sure that only one bot instance is running
2025-04-29 13:39:57,680 - aiogram.dispatcher - ERROR - Failed to fetch updates - TelegramConflictError: Telegram server says - Conflict: terminated by other getUpdates request; make sure that only one bot instance is running
2025-04-29 13:40:02,683 - aiogram.dispatcher - ERROR - Failed to fetch updates - TelegramConflictError: Telegram server says - Conflict: terminated by other getUpdates request; make sure that only one bot instance is running
2025-04-29 13:40:07,675 - aiogram.dispatcher - ERROR - Failed to fetch updates - TelegramConflictError: Telegram server says - Conflict: terminated by other getUpdates request; make sure that only one bot instance is running
2025-04-29 13:40:12,671 - aiogram.dispatcher - ERROR - Failed to fetch updates - TelegramConflictError: Telegram server says - Conflict: terminated by other getUpdates request; make sure that only one bot instance is running
2025-04-29 13:40:17,699 - aiogram.dispatcher - ERROR - Failed to fetch updates - TelegramConflictError: Telegram server says - Conflict: terminated by other getUpdates request; make sure that only one bot instance is running
2025-04-29 13:40:22,858 - aiogram.dispatcher - ERROR - Failed to fetch updates - TelegramConflictError: Telegram server says - Conflict: terminated by other getUpdates request; make sure that only one bot instance is running
2025-04-29 13:40:28,113 - aiogram.dispatcher - ERROR - Failed to fetch updates - TelegramConflictError: Telegram server says - Conflict: terminated by other getUpdates request; make sure that only one bot instance is running
2025-04-29 13:40:33,232 - aiogram.dispatcher - ERROR - Failed to fetch updates - TelegramConflictError: Telegram server says - Conflict: terminated by other getUpdates request; make sure that only one bot instance is running
2025-04-29 13:40:38,263 - aiogram.dispatcher - ERROR - Failed to fetch updates - TelegramConflictError: Telegram server says - Conflict: terminated by other getUpdates request; make sure that only one bot instance is running
2025-04-29 13:40:43,282 - aiogram.dispatcher - ERROR - Failed to fetch updates - TelegramConflictError: Telegram server says - Conflict: terminated by other getUpdates request; make sure that only one bot instance is running
2025-04-29 13:40:48,268 - aiogram.dispatcher - ERROR - Failed to fetch updates - TelegramConflictError: Telegram server says - Conflict: terminated by other getUpdates request; make sure that only one bot instance is running
2025-04-29 13:40:53,497 - aiogram.dispatcher - ERROR - Failed to fetch updates - TelegramConflictError: Telegram server says - Conflict: terminated by other getUpdates request; make sure that only one bot instance is running
2025-04-29 13:40:58,651 - aiogram.dispatcher - ERROR - Failed to fetch updates - TelegramConflictError: Telegram server says - Conflict: terminated by other getUpdates request; make sure that only one bot instance is running
2025-04-29 13:41:03,764 - aiogram.dispatcher - ERROR - Failed to fetch updates - TelegramConflictError: Telegram server says - Conflict: terminated by other getUpdates request; make sure that only one bot instance is running
2025-04-29 13:41:08,712 - aiogram.dispatcher - ERROR - Failed to fetch updates - TelegramConflictError: Telegram server says - Conflict: terminated by other getUpdates request; make sure that only one bot instance is running
2025-04-29 13:41:13,844 - aiogram.dispatcher - ERROR - Failed to fetch updates - TelegramConflictError: Telegram server says - Conflict: terminated by other getUpdates request; make sure that only one bot instance is running
2025-04-29 13:41:19,010 - aiogram.dispatcher - ERROR - Failed to fetch updates - TelegramConflictError: Telegram server says - Conflict: terminated by other getUpdates request; make sure that only one bot instance is running
2025-04-29 13:41:24,134 - aiogram.dispatcher - ERROR - Failed to fetch updates - TelegramConflictError: Telegram server says - Conflict: terminated by other getUpdates request; make sure that only one bot instance is running
2025-04-29 13:41:29,215 - aiogram.dispatcher - ERROR - Failed to fetch updates - TelegramConflictError: Telegram server says - Conflict: terminated by other getUpdates request; make sure that only one bot instance is running
2025-04-29 13:41:34,326 - aiogram.dispatcher - ERROR - Failed to fetch updates - TelegramConflictError: Telegram server says - Conflict: terminated by other getUpdates request; make sure that only one bot instance is running
2025-04-29 13:41:39,587 - aiogram.dispatcher - ERROR - Failed to fetch updates - TelegramConflictError: Telegram server says - Conflict: terminated by other getUpdates request; make sure that only one bot instance is running
2025-04-29 13:41:44,620 - aiogram.dispatcher - ERROR - Failed to fetch updates - TelegramConflictError: Telegram server says - Conflict: terminated by other getUpdates request; make sure that only one bot instance is running
2025-04-29 13:45:59,398 - __main__ - ERROR - ERROR_on_Starting Bot...: 'Router' object has no attribute 'tg_id'
2025-04-29 13:58:16,032 - __main__ - ERROR - ERROR_on_Starting Bot...: 'Router' object has no attribute 'tg_id'
2025-04-29 13:59:22,548 - __main__ - ERROR - ERROR_on_Starting Bot...: 'Router' object has no attribute 'tg_id'
2025-04-29 14:21:08,453 - __main__ - ERROR - ERROR_on_Starting Bot...: 'datetime.datetime' object is not subscriptable
2025-04-29 14:22:49,723 - __main__ - ERROR - ERROR_on_Starting Bot...: The following arguments have not been supplied: scheduler
2025-04-29 14:23:46,782 - __main__ - ERROR - ERROR_on_Starting Bot...: The following arguments have not been supplied: scheduler
2025-04-29 14:24:12,373 - __main__ - ERROR - ERROR_on_Starting Bot...: 'datetime.datetime' object is not subscriptable
2025-04-29 14:24:30,714 - __main__ - ERROR - ERROR_on_Starting Bot...: 'datetime.datetime' object is not subscriptable
2025-04-29 14:39:02,596 - __main__ - ERROR - ERROR_on_Starting Bot...: The following arguments have not been supplied: scheduler
2025-04-29 14:39:07,306 - __main__ - ERROR - ERROR_on_Starting Bot...: The following arguments have not been supplied: scheduler
